wavelength_nm,S0_x_sourcepower_normalized,S1_x_sourcepower_normalized,S2_x_sourcepower_normalized,S3_x_sourcepower_normalized,S0_y_sourcepower_normalized,S1_y_sourcepower_normalized,S2_y_sourcepower_normalized,S3_y_sourcepower_normalized,S0_pair_sourcepower_normalized,S1_pair_sourcepower_normalized,S2_pair_sourcepower_normalized,S3_pair_sourcepower_normalized,DoLP_pair,DoCP_pair,psi_pair_deg,psi_axis_ill_conditioned,useful_LP_axisfree_pair,useful_LP_over_S0_pair,upward_source_normalized_power_pair,x_y_S0_ratio,C_source,source_linear_Stokes_angle_deg,Poincare_separation_deg,individual_axis_confident
400.00000000000006,2.772170971736317,1.6258100093331003,0.032559334277189766,-0.082849276536939,2.8174773210336377,-1.208526408341575,0.008359605924687392,0.005301636912840132,2.7948241463849772,0.20864180049576264,0.020459470100938577,-0.038773819812049436,0.07501099177748892,-0.01387343810600829,2.800266924790601,True,1.5022333387244942,0.5375054958887444,0.006310059150124094,0.9839195336341876,0.14791207029005385,178.45639823444287,104.5712444659303,True
401.0000000000001,3.057189946611388,1.7173792002538781,0.013776909687182105,-0.09512689874343917,3.045614396974925,-1.365408363188258,0.0208537381139937,-0.001724786692890949,3.0514021717931565,0.17598541853281002,0.017315323900587903,-0.04842584271816506,0.05795211188092991,-0.01587002957715915,2.809642005271327,True,1.614118685923313,0.5289760559404649,0.006933681675553877,1.003800727251605,0.11471623861246136,178.66537561352098,104.58378088673955,True
402.0000000000001,3.3408771901405805,1.5171966064092022,-0.01821854846733197,-0.06713211083674198,3.2036026219384452,-1.2794451511569824,0.02056417955989317,0.020954036902999768,3.2722399060395126,0.11887572762610987,0.0011728155462805995,-0.023089036966871104,0.03633031695014913,-0.007056034285339561,0.2826279265716612,True,1.6955607094814271,0.5181651584750746,0.007434649716141722,1.0428500611349458,0.08500898589851322,179.76715615819938,100.45923963541085,True
403.0000000000001,3.2290528924862647,1.2108392760501867,-0.03830120285826263,-0.0359380284151389,3.2825262623388625,-1.2055685485194683,-0.0002752751515745488,0.03736013741998676,3.2557895774125636,0.002635363765359222,-0.01928823900491859,0.0007110545024239315,0.005979330587625799,0.00021839694658308344,138.89009120955828,True,1.63762850980983,0.502989665293813,0.007242949140331897,0.9837096901657393,0.016108674945953312,178.17514438704336,97.92316777335978,True
404.00000000000006,3.2812446832560336,1.1330481281686293,-0.021816364172930022,-0.02512114443128701,3.3111310363344355,-1.216968252292352,-0.006396916431519583,0.03199171090204457,3.2961878597952348,-0.041960062061861314,-0.014106640302224803,0.0034352832353787797,0.013430019635415895,0.0010421988616850818,99.29111829684717,True,1.6702278637371522,0.5067150098177079,0.007157146953489313,0.9909739745269981,0.037670882374546154,178.5957613595789,97.29488329965682,True
405.00000000000017,3.2596951258390447,1.2164917880570756,-0.0060325177769759005,-0.03465382807473385,3.260320905572022,-1.3220437872570292,-0.013968050787620433,0.030487219894241416,3.2600080157055333,-0.05277599959997681,-0.010000284282298167,-0.002083304090246216,0.016476983602146708,-0.0006390487631348188,95.36475516240384,True,1.6568615571615901,0.5082384918010734,0.006966953845055601,0.9998080619205589,0.04231827307993376,179.11053970856062,98.70916418758868,True
406.00000000000006,3.2424820839643163,1.1715931917344622,-0.009211297391998864,-0.017715133561180305,3.305231092993311,-1.3429000038764192,0.033263652111694283,0.04838553168364488,3.2738565884788136,-0.08565340607097849,0.01202617735984771,0.015335199061232287,0.02641946946522526,0.004684138918973765,86.00381250755682,True,1.680175071325828,0.5132097347326127,0.006978213343700501,0.9810152430303543,0.06878375549113694,179.03153434768262,98.4481104545044,True
407.0000000000001,3.2458918356764555,0.9784644488343163,0.013851209035185648,-0.03433573534268138,3.3877436365253306,-1.3652470748585526,0.06078436265199137,0.07529400991451282,3.316817736100893,-0.19339131301211815,0.03731778584358851,0.02047913728591572,0.05938189493952374,0.006174333025000676,84.53907532214362,True,1.7568883292197925,0.5296909474697619,0.007003694548534541,0.9581279411701983,0.1679704174253066,176.63969716106908,96.98678884780631,True
408.00000000000006,3.2302952589836,0.8703763166023538,0.017753042843512194,-0.06164085845044806,3.477811659709203,-1.4461973240096784,0.08607184392493386,0.0606557479720333,3.3540534593464013,-0.2879105037036623,0.05191244338422303,-0.0004925552392073818,0.08722376612798263,-0.00014685372346550645,84.8894788820004,True,1.8233033169325914,0.5436118830639913,0.007083290819416915,0.9288298433198366,0.25227563644577744,175.42550505973952,96.4444699089265,True
409.0,3.236711549981822,0.8797945119003108,0.004005127786135509,-0.06491725017717095,3.528486012969042,-1.4173271029171222,0.09982675576455868,0.05334395026658716,3.3825987814754317,-0.2687662955084057,0.0519159417753471,-0.0057866499552918955,0.08092432362562804,-0.0017107112989521796,84.53358687596635,True,1.8281666499816023,0.540462161812814,0.007102611296488304,0.9173088792431668,0.23796359977998266,175.71030510233703,96.28373790742899,True
410.00000000000017,3.223174261782126,0.8959824248207681,-0.012681359445196674,-0.08974332716461966,3.5461382346959986,-1.2990891743219288,0.09014732731170964,0.053613545597730655,3.3846562482390623,-0.20155337475058038,0.038732983933256485,-0.018064890783444504,0.0606387541822093,-0.005337289656177976,84.5609758004807,True,1.7949487932336547,0.5303193770911047,0.007145168564345115,0.908925159838965,0.18672856712374705,176.84133990338097,95.87488039450572,True
411.0,3.2090852673343093,0.9364743395240932,-0.03965008280679178,-0.11120192348217069,3.5387933294490392,-1.1756414575831977,0.08228093540406271,0.0584050258160124,3.373939298391674,-0.11958355902955226,0.021315426298635465,-0.026398448833079142,0.036001955204703236,-0.007824221628902167,84.94666802498678,True,1.7477038549378794,0.5180009776023516,0.007176886811393461,0.9068303708580623,0.1148186527538554,178.42094495555386,95.6128542824549,True
412.0000000000001,3.1371799979116517,0.9119660130927633,-0.05564272114582827,-0.08905146666586967,3.597861530414147,-1.1631046128307678,0.10131070759618904,0.041563382433603545,3.367520764162899,-0.12556929986900228,0.022833993225180385,-0.023744042116133065,0.03789984788058228,-0.007050897018606915,84.84686754535143,True,1.7475746444296876,0.5189499239402912,0.007249565820075938,0.8719568475306312,0.12265071634665854,178.51340837544893,95.43995944281602,True
413.0000000000001,3.0568912714214043,1.0629359696384775,-0.058275182900270006,-0.08759462290361641,3.6816683286582976,-1.1958659405050087,0.11001741141486268,0.021915980620096212,3.369279800039851,-0.06646498543326562,0.025871114257296338,-0.0328393211417601,0.021168490948324094,-0.009746688636951934,79.36590500809461,True,1.720301184494683,0.510584245474162,0.007277956018078902,0.8303005590227679,0.06296552597685674,177.88177654384336,96.52776661533099,True
414.00000000000006,3.0847212873335694,1.2769636084958824,-0.08653799808685804,-0.1173826132070432,3.799797742694981,-1.1767226073729493,0.08107483480432956,0.025222069129485162,3.442259515014275,0.05012050056146655,-0.00273158164126424,-0.04608027203877902,0.014581957328192246,-0.013386635097612018,178.44022490224125,True,1.7462271981873885,0.5072909786640961,0.007339543481724933,0.8118119690091061,0.04081872261177029,179.93554072435208,97.41456422137747,True
415.0000000000001,3.2611968353462584,1.5253035337956335,-0.12178663563884594,-0.15380243193052917,3.974710220436739,-1.1697430345063156,0.0394234517039725,0.033134502857835486,3.6179535278914985,0.177780249644659,-0.04118159196743672,-0.060333964536346846,0.050439466365584384,-0.01667626852341268,173.478923796852,True,1.9002205865869146,0.5252197331827921,0.007541065930303672,0.8204866907223037,0.13514775406933702,177.3652384847884,97.95583659064933,True
416.0,3.4026915035036778,1.5742780357493895,-0.16618501156379015,-0.17437880004442075,3.926750607028518,-1.21189537553984,0.021064343435727585,0.02949285120047385,3.6647210552660976,0.18119133010477473,-0.07256033406403128,-0.07244297442197345,0.05325921692345089,-0.019767663985741833,169.08787482694072,True,1.9299506144562262,0.5266296084617255,0.007493535049311618,0.8665412815912416,0.1396586314280411,174.96979728774772,98.24663809762582,True
417.00000000000006,3.5334035651140216,1.6914364856849327,-0.2210048573966572,-0.17089009557472906,3.852518681942115,-1.234421449736771,-0.021973416499417305,0.010823513389232715,3.692961123528068,0.22850751797408086,-0.12148913694803726,-0.08003329109274818,0.07007814310474449,-0.021671847716687693,166.00102289933014,True,1.975878490811463,0.5350390715523723,0.007474599981563692,0.917167146177933,0.17602581403780615,171.53605508593444,98.8103017909086,True
418.00000000000006,3.676236492635512,1.7303452053729165,-0.251537803429802,-0.11387951474276163,3.8951973650794964,-1.2407476624595382,-0.021889126516811578,0.0004647600269135991,3.7857169288575045,0.24479877145668916,-0.13671346497330678,-0.05670737735792401,0.0740645049159193,-0.01497929676824458,165.40891388016917,True,2.033052089472575,0.5370322524579596,0.007663120713530893,0.9437869632981959,0.1875830498401164,170.7182306961568,98.60069795325285,True
419.0000000000001,3.620788189506551,1.5890066371719502,-0.22718083226442162,-0.05959827984407482,3.863661962998787,-1.3556954017161091,0.028153688463364985,0.029872601722782832,3.742225076252669,0.11665561772792055,-0.09951357190052831,-0.014862839060645994,0.040974165530477884,-0.00397165824016366,159.76701101951238,True,1.9477798129896755,0.5204870827652389,0.007704062302138632,0.9371389692426071,0.10356411068325075,173.05323012465888,98.8919748539686,True
420.00000000000017,3.3424892638481403,1.4315749396967112,-0.18499546747437065,-0.05826139522537608,3.7859500185979673,-1.4326744646872625,0.06779384747074878,0.04802916351194173,3.564219641223054,-0.0005497624952756075,-0.058600810001810937,-0.005116115856717174,0.01644213730854107,-0.0014354098152496546,134.73124819724643,True,1.8114115149809211,0.5082210686542705,0.007522407646895107,0.8828667170534777,0.04072853139945455,175.3459537996885,99.3977636944289,True
421.00000000000006,3.089664716093612,1.3028596238989836,-0.1474778562734487,-0.06734907445926502,3.5683045405064338,-1.4538376579121506,0.08049068084269272,0.058733540023144244,3.328984628300023,-0.0754890170065835,-0.03349358771537799,-0.00430776721806039,0.02480810083820463,-0.0012940183566603584,101.96314869965124,True,1.7057852073238615,0.5124040504191023,0.007177041315715311,0.8658635161378657,0.059688111340137566,176.71076938404892,99.97638555674918,True
422.00000000000006,2.8561568644076076,1.1939745441340346,-0.12566688524210612,-0.060522817835046205,3.29275865473464,-1.3541231473285777,0.06900998466399567,0.05170600743071217,3.074457759571124,-0.08007430159727158,-0.028328450289055222,-0.004408405202167016,0.027626853457727623,-0.0014338805561543877,99.74130538524437,True,1.5796976767783846,0.5138134267288638,0.006790125836441743,0.8674054687551288,0.0664496400383648,176.9091218003547,99.97211631675941,True
423.0,2.714622520979085,1.1187149953179978,-0.11440734008033539,-0.055319121511531434,3.024748304305593,-1.2379290006365358,0.05801077919565015,0.03005800831028357,2.869685412642339,-0.05960700265926899,-0.02819828044234262,-0.012630556600623932,0.022978271618620445,-0.00440137324634271,102.65871160619962,True,1.4678129117570138,0.5114891358093102,0.006479009385301121,0.8974705489097861,0.05579098955240417,176.84383042666965,99.768778202388,True
424.00000000000006,2.6939432090996016,1.15351132899299,-0.11858370758565295,-0.0527535371955638,2.89287005762524,-1.2323295884141827,0.06739941332910614,0.025839753436684355,2.793406633362421,-0.0394091297105964,-0.02559214712827341,-0.013456891879439721,0.016821668192797217,-0.004817376646393108,106.49977454114298,True,1.420198196438201,0.5084108340963986,0.006349069635067903,0.9312354704625283,0.03926017679781225,177.26101771056048,100.57970843233747,True
425.0,2.835057738032282,1.2599175166193164,-0.1380915639709974,-0.0485226248858604,2.9384177235271776,-1.2840445331073627,0.09372436535625955,0.04682346956604101,2.8867377307797297,-0.012063508244023136,-0.02218359930736892,-0.0008495776599096935,0.008747431560415372,-0.00029430372245150795,120.73125947716227,True,1.4559946357562972,0.5043737157802077,0.006490498604869152,0.964824611331698,0.01976696713634392,177.91984265596287,101.30462170281147,True
426.00000000000006,3.104732567895868,1.2977023297062529,-0.15379499570631783,-0.05008670196688547,3.090885698946816,-1.3219677831208445,0.11930778091009936,0.08334384115490873,3.0978091334213422,-0.012132726707295816,-0.017243607398109234,0.016628569594011627,0.006806176938879398,0.005367848333395021,117.43475212748949,True,1.5594466852531423,0.5034030884694397,0.00677516712309739,1.004479903269723,0.01600853456817097,178.39819448339395,100.43469297507251,True
427.00000000000017,3.4506717907669517,1.2637538307951222,-0.16743100228906996,-0.06812419220186942,3.2660208115964706,-1.3436159836501755,0.10247691988083357,0.10521582949655688,3.358346301181711,-0.03993107642752669,-0.03247704120411819,0.018545818647343726,0.01532625045054529,0.005522306809401387,109.5612025308436,True,1.7049085788466423,0.5076631252252727,0.007183736123037436,1.0565369879196274,0.03925604324718509,176.81448066416274,98.79063841317529,True
428.0,3.686486890364889,1.2381872687000788,-0.17466804586290263,-0.0774787608691205,3.3742039709577547,-1.3418516938208902,0.11470533033873041,0.10928194825491659,3.530345430661322,-0.05183221256040571,-0.02998135776208611,0.015901593692898043,0.016961148000846585,0.0045042599952943635,105.0232093027143,True,1.7951120710024404,0.5084805740004233,0.007404995786050739,1.0925501013261192,0.046110346077485605,176.8563376593428,97.80839494525586,True
429.0000000000001,3.7931063591017087,1.2989963130443585,-0.18232129469890931,-0.07454269377101497,3.401474117843745,-1.4103503075327848,0.14020449235786028,0.10977309826947551,3.597290238472727,-0.055676997244213156,-0.021058401170524516,0.017615202249230272,0.016547547940536412,0.004896797611946102,100.35892156460285,True,1.828408285574939,0.5082737739702682,0.007467019571755324,1.1151360344632657,0.04362452038012329,177.6875971809077,98.3147161674405,True
430.00000000000006,3.699705980179131,1.3954657106054114,-0.17553248974580782,-0.058514799862215874,3.3926817818393498,-1.4471378331920204,0.10651331921801904,0.1144844340487621,3.5461938810092404,-0.025836061293304513,-0.03450958526389439,0.027984817093273114,0.012156504192369348,0.007891507918712183,116.58957413594824,True,1.794651600895342,0.5060782520961846,0.007369748925051128,1.0904960199872702,0.030172597985001035,177.04008384761795,99.37580977244588,True
431.0000000000001,3.5456734185116345,1.4851379355485146,-0.14804351504807717,-0.049756594394402553,3.427583625144945,-1.5510462715303317,0.09696899080333596,0.12063086819746258,3.4866285218282895,-0.032954167990908556,-0.025537262122370605,0.03543713690153001,0.011957360348758536,0.010163725983331248,108.88663744383757,True,1.764159697733025,0.5059786801743793,0.007333998626925556,1.0344527825668137,0.027369030512758467,177.88475757523418,101.02380414565306,True
432.0000000000001,3.372861168768745,1.5328011850388563,-0.09938935691827877,-0.03707579797473162,3.485449655029419,-1.7068678308283132,0.08710734545779425,0.12387849715235252,3.429155411899082,-0.08703332289472843,-0.0061410057302422605,0.04340134958881045,0.02544349724557717,0.012656571188989822,92.01802897368012,True,1.7582025590881962,0.5127217486227886,0.007237603959900583,0.9676975720770457,0.05377304843618506,179.21150730681384,102.92512606557759,True
433.0000000000001,3.342642851291002,1.550043365030239,-0.07935576462281628,-0.04454781468582351,3.5651636669295983,-1.7763157811374977,0.09848486396804822,0.12433137879200071,3.4539032591103,-0.11313620805362934,0.009564549672615968,0.039891782053088604,0.03287289013721588,0.011549768207278752,87.58384886676106,True,1.7837215207458024,0.516436445068608,0.007209371445431958,0.9375846843434718,0.06816919044518492,179.757326686074,103.42453943651695,True
434.0000000000001,3.4267208651536603,1.5370684952988791,-0.06132314997572911,-0.0464914423875455,3.655737167575673,-1.7822925533270702,0.11997568590523741,0.12039340429550596,3.5412290163646665,-0.12261202901409551,0.02932626796475415,0.036950980953980236,0.03560074064875754,0.010434507563115234,83.27436640233695,True,1.8336496960770599,0.5178003703243788,0.007292163546355463,0.9373542757796545,0.07584053220163839,178.43359380629363,102.69252174644403,True
435.0,3.6295015008489697,1.5265790359688112,-0.05596416244124165,-0.07197640068621441,3.7468864549292524,-1.7091301525872784,0.1381602042054163,0.10773767811679785,3.688193977889111,-0.09127555830923362,0.041098020882087326,0.01788063871529172,0.027141013621789053,0.004848074375286916,77.87985865053575,True,1.8941476504413999,0.5135705068108946,0.007439470726708287,0.9686713340550109,0.06174692127048637,177.47796992585873,101.12764724707097,True
436.0000000000001,3.8539838885420545,1.5247196107113645,-0.06077888704951385,-0.09136536320377978,3.9632641635568113,-1.8108257784493145,0.1434321902976071,0.09884661350378363,3.908624026049433,-0.14305308386897497,0.041326651624046626,0.003740625150001925,0.038095992380904935,0.0009570184098220085,81.94325296035119,True,2.028763468582817,0.5190479961904525,0.007819803865116676,0.9724266991790212,0.08909865201781081,177.75389684995568,100.48176505681492,True
437.0000000000001,4.0767967897881245,1.5843566860494624,-0.05114027657226307,-0.10047311367658959,4.228664133096272,-1.980139805456413,0.16253486238102322,0.09409936930983427,4.152730461442198,-0.19789155970347527,0.05569729290438007,-0.0031868721833776606,0.049504849222702416,-0.0007674160923680307,82.14027608183903,True,2.179155378399209,0.5247524246113512,0.00820673638077618,0.9640862129201667,0.11510715825840306,177.15630395717625,100.5452375239293,True
438.00000000000006,4.2450905596608655,1.5229857452981246,-0.025201615899243173,-0.09683124237219554,4.389504915894831,-2.10324721082411,0.19009853915049532,0.08392043314090143,4.317297737777848,-0.2901307327629926,0.08244846162562608,-0.006455404615647052,0.06986274866736417,-0.0014952419332028065,82.06803657380712,True,2.309458012277201,0.5349313743336821,0.008473320913369983,0.9671000809883988,0.16595161178844559,175.78346379182975,99.93880654676146,True
439.00000000000006,4.294613564282964,1.4850261330326027,-0.014539511218568514,-0.0992906969706956,4.463517527717539,-2.174372776634626,0.1992772189905313,0.07678806435825208,4.379065546000252,-0.3446733218010116,0.0923688538859814,-0.01125131630622176,0.08148671862185561,-0.002569341835154416,82.49892087476046,True,2.3679506139869186,0.5407433593109278,0.00862665005842709,0.9621590007464481,0.19453598998067193,175.3245270386847,99.72952166969051,True
440.00000000000006,4.371906064791038,1.4491889590053877,-0.019207745467884584,-0.09661001833949127,4.491224450651512,-2.149594917437927,0.20899245421605323,0.08014555937636324,4.431565257721275,-0.35020297921626964,0.09489235437408432,-0.008232229481564018,0.0818743406919281,-0.0018576347188435755,82.41948205873994,True,2.3971983707152296,0.540937170345964,0.008736901793088319,0.9734329942376482,0.20106776215384098,175.2062832856206,99.16342221603577,True
441.0000000000001,4.383755720189384,1.4877331143379058,-0.004919890876520793,-0.08299095297676821,4.45474222839713,-2.0629908237406243,0.22298569092027037,0.08721564365038799,4.419248974293257,-0.28762885470135924,0.1090329000218748,0.002112345336809887,0.0696048707816408,0.0004779874021801863,79.61976793179689,True,2.363425114050419,0.5348024353908204,0.008692148447904864,0.9840649571696346,0.17267639382714467,174.02040725986546,99.06709330689242,True
442.0000000000001,4.3270511423526585,1.5841073354464503,0.014922345341595545,-0.07379578136747048,4.39453498772346,-1.9804589908471688,0.21987480124371192,0.08193928165420364,4.3607930650380595,-0.19817582770035924,0.11739857329265373,0.0040717501433665815,0.05282045238713695,0.0009337178083526063,74.67883399887322,True,2.2955660637500297,0.5264102261935685,0.008536218568710136,0.9846436891367748,0.12879599579621925,173.12513139606514,99.504835489617,True
443.0000000000001,4.29722419565712,1.7102232058233908,0.018863517057251013,-0.09408727932438701,4.286753459396911,-1.9035035602077282,0.21156984097140247,0.08729676287995948,4.291988827527016,-0.09664017719216866,0.11521667901432674,-0.0033952582222137664,0.03503741833570342,-0.0007910687466001786,64.99444055306921,True,2.2211845177846223,0.5175187091678517,0.008411043897118898,1.002442579532363,0.08295574835630286,173.025804818564,100.19221194772493,True
444.00000000000006,4.209851223327964,1.7632680688372377,0.022691909342737515,-0.12419512412040529,4.246189086778996,-1.9057666557732051,0.2190570933350927,0.10438708322013748,4.22802015505348,-0.0712492934679837,0.12087450133891511,-0.009904020450133902,0.03318592296711936,-0.0023424723835093982,60.25857990215866,True,2.1841654531112566,0.5165929614835597,0.00833036794167644,0.9914422408638903,0.07622002982201592,172.7056389009982,100.86127109378519,True
445.00000000000006,4.224863779390696,1.8356566956156155,0.022177446163869206,-0.14769427163879506,4.22203714302273,-1.8943575335222231,0.22626979892198204,0.11087483532622645,4.223450461206713,-0.029350418953303814,0.12422362254292563,-0.018409718156284303,0.030222649255705978,-0.004358928398801279,51.646767203188546,True,2.175547161572307,0.515111324627853,0.008328308419348524,1.0006694958552502,0.06819286100262952,172.49644415103566,101.2788797847154,True
446.00000000000006,4.200850087496522,1.8781782543556875,0.02284049374620665,-0.17378600281701023,4.205870797783482,-1.8490901739352228,0.23635583500081234,0.10493710781161435,4.203360442640002,0.014544040210232367,0.1295981643735095,-0.03442444750269794,0.031025582685288502,-0.008189744365838159,41.79841142000167,True,2.1668860748046,0.5155127913426443,0.00831213539124566,0.9988062614073628,0.06969319012797585,172.01905588946275,101.37850846835661,True
447.00000000000006,4.115207532767143,1.8662985207112948,0.026409385924664158,-0.1841261413310826,4.15261728449233,-1.7602948733591999,0.23961996261270663,0.09949666999070553,4.133912408629737,0.053001823676047444,0.1330146742686854,-0.042314735670188536,0.034636808651883066,-0.010236001997007613,34.1371999321075,True,2.138548970855545,0.5173184043259416,0.0082284616096692,0.9909912835298135,0.07860826961472034,171.43754340887025,101.12474596906395,True
448.0000000000001,3.977712756025328,1.8402586087075994,0.03901537238136091,-0.19795686426561374,4.0299846734637095,-1.6251364897373268,0.24271443515778274,0.0779044538667655,4.003848714744519,0.10756105948513628,0.14086490376957184,-0.060026205199424115,0.044266198494886055,-0.014992126195570882,26.317757677527513,True,2.0905419383474473,0.522133099247443,0.007969847485878442,0.9870292515545835,0.10174720868086196,170.29110282803975,100.77408737499154,True
449.00000000000006,3.85370573388001,1.7711305052079251,0.03528495077122719,-0.22007019883781306,3.8230523298450145,-1.4632409539936049,0.23699177436496016,0.04520532873240812,3.8383790318625124,0.15394477560716013,0.13613836256809367,-0.08743243505270247,0.05353974478026378,-0.022778478708570183,20.743686606509584,True,2.0219424327991735,0.5267698723901318,0.007702456618159012,1.0080180445859181,0.12631779583806604,169.65874765277613,100.13758055078756,True
450.0000000000001,3.7347426448913694,1.6715413756471544,0.01795240910212796,-0.22763282463605333,3.578532160994546,-1.340749644455116,0.2236268623026748,0.02374666982993489,3.656637402942958,0.16539586559601926,0.1207896357024014,-0.10194307740305922,0.05600966931862566,-0.027878913375718562,18.070444798261388,True,1.9307222273499556,0.5280048346593128,0.00741511779393364,1.0436521112202075,0.1351456237312985,169.91533328863136,99.65940793024656,True
451.00000000000006,3.616008680397249,1.580603101278701,-0.01376554554815137,-0.21321590724332562,3.344858767398191,-1.1938501472385035,0.205558600911657,0.007156828628666837,3.48043372389772,0.19337647702009875,0.09589652768175282,-0.10302953930732939,0.06201772215179679,-0.02960249999874933,13.188541179492821,True,1.8481411477770762,0.5310088610758984,0.007137294188607935,1.0810646822047953,0.1546148569008084,170.72951201011034,98.99653702700337,True
452.00000000000006,3.434063678163785,1.4752064792900903,-0.03942335659069489,-0.1817952999267326,3.212667431949543,-1.0731258434897304,0.1952698645061018,0.00680938443829029,3.323365555056664,0.20104031790017995,0.07792325395770344,-0.08749295774422115,0.06487809997189382,-0.026326612674641318,10.593168761309204,True,1.7694895988903894,0.5324390499859469,0.006866130269035122,1.0689135277472193,0.16802282876362098,171.21789301127646,98.29689227661358,True
453.0000000000001,3.268605961252979,1.3260119982175227,-0.04970268660072264,-0.15263965440968663,3.1444783936813203,-1.0440783086268475,0.19176967018778845,0.012446752453197167,3.2065421774671496,0.1409668447953376,0.07103349179353291,-0.07009645097824473,0.049228259064644606,-0.02186044876341342,13.371815909077485,True,1.6821973332406062,0.5246141295323223,0.006703231013661454,1.0394747719752462,0.1321778135529782,171.73888209620426,97.80561987064284,True
454.0000000000001,3.155938018381271,1.1626021836711529,-0.0529359378301465,-0.13078052469305976,3.068769856865346,-1.0535350822381218,0.18457916565850552,0.007652465557897919,3.1123539376233085,0.054533550716515555,0.06582161391417951,-0.06156402956758092,0.02746392063753137,-0.019780536147695704,25.179037195731443,True,1.5989156895810517,0.5137319603187657,0.006572374593143967,1.0284049197501453,0.07654506497346945,172.66965310171244,97.32989739175953,True
455.00000000000017,3.1627637169212006,1.0810667518468837,-0.052567297323489054,-0.11901822928599795,3.039339375222592,-1.0543994109889854,0.16569085035275108,-0.01099951861041562,3.101051546071896,0.013333670428949174,0.05656177651463101,-0.06500887394820679,0.018739496445320688,-0.02096349350611523,38.36773503979746,True,1.5795818452481334,0.5093697482226603,0.006577847003238766,1.0406089371607503,0.05406579043825358,173.85327285791723,96.85458899044201,True
456.0000000000001,3.205394149471852,1.0295697747537929,-0.04733440995784666,-0.11550847690546423,3.078969624294381,-1.0567491187408924,0.14427515670260796,-0.02773559034000528,3.142181886883116,-0.013589671993549768,0.04847037337238065,-0.07162203362273475,0.016020527331892027,-0.022793726207167513,52.83096970865449,True,1.5962606488418516,0.508010263665946,0.006680022785199853,1.0410606600922359,0.04800608240905347,174.8579418329713,96.35035161419896,True
457.00000000000006,3.2354577742585917,1.0067677849848453,-0.044706962175828625,-0.11726992098561982,3.129899251152305,-1.0993565680669373,0.12164893304847496,-0.029465058528718283,3.1826785127054484,-0.046294391541045976,0.03847098543632317,-0.07336748975716906,0.018912660521390345,-0.023052120867464786,70.13658262909385,True,1.621435715482485,0.5094563302606951,0.006811411458950856,1.033725853337747,0.05695161569922601,176.2282735814094,96.28598719574364,True
458.0000000000001,3.2889822755760916,0.9981144747452164,-0.045767861432062476,-0.11749779912102067,3.238803935128109,-1.14791639166435,0.1118138703446758,-0.00478179900487388,3.2638931053521003,-0.07490095845956679,0.03302300445630666,-0.061139799062947274,0.025079753631400102,-0.01873216955625502,78.10392398883843,True,1.6728753701567782,0.5125398768157,0.006988548484165882,1.015492861393599,0.07605775736044403,177.06202170667362,96.19923517879079,True
459.00000000000006,3.33634488637902,0.9992720348580375,-0.0403077274147462,-0.11569993282895133,3.3595312878121235,-1.2192915196970906,0.09949917038926764,0.028092067068930623,3.3479380870955717,-0.11000974241952655,0.029595721487260723,-0.04380393288001035,0.03402728558720608,-0.013083853924554342,82.47116752521032,True,1.7309296662567286,0.5170136427936031,0.0071894476745651865,0.993098322519805,0.10247346318540866,177.64466039724283,96.27789490976552,True
460.0000000000001,3.421707185838759,1.066978249877007,-0.022779516700585072,-0.11271186453432036,3.426142160810542,-1.2655898348185164,0.09271864222535672,0.05569158225410167,3.4239246733246507,-0.09930579247075466,0.034969562762385824,-0.028510141140109347,0.030749217090723684,-0.008326743097541873,80.30039196359571,True,1.7646038382034979,0.5153746085453619,0.007383701532136912,0.9987055484671619,0.09013172422090239,177.03298142111066,96.65564039028855,True
461.00000000000006,3.52569841362974,1.1371406445043504,-0.0008777433168529451,-0.10276511463211764,3.440317713329519,-1.2629879935444883,0.09277268553125122,0.07127931208748324,3.4830080634796294,-0.06292367452006897,0.045947471107199135,-0.0157429012723172,0.022369684521653093,-0.004519915252963719,71.93136119846541,True,1.7804609275230212,0.5111848422608265,0.0075386421936725866,1.0248176788932644,0.0648327555845971,175.84311379558574,96.83528879377855,True
462.00000000000017,3.5792993519694503,1.1605576648738847,0.019033516280793316,-0.08782886671007273,3.4559875412378953,-1.259263432992195,0.10272378463975461,0.06996498350432302,3.517643446603673,-0.049352884059155167,0.060878650460273964,-0.008931941602874853,0.022279229319553524,-0.0025391833306751856,64.51543272576134,True,1.7980069158074903,0.5111396146597768,0.007625374171700479,1.0356806294178325,0.06465776496271448,174.39686668002673,96.80456594997575,True
463.0000000000001,3.6776490993008846,1.2170420624193714,0.025790517939514274,-0.06886259870705469,3.4172803226021675,-1.2276439514029995,0.11023390746510064,0.08369978324784537,3.547464710951526,-0.005300944491814064,0.06801221270230746,0.00741859227039534,0.01923020695426031,0.002091237792300821,47.228342156860556,True,1.8078415957530294,0.5096151034771301,0.007722867952860642,1.07619181106584,0.05569086428147205,173.6550155358258,96.84116935345648,True
464.00000000000006,3.7102433320642763,1.2951875869315306,0.040138462625085324,-0.06033262460136637,3.3696543376873196,-1.1835482516611977,0.09605120240828922,0.08111440220739118,3.5399488348757977,0.05581966763516644,0.06809483251668727,0.010390888803012404,0.02487314302305043,0.0029353217483373533,25.32867623115123,True,1.8139992442699722,0.5124365715115252,0.0077090306551864645,1.1010753508357511,0.07091488730236548,173.58525786602473,97.04763417300468,True
465.00000000000017,3.7178432412642195,1.3054011394418457,0.04961996481959025,-0.05491466844299952,3.3151851429111625,-1.1651958627733654,0.08122417593920091,0.08641679154219077,3.516514192087691,0.07010263833424013,0.06542207037939558,0.015751061549595626,0.027267791502953595,0.004479169054695185,21.5109912684158,True,1.8062008839473578,0.5136338957514768,0.00771363913562813,1.1214587062246155,0.07750472270546256,173.8356040321363,97.09219166135445,True
466.0000000000001,3.724441309900984,1.2834718555262035,0.05345971931339199,-0.049431401583638394,3.27182883494676,-1.192217719168427,0.06928909856493946,0.08188760633989012,3.498135072423872,0.045627068178888286,0.06137440893916572,0.01622810237812586,0.02186206322468096,0.004639072546412951,26.6860431021503,True,1.7873057612728382,0.5109310316123404,0.007819034771356743,1.1383362326659088,0.061704059444808536,174.28870591954836,97.21537449464553,True
467.0000000000001,3.733155159914644,1.2754299555417081,0.0530253941060365,-0.04854348667588031,3.316793957871862,-1.265510763640505,0.06380426148291868,0.07719136003648688,3.524974558893253,0.004959595950601581,0.05841482779447759,0.014323936680303288,0.016631323465315852,0.004063557464312769,42.57352658594521,True,1.7917997754946078,0.508315661732658,0.007944776925144538,1.125531223021743,0.046095173599636045,174.73304330253174,97.49180916803978,True
468.00000000000006,3.720124717874622,1.2421291236241423,0.042225286034247085,-0.04970187726903056,3.286464978993697,-1.3022775001993212,0.04653815706379014,0.06421285206380832,3.5032948484341597,-0.030074188287589454,0.044381721549018614,0.00725548739738888,0.015303168120252056,0.002071046746359876,62.06128499020132,True,1.7784531792372804,0.507651584060126,0.007985793383157875,1.1319532511841068,0.04211504252133621,176.00637129585644,97.60874061017385,True
469.00000000000006,3.7342540023874657,1.2220695872232465,0.02443568438457566,-0.04909132327914883,3.2564668299422825,-1.341077299662402,0.029132407615286033,0.0543859465372306,3.495360416164874,-0.059503856219577766,0.026784045999930846,0.0026473116290408848,0.018668768050523442,0.0007573787288995873,77.88320048404687,True,1.7803072445136185,0.5093343840252618,0.008076000651566925,1.1467194961275413,0.05090601921279792,177.6100562240822,97.75473854669534,True
470.00000000000006,3.7509325850550552,1.2283469738010935,0.006895177703136958,-0.04282132439711884,3.250564494002449,-1.3817817077122774,0.016633989927506743,0.0449805472767476,3.500748539528752,-0.07671736695559195,0.01176458381532185,0.0010796114398143805,0.0221707363322926,0.0003083944555354184,85.64081392670043,True,1.7891813561821512,0.5110853681661462,0.008213025272317714,1.153932675993916,0.059468807827424024,178.9886829273287,98.01058302529646,True
471.0,3.758613741055449,1.235610643462502,-0.004154133162380267,-0.033774361842665,3.25526566499872,-1.3981800905460122,0.01097385749293669,0.033741142406023016,3.5069397030270846,-0.08128472354175509,0.0034098621652782113,-1.6609718320993727e-05,0.023198634758953684,-4.736242914771737e-06,88.79893649959743,True,1.7941479581596418,0.5115993173794768,0.008328230807757946,1.1546258056504666,0.06177762441997027,179.74294158708045,98.12282046881899,True
472.0000000000001,3.7523957493224036,1.1859356892592983,-0.008179986301942405,-0.03086087506675516,3.2041557386357984,-1.3471993668263451,0.013800709175938656,0.02621576399499232,3.478275743979101,-0.08063183878352342,0.002810361436998125,-0.0023225555358814196,0.023195630928174425,-0.0006677318610813894,89.00190362096144,True,1.7794782722014308,0.5115978154640872,0.00831881324283383,1.1711027975562835,0.06369786759363419,179.80827373778934,97.64067807948162,True
473.0,3.7278255374497222,1.0654349984786449,-0.008956228164373541,-0.03028810121309611,3.1208066981372813,-1.2594817314608509,0.02326665660833581,0.02707032649182619,3.4243161177935018,-0.09702336649110299,0.007155214221981134,-0.001608887360634961,0.02841059188334488,-0.00046984194954280867,87.89111227308253,True,1.7608014827478464,0.5142052959416724,0.00824374864127117,1.1945070291199877,0.08368151892926025,179.42331078373996,96.6285862045758,True
474.00000000000006,3.7015873111008717,0.9147873171759929,-0.00997693155106984,-0.03010900396899001,3.0539380332326007,-1.1640193933875382,0.02985906652780197,0.03282180961727443,3.377762672166736,-0.12461603810577265,0.009941067488366064,0.0013564028241422124,0.037010275341455554,0.00040156842140484655,87.71948469108449,True,1.7513872993508588,0.5185051376707278,0.008153320225361414,1.212070209290636,0.12024747972787114,179.15544791994537,95.41159023578312,True
475.0,3.67717038720791,0.8044175824845012,-0.01075157278936121,-0.030310455578581443,3.010902727962977,-1.1069530736505622,0.03196959450362574,0.035086788744416876,3.3440365575854436,-0.15126774558303047,0.010609010857132267,0.0023881665829177164,0.0453461894797707,0.0007141568406303812,87.99409369491573,True,1.7478379364764967,0.5226730947398853,0.008066315709723665,1.2212850163032982,0.15862649025227138,179.11146722757363,94.62039936526706,True
476.00000000000006,3.613696190757219,0.7133756714510655,-0.012336309950514808,-0.02778635436683374,2.9937696945129293,-1.1074767499565588,0.043861387845587185,0.03508675730151343,3.303732942635074,-0.19705053925274663,0.015762538947536188,0.0036502014673398444,0.059835337414122274,0.0011048718315677252,87.7132566642406,True,1.7507064589918975,0.5299176687070611,0.007986041491807053,1.2070722064494506,0.21701285899083037,178.72270730777487,94.19591173155713,True
476.99999999999994,3.5975440610696485,0.6353818584246272,-0.00391680543030338,-0.031424660929305036,3.0782124301210034,-1.1171625137894148,0.05813418413627884,0.03134949688612342,3.337878245595326,-0.24089032768239377,0.02710868935298773,-3.758202159080681e-05,0.07262424044979338,-1.1259254779709283e-05,86.78960518164911,True,1.7901445589477878,0.5363121202248967,0.008033793629623821,1.1687120829825999,0.2763984894037492,177.37436074578952,93.68136920169265,True
478.0000000000001,3.635641841845087,0.6489532531207923,-0.005068281488877312,-0.03907187658425994,3.155291060627701,-1.1416964670464596,0.06759243403425222,0.03543051921854241,3.395466451236394,-0.2463716069628336,0.031262076272687456,-0.0018206786828587652,0.0731407927966249,-0.0005362087091733155,86.38419470405289,True,1.8219067796970831,0.5365703963983125,0.008159066846063844,1.152236599409573,0.27706973390001866,177.05931092580857,93.71177018675019,True
479.0000000000001,3.68128861385276,0.664436454083565,-0.007295370653829242,-0.04158518966008644,3.30620545462781,-1.2051213714021018,0.07844227793787273,0.03948718037533613,3.493747034240285,-0.2703424586592684,0.035573453642021746,-0.0010490046423751558,0.0780459795159976,-0.00030025203086956226,86.25185477631219,True,1.88320997185434,0.5390229897579988,0.0083666062985479,1.1134482307201852,0.29129416405328284,176.90489737239284,93.78261415092301,True
480.00000000000006,3.761220735895944,0.6936700768251338,-0.010605536542105354,-0.04158493780806061,3.495776109359531,-1.2750473048047681,0.09357713996335155,0.04294476645143924,3.6284984226277377,-0.29068861398981716,0.0414858017106231,0.0006799143216893178,0.08092439163496354,0.000187381732743576,85.93892253852057,True,1.9610662250136561,0.5404621958174818,0.00861746030418959,1.0759329597298053,0.2977688901715995,176.67845258503328,93.86920441683142,True
481.00000000000006,3.8858763464531285,0.733749005169981,-0.012839519123817762,-0.04236173262571463,3.694525950706337,-1.3222117011022891,0.11551171660625013,0.044458050644771346,3.7902011485797327,-0.2942313479661541,0.05133609874121618,0.0010481590095283572,0.07880220676382839,0.0002765444282346662,85.05146380519666,True,2.044438681583306,0.5394011033819142,0.00888748358289028,1.051792949433799,0.28982086287586356,176.0096627765408,93.88831312235213,True
482.0000000000001,4.05476230617552,0.7789639532929201,-0.011971189384202743,-0.046160432179125466,3.8788359563798136,-1.346388609543598,0.13894384385205233,0.04244760805084623,3.966799131277667,-0.2837123281253389,0.06348632723392479,-0.001856412064139619,0.07329051156735387,-0.0004679874132022629,83.69335418684241,True,2.128763934446971,0.5366452557836769,0.009162016038699105,1.0453554498757152,0.27265257000871207,174.98853697710408,93.83677021760396,True
483.00000000000006,4.246310218010181,0.8189855606084943,-0.006999354758430292,-0.0521551269616179,4.029473943092284,-1.364510057863299,0.16090049536485965,0.03893104801470641,4.137892080551232,-0.27276224862740234,0.07695057030321467,-0.0066120394734557435,0.06849114170128306,-0.0015979245820676204,82.12269814676283,True,2.210650516692442,0.5342455708506415,0.009400882097637377,1.0538125517078027,0.25846933439194847,173.76450269092638,93.75535994336931,True
484.00000000000006,4.427090917227076,0.8467149116051873,0.0023430766511095486,-0.058078029810362704,4.141732148404015,-1.3851336883473302,0.18133170989456107,0.038263131558133975,4.284411532815545,-0.26920938837107145,0.09183739327283531,-0.009907449126114364,0.06639020668828428,-0.0023124410552605302,80.58178558504322,True,2.284427250008419,0.5331951033441421,0.00955575710632183,1.0688984122097376,0.2535514345897538,172.3831126037693,93.67293831441994,True
485.0000000000001,4.581895000738431,0.8408176892804061,0.019457503785053454,-0.05722156434326574,4.209362903610035,-1.3941202637652534,0.19936239001747033,0.03823549793493097,4.395628952174233,-0.27665128724242366,0.10940994690126189,-0.009493033204167382,0.06768095647394395,-0.002159652988788281,79.21110625949053,True,2.3465646619809726,0.533840478236972,0.009603111694798834,1.0885008267661846,0.26452171466330704,170.53609314502907,93.47939021401793,True
486.0000000000001,4.727161270293233,0.8785290156170863,0.028104460257109838,-0.04852299881805854,4.319117253427469,-1.4666193104102914,0.21636601091843594,0.03579995262018361,4.523139261860351,-0.29404514739660254,0.12223523558777288,-0.006361523098937467,0.07040241991332534,-0.0014064398044470103,78.71361651357178,True,2.4207896057501457,0.5352012099566626,0.009758518806395968,1.0944739382895794,0.26969617431692733,169.775568712853,93.60595982849772,True
487.00000000000006,4.749576865315302,0.9256180200666283,0.030133049734144813,-0.055236988783087006,4.544438010804159,-1.5892763389164362,0.2314976220824061,0.02919340431543759,4.647007438059731,-0.33182915942490393,0.13081533590827546,-0.013021792233824709,0.07675556334940548,-0.002802188808043249,79.24220177104003,True,2.5018455559284414,0.5383777816747027,0.010000299024414395,1.0451406431385877,0.28172325094096046,169.84787350115937,93.89373912203123,True
488.00000000000006,4.8759079871438535,0.9204388303132605,0.049037700151837886,-0.06533137977793792,4.669366340320278,-1.596956838386583,0.2588232175628021,0.01476788135860095,4.772637163732066,-0.3382590040366613,0.15393045885731999,-0.025281749209668483,0.07786818000215737,-0.005297228417401602,77.76564588856327,True,2.57213686674127,0.5389340900010787,0.010215940011928468,1.0442333352686586,0.2926803218233704,167.7443323600127,93.6721112439944,True
489.0000000000001,4.95443656524737,0.9494394471243145,0.06345671495876941,-0.07671370792187518,4.83619192992897,-1.6949807747895331,0.27731764594689423,0.0016012386554133346,4.8953142475881695,-0.3727706638326093,0.17038718045283183,-0.03755623463323092,0.08372609337651675,-0.007671874109355529,77.71782974699589,True,2.652589892694565,0.5418630466882584,0.010482759624200711,1.0244499467828476,0.3071218121522636,166.88436923358182,93.80921215745923,True
490.00000000000006,5.0478019931653,0.9870269699123657,0.0826661118392795,-0.07532920799823642,4.909742151491025,-1.7209978840534457,0.29304707697156385,-0.019251382650250906,4.978772072328162,-0.36698545707054,0.18785659440542168,-0.04729029532424366,0.08280601429586154,-0.009498385271959212,76.44624836987742,True,2.6955221718626023,0.5414030071479308,0.010659875097093163,1.0281195707257964,0.30134087184086167,165.54900741706916,93.87067715507393,True
491.00000000000006,5.140288245983757,0.9738407084808887,0.09961172567657972,-0.0748068668448863,4.982662625416952,-1.7319057730904621,0.29023111668796087,-0.021667827397815313,5.061475435700355,-0.37903253230478673,0.1949214211822703,-0.048237347121350804,0.08420784369207851,-0.009530293633574894,76.39251776939568,True,2.7438456840205525,0.5421039218460393,0.010845831666193967,1.0316348170479663,0.31167781246324877,164.64649308602836,93.70727831766044,True
492.0000000000001,5.260917437695399,1.0241874974243208,0.10655037887505801,-0.07394158747726594,5.100967339508108,-1.7822004631798873,0.2813979195647609,-0.02539551832336691,5.180942388601753,-0.37900648287778327,0.19397414921990946,-0.04966855290031642,0.08217816926556004,-0.00958677961939683,76.44839869657514,True,2.8033513745836918,0.54108908463278,0.011078698530280411,1.0313568167646248,0.3004666449526392,165.08809448961952,93.83195909575325,True
493.0000000000001,5.436026459633546,1.0970610053290177,0.1000007872091716,-0.0732476742699855,5.25628622128199,-1.8491563234501338,0.27755170101949056,-0.026258948556668795,5.346156340457768,-0.37604765906055804,0.18877624411433108,-0.04975331141332715,0.07870534747520513,-0.009306370454753105,76.67165504027268,True,2.883463716445134,0.5393526737376025,0.011391221557704462,1.034195291273107,0.28320647306469254,166.25552390304222,94.01162877396715,True
494.00000000000006,5.6725381742770455,1.184561760287314,0.08497723152277421,-0.0759887503212153,5.460510734154234,-1.9184674646240798,0.2730260841509841,-0.019125122896733612,5.56652445421564,-0.3669528521683829,0.17900165783687916,-0.047556936608974455,0.07334634113132132,-0.008543380524082426,76.99831026910731,True,2.987404327875191,0.5366731705656607,0.011814867667063016,1.0388292323640405,0.26126813275964494,167.79714518545535,94.16168043637491,True
495.0000000000001,5.932677165229951,1.2687565508741598,0.07106852906014087,-0.08064361820339973,5.677148492032025,-1.9685805757386345,0.2644420278043279,-0.0016429972485400171,5.804912828630988,-0.34991201243223735,0.1677552784322344,-0.04114330772596987,0.06684798246155886,-0.00708767020979934,77.19297379461159,True,3.0964797697950948,0.5334239912307794,0.012282433256515861,1.045010038676382,0.23828416143995523,169.1431487853248,94.22048697512953,True
496.0000000000002,6.152632926097697,1.3251357317780923,0.06985861317949638,-0.08225682938458492,5.846148340735065,-1.9916176809462343,0.2528174273850916,0.021323529456576867,5.999390633416381,-0.333240974584071,0.161338020282294,-0.030466649964004028,0.061713349911410434,-0.005078290750781576,77.08306916091054,True,3.184816563415822,0.5308566749557052,0.012666208641701919,1.052425044234183,0.2220627223950886,169.74779427565912,94.18232968150927,True
497.00000000000017,6.321693775855962,1.380990885595533,0.07597787117799529,-0.08049669213424615,5.952304558396899,-2.017525679690643,0.2476255769354623,0.03760646050725292,6.136999167126431,-0.3182673970475549,0.1618017240567288,-0.021445115813496615,0.05817744308600824,-0.003494397706352958,76.52599585223159,True,3.2470170434454046,0.5290887215430041,0.012937970616604955,1.0620581849996178,0.20905246465278782,169.85360694915505,94.22220475295416,True
498.00000000000006,6.448626538477947,1.4493622094896481,0.08673305495272932,-0.0745246601753786,5.985244829502825,-1.961391004000048,0.2532514231970366,0.036005036455564035,6.2169356839903855,-0.2560143972551999,0.16999223907488295,-0.01925981185990728,0.04943144430192776,-0.0030979590008473803,73.20802232778989,True,3.2621238969911115,0.5247157221509638,0.01309529234963263,1.0774206773783075,0.17921016275951834,169.21815030632303,94.1951445524444,True
499.0000000000001,6.358134294863472,1.3253192806362866,0.1286981053537232,-0.07083000720798102,5.992172639403411,-2.0048750367324515,0.2561104495955286,0.044927932353022816,6.175153467133441,-0.33977787804808246,0.1924042774746259,-0.012951037427479103,0.06323276660302547,-0.002097281872654589,75.23932311158711,True,3.282812752529277,0.5316163833015127,0.013019737871859676,1.0610732830115015,0.23292847684086865,167.17379907883773,93.95427209482447,True
500.00000000000006,6.429315035965508,1.3535379017906048,0.1523158241731176,-0.060352119126096164,6.031467092586835,-2.037419517904114,0.2654007903888516,0.0434889323491155,6.230391064276171,-0.34194080805675464,0.2088583072809846,-0.008431593388490331,0.06431073940432172,-0.0013533008283918835,74.29165474170797,True,3.315536060198925,0.5321553697021608,0.01300179872829046,1.0659620515658057,0.2345417662764111,166.15768237657122,94.02206002287902,True
