Ex_imag,Ex_real,Ey_imag,Ey_real,Ez_imag,Ez_real,complex_source_normalized,frequency_index,order_efficiency_source_norm,order_fraction_transmitted,order_m,order_n,polarization,total_transmission,ux,uy,wavelength_nm
6.354799214757764e-11,3.3553455157411073e-10,1.0879120746116082e-09,-2.906439493462338e-09,1.1120781376923231e-10,5.871792744913499e-10,True,1,1.0104711672084897e-17,1.00791682685348e-17,0,-5,y,1.0025342769234082,-0.8682408888086127,0.0,450.0
-7.239515935926366e-11,3.487619588127029e-11,7.650071714448605e-10,-8.716409320554695e-10,-6.989842403921038e-11,3.367339957753204e-11,True,1,1.3574709824566699e-18,1.3540394714707378e-18,0,-4,y,1.0025342769234082,-0.6945927110468901,0.0,450.0
0.0019417565259683795,-0.0013072577300614885,-0.000585403867247994,-0.003905180789011652,0.0011850499875411561,-0.0007978166860800728,True,1,2.311333079915997e-05,2.3054903289781267e-05,0,-3,y,1.0025342769234082,-0.5209445332851677,0.0,450.0
1.2807342931000778e-09,-1.4277908661862413e-10,-3.124172576223537e-09,7.643405942592534e-11,4.7431807850561e-10,-5.2878026598168106e-11,True,1,1.165473637385992e-17,1.1625274708438044e-17,0,-2,y,1.0025342769234082,-0.34729635552344507,0.0,450.0
1.5173759670224048e-09,5.301880860247748e-10,1.196024981193157e-09,-6.932286961239513e-10,2.6755432301524325e-10,9.348646446896813e-11,True,1,4.574896047430652e-18,4.563331302217576e-18,0,-1,y,1.0025342769234082,-0.17364817776172253,0.0,450.0
-0.006356608734774701,0.01749050168644368,-0.7264518600346104,-0.6887759830994643,0.0,0.0,True,1,1.0024909839662297,0.999956816481815,0,0,y,1.0025342769234082,0.0,0.0,450.0
2.8421702066847437e-10,-7.212825420119923e-10,9.738140446278987e-10,9.18110775597425e-10,-5.011512914863521e-11,1.2718157294228638e-10,True,1,2.410955688697258e-18,2.4048611046956256e-18,0,1,y,1.0025342769234082,0.17364817776172253,0.0,450.0
-1.7689388683682112e-10,5.911968406379276e-10,-2.6177462749970433e-09,5.159271924584681e-10,6.551239312936353e-11,-2.189488881344861e-10,True,1,7.551812069028346e-18,7.532722065327738e-18,0,2,y,1.0025342769234082,0.34729635552344507,0.0,450.0
-0.0017723230532555674,0.00020046751135704125,0.002027237691029943,-0.003421066079222899,0.0010816450899434834,-0.00012234490712865868,True,1,2.017962637945195e-05,2.0128614895222814e-05,0,3,y,1.0025342769234082,0.5209445332851677,0.0,450.0
-2.257829431645362e-10,-3.0463482621403675e-10,1.5859952687172314e-09,4.321155493986006e-10,2.1799623126482205e-10,2.941287020883559e-10,True,1,2.979919205429841e-18,2.972386355282196e-18,0,4,y,1.0025342769234082,0.6945927110468901,0.0,450.0
4.25866764571967e-11,7.942848071512992e-10,-2.1273263208123506e-09,-1.3288824907917432e-09,-7.452589805676529e-11,-1.3899837576029447e-09,True,1,8.861756885318099e-18,8.839355510629708e-18,0,5,y,1.0025342769234082,0.8682408888086127,0.0,450.0
-1.9223366639877757e-10,-6.627846933909597e-10,9.119851027422613e-10,1.840609051758618e-09,-3.3793163921878644e-10,-1.1651232694178695e-09,True,2,6.16750586705412e-18,6.177005388410802e-18,0,-5,y,0.9984621154168807,-0.8692056009072888,0.0,450.5
2.1411489147536393e-11,-1.5844672220326791e-10,4.265003679979886e-10,5.133806413961148e-10,2.0717510455464604e-11,-1.5331122470096848e-10,True,2,4.9495960936596365e-19,4.957219725450542e-19,0,-4,y,0.9984621154168807,-0.6953644807258311,0.0,450.5
0.0005780651614831514,0.0017808003647553827,0.00249855859757198,0.0028550387391768966,0.00035333029901284883,0.0010884771601644924,True,2,1.9209075366135382e-05,1.923866220814513e-05,0,-3,y,0.9984621154168807,-0.5215233605443733,0.0,450.5
-2.3965061003632814e-10,-7.312195224914671e-10,1.9280372657782388e-10,-1.3525105529490572e-09,-8.886642152940421e-11,-2.7114832842030345e-10,True,2,2.5399911346648614e-18,2.5439033644299635e-18,0,-2,y,0.9984621154168807,-0.34768224036291556,0.0,450.5
-2.3442482210853505e-10,3.720832598239672e-10,-1.1623675417677226e-09,1.9811963571899252e-09,-4.138277977390877e-11,6.568348633202481e-11,True,2,5.475665112198163e-18,5.484099023538763e-18,0,-1,y,0.9984621154168807,-0.17384112018145778,0.0,450.5
-0.01117989472552398,-0.013719136306158336,0.9932490187832467,0.10753839838168272,0.0,0.0,True,2,0.9984213251874408,0.9999591469432739,0,0,y,0.9984621154168807,0.0,0.0,450.5
1.352294288267774e-09,3.0648396984184e-09,9.120103784123221e-12,-3.7868231079720455e-10,-2.387191604436435e-10,-5.41033091722943e-10,True,2,1.1715129331788982e-17,1.1733173598577296e-17,0,1,y,0.9984621154168807,0.17384112018145778,0.0,450.5
6.672090796242984e-10,6.335846944400712e-10,1.6805364962051096e-09,3.2969891216196984e-11,-2.4741219439896564e-10,-2.3494371461084556e-10,True,2,3.788298792738431e-18,3.794133732511954e-18,0,2,y,0.9984621154168807,0.34768224036291556,0.0,450.5
0.00032905601156111815,-0.0016535040589961657,0.00021043386930113178,0.0041991203443588945,-0.00020112863860980844,0.001010669942615289,True,2,2.1581154073794147e-05,2.161439451789668e-05,0,3,y,0.9984621154168807,0.5215233605443733,0.0,450.5
-6.633444300713563e-11,-7.087778286373239e-10,-9.778127321668802e-10,7.692060751270782e-10,6.418444355216077e-11,6.858052690410287e-10,True,2,2.5290105037355076e-18,2.5329058205474206e-18,0,4,y,0.9984621154168807,0.6953644807258311,0.0,450.5
-2.737651292496436e-10,-1.61366989343023e-10,1.2002204859748694e-09,-1.0792840846132735e-09,4.812575269534747e-10,2.836704529755302e-10,True,2,3.0184477346366864e-18,3.0230969087659534e-18,0,5,y,0.9984621154168807,0.8692056009072888,0.0,450.5
3.764817919801093e-10,1.5369990037913786e-11,1.9004079193724014e-09,2.213134433904918e-09,6.648453801276168e-10,2.7142526111473684e-11,True,3,9.094245155036048e-18,9.105862553047794e-18,0,-5,y,0.9987241847827082,-0.870170313005965,0.0,451.0
-1.1556687095092416e-09,1.6967300888845073e-10,1.0752075406146163e-09,-3.184334937140593e-10,-1.1206185053794566e-09,1.645270067963974e-10,True,3,3.9046852119617585e-18,3.909673232566505e-18,0,-4,y,0.9987241847827082,-0.696136250404772,0.0,451.0
0.0004180560225107934,0.00037952398998573753,0.003730144443519179,0.001691637809098679,0.00025591784560178465,0.0002323300147382416,True,3,1.7213896523067155e-05,1.723588632912937e-05,0,-3,y,0.9987241847827082,-0.522102187803579,0.0,451.0
3.908843104252641e-10,2.0451755590234734e-09,1.713738021401085e-09,9.638343030973562e-11,1.4512942181450323e-10,7.593426967363023e-10,True,3,7.879385263160557e-18,7.889450744476435e-18,0,-2,y,0.9987241847827082,-0.348068125202386,0.0,451.0
1.0129921783942681e-09,1.9306639496863412e-10,-2.681037178913325e-10,1.9449524241154705e-09,1.7902716439781912e-10,3.4120825381428786e-11,True,3,4.9513622782909795e-18,4.957687371281837e-18,0,-1,y,0.9987241847827082,-0.174034062601193,0.0,451.0
-0.01011069928292097,-0.004148449283305819,0.940242431724236,-0.3383948983987652,0.0,0.0,True,3,0.9986863735484609,0.9999621404639806,0,0,y,0.9987241847827082,0.0,0.0,451.0
1.8996661006520358e-09,-5.475729366265218e-11,-1.1559925470717062e-09,2.2170672780258838e-10,-3.3572997161882173e-10,9.677313629471907e-12,True,3,5.1100105614562874e-18,5.116538318903401e-18,0,1,y,0.9987241847827082,0.174034062601193,0.0,451.0
1.3052302091366986e-10,-2.9725916607367567e-13,2.092066703245732e-09,-1.8633152700542436e-09,-4.84612199913432e-11,1.1036782431712646e-13,True,3,7.868071735822331e-18,7.878122764729266e-18,0,2,y,0.9987241847827082,0.348068125202386,0.0,451.0
-0.00044266814561486686,-0.0006040544728889855,0.0023670924393698447,0.003771366485823293,0.0002709844423766649,0.00036977895546016115,True,3,2.0597337724183708e-05,2.0623649690294682e-05,0,3,y,0.9987241847827082,0.522102187803579,0.0,451.0
-1.0101325945300735e-10,-4.186548984581217e-10,-1.4835981461405882e-09,1.2214697365741432e-09,9.794963461440947e-11,4.059575401839473e-10,True,3,4.052923034539895e-18,4.058100420810062e-18,0,4,y,0.9987241847827082,0.696136250404772,0.0,451.0
-1.479626209161308e-09,-9.93530422488347e-10,1.7333482808459888e-09,-1.2147725154803823e-09,2.612935526849085e-09,1.7545180815610738e-09,True,3,1.756233071232007e-17,1.7584765623895545e-17,0,5,y,0.9987241847827082,0.870170313005965,0.0,451.0
-2.0249157037948103e-10,2.509156840807364e-10,-2.164538164228533e-09,-2.5352275137565494e-10,-3.5922984678572784e-10,4.4513656830029097e-10,True,4,5.1806534137192214e-18,5.177489942918727e-18,0,-5,y,1.0006110047214714,-0.8711350251046411,0.0,451.5
-1.8621817915996214e-10,7.441717670889989e-10,9.409631437472155e-11,-4.906168935354257e-10,-1.8095940714891855e-10,7.23156473749594e-10,True,4,1.3937294743449085e-18,1.3928784190544308e-18,0,-4,y,1.0006110047214714,-0.6969080200837129,0.0,451.5
9.656980385272573e-05,-0.0011414478228651578,-0.004071148874644623,-0.0008919561177900957,5.920648173249975e-05,-0.0006998161638200326,True,4,1.917531580554606e-05,1.916360675134057e-05,0,-3,y,1.0006110047214714,-0.5226810150627846,0.0,451.5
4.1066112257023776e-10,-6.668587855820407e-10,-1.9828576986348757e-09,1.0170676211452595e-09,1.5266463689868956e-10,-2.479069694408944e-10,True,4,5.664258753373054e-18,5.6607999778592774e-18,0,-2,y,1.0006110047214714,-0.34845401004185644,0.0,451.5
6.605953487144437e-10,-2.838711920778235e-09,4.108436483123071e-10,-1.948753121037133e-09,1.1688118672709322e-10,-5.022621166234255e-10,True,4,1.2727031259627931e-17,1.2719259731878132e-17,0,-1,y,1.0006110047214714,-0.17422700502092822,0.0,451.5
0.008892185170797774,0.008007473981839023,-0.8825603021118278,0.47065628735564624,0.0,0.0,True,4,1.0005732182878029,0.9999622366399229,0,0,y,1.0006110047214714,0.0,0.0,451.5
3.6115580223825373e-10,-1.4798497344125286e-09,1.6374743287939202e-09,-3.432916861615593e-10,-6.390041776880514e-11,2.618344096314225e-10,True,4,5.192200630636e-18,5.1890301087397024e-18,0,1,y,1.0006110047214714,0.17422700502092822,0.0,451.5
-5.334554669149258e-10,1.0519893349058003e-10,-9.875041670526617e-10,2.441888441224699e-09,1.9831384244136472e-10,-3.910805308998279e-11,True,4,7.274483010042487e-18,7.270040980678002e-18,0,2,y,1.0006110047214714,0.34845401004185644,0.0,451.5
-0.0002754209094401804,0.0006268659517537599,-0.002905049439638902,-0.0030865459956457564,0.00016885923335194014,-0.0003843284964918924,True,4,1.861111786271209e-05,1.859975332561194e-05,0,3,y,1.0006110047214714,0.5226810150627846,0.0,451.5
-8.384364539734415e-10,-7.640570330027545e-11,7.732877391788322e-10,-1.2464781139733398e-09,8.147591407428859e-10,7.424801828900469e-11,True,4,3.5298403606711456e-18,3.527684928523954e-18,0,4,y,1.0006110047214714,0.6969080200837129,0.0,451.5
-2.1133938138932772e-10,5.574326578047418e-10,-1.5379211175693499e-09,5.779197493688027e-10,3.7492629176612804e-10,-9.889125156236625e-10,True,4,4.173105790504161e-18,4.1705575601437445e-18,0,5,y,1.0006110047214714,0.8711350251046411,0.0,451.5
4.266572141353239e-10,-3.150188299870917e-10,-1.391628841535857e-09,-2.5676333855161415e-09,7.604051321452735e-10,-5.614388485849154e-10,True,5,9.704074822324887e-18,9.701020419245116e-18,0,-5,y,1.000314853793495,-0.8720997372033175,0.0,452.0
-1.1289797440740082e-10,4.765109598938093e-10,-1.0752402400848374e-10,6.23369084875918e-10,-1.099463491422377e-10,4.6405297031753666e-10,True,5,8.673924381924655e-19,8.671194223529244e-19,0,-4,y,1.000314853793495,-0.697679789762654,0.0,452.0
-0.00033138935637401723,-0.0015420650877462471,-0.0034531394940982333,-0.0018278921768376487,-0.00020348298373405095,-0.0009468741199176301,True,5,1.8691121739848194e-05,1.868523862158583e-05,0,-3,y,1.000314853793495,-0.5232598423219905,0.0,452.0
9.707219965359022e-10,-1.8639505053782608e-10,-1.3770454937709564e-09,2.729579993204304e-09,3.6132409546598537e-10,-6.938034089601031e-11,True,5,1.0459274274306908e-17,1.045598216865639e-17,0,-2,y,1.000314853793495,-0.348839894881327,0.0,452.0
5.373097140164987e-11,-8.508531136609112e-10,3.78978020615701e-10,-1.5194265225763802e-09,9.517645799384611e-12,-1.5071602749544604e-10,True,5,3.2019252424581476e-18,3.200917421465335e-18,0,-1,y,1.000314853793495,-0.1744199474406635,0.0,452.0
0.01094235427692947,0.011859824755534652,-0.9779568433000045,0.2088478349538557,0.0,0.0,True,5,1.0002773960825762,0.9999625540790715,0,0,y,1.000314853793495,0.0,0.0,452.0
-3.5448809098673405e-09,1.2316893134604732e-09,1.3612555176624428e-09,1.3198946978171122e-11,6.279231516011937e-10,-2.1817551990217748e-10,True,5,1.6378318068403767e-17,1.637316291594817e-17,0,1,y,1.000314853793495,0.1744199474406635,0.0,452.0
5.877909813506869e-10,1.0161430789318373e-10,-2.5164688012425733e-10,6.86729441959577e-10,-2.1878874221198906e-10,-3.782308221811148e-11,True,5,9.400462833233805e-19,9.397503993452083e-19,0,2,y,1.000314853793495,0.348839894881327,0.0,452.0
-0.00039387623558262755,0.0011741731331308112,-0.0016798553794211161,-0.0037192140667752314,0.00024185179788282723,-0.0007209774482924506,True,5,1.8766589178877225e-05,1.876068230688435e-05,0,3,y,1.000314853793495,0.5232598423219905,0.0,452.0
3.803589388733236e-10,9.495953686517764e-10,9.33112608181081e-10,-1.1842848481661378e-09,-3.7041476529800437e-10,-9.247689738780296e-10,True,5,4.312038781086333e-18,4.310681546648822e-18,0,4,y,1.000314853793495,0.697679789762654,0.0,452.0
3.32163643344615e-11,6.18295731497619e-11,-2.1052365451799765e-10,1.930265102618553e-09,-5.919950038187014e-11,-1.1019507741528201e-10,True,5,3.790817334406129e-18,3.78962415686442e-18,0,5,y,1.000314853793495,0.8720997372033175,0.0,452.0
6.054021211738441e-10,-5.081307188291139e-10,3.102415018550471e-10,2.368828689825979e-09,1.0839824386559483e-09,-9.098163955626717e-10,True,6,8.335091507904671e-18,8.33697716025576e-18,0,-5,y,0.9997738206168924,-0.8730644493019938,0.0,452.5
1.1331323015551603e-10,2.9949334053145657e-10,2.1081851226167107e-09,9.9011640578167e-10,1.1058896289241259e-10,2.922929465262061e-10,True,6,5.624976242674008e-18,5.626248784153217e-18,0,-4,y,0.9997738206168924,-0.698451559441595,0.0,452.5
-4.185914209883131e-05,0.000978869662291791,0.0007916825937054403,0.0038323035701261776,-2.574194282606406e-05,0.0006019714121562813,True,6,1.66362822149844e-05,1.66400458502897e-05,0,-3,y,0.9997738206168924,-0.5238386695811963,0.0,452.5
-1.0162975130634044e-09,1.1816000869367251e-09,4.450447834979349e-11,2.6282813424408427e-11,-3.7876485345918085e-10,4.403716215214456e-10,True,6,2.769100814639809e-18,2.769727269845079e-18,0,-2,y,0.9997738206168924,-0.3492257797207975,0.0,452.5
-1.9348234128224224e-09,-2.559467384864421e-10,-2.004161125727877e-09,7.920357951297384e-10,-3.4311634872848787e-10,-4.538890205505964e-11,True,6,8.572821871587815e-18,8.574761305810258e-18,0,-1,y,0.9997738206168924,-0.17461288986039875,0.0,452.5
-0.00303614351757608,-0.013289628808328692,0.8210843063808516,0.5704137741472578,0.0,0.0,True,6,0.9997371443231654,0.9999633154089749,0,0,y,0.9997738206168924,0.0,0.0,452.5
9.579394424876232e-10,3.328163626888995e-09,1.735079014638711e-10,-1.2666981965974025e-09,-1.69878388710362e-10,-5.90207532150595e-10,True,6,1.4006154013912045e-17,1.400932263386313e-17,0,1,y,0.9997738206168924,0.17461288986039875,0.0,452.5
3.677134464605506e-10,8.651982561857378e-10,2.2805820263214903e-09,6.467052470479243e-10,-1.370434620505773e-10,-3.2245153265162516e-10,True,6,6.625819157954879e-18,6.627318120679072e-18,0,2,y,0.9997738206168924,0.3492257797207975,0.0,452.5
0.000557206724857341,-0.000863643762354098,-0.0017369168723769155,0.003945538501203483,-0.00034266310617905746,0.0005311114188655759,True,6,2.0040011512091706e-05,2.004454517495405e-05,0,3,y,0.9997738206168924,0.5238386695811963,0.0,452.5
-5.180377893449341e-10,-8.446880724332151e-11,-1.6948782763058695e-09,-1.3620282310828643e-10,5.055831678622883e-10,8.243801519891014e-11,True,6,3.4290720770783213e-18,3.429847837946461e-18,0,4,y,0.9997738206168924,0.698451559441595,0.0,452.5
-8.69085742212409e-12,-9.44276471749795e-10,1.7800537976827024e-09,7.718070405204575e-10,1.5561122918067907e-11,1.690742527674183e-09,True,6,7.514863659977087e-18,7.516563751729543e-18,0,5,y,0.9997738206168924,0.8730644493019938,0.0,452.5
-4.859597777900313e-10,2.1455198628236477e-10,-2.386334371855183e-09,8.327626286963007e-11,-8.74184426040978e-10,3.8595376316358213e-10,True,7,6.8968748487351716e-18,6.900094722331408e-18,0,-5,y,0.9995333580587212,-0.8740291614006699,0.0,453.0
-4.5655372270118023e-10,-2.7587558262720384e-10,-7.375307993557682e-10,8.851849865631809e-10,-4.4654012859692875e-10,-2.6982480268534196e-10,True,7,1.8842562898289683e-18,1.8851359733391417e-18,0,-4,y,0.9995333580587212,-0.699223329120536,0.0,453.0
-0.00026562954174613447,-0.0003726582016714008,-0.00392401271742731,0.0013037604267657613,-0.00016360201548424648,-0.00022952128170459113,True,7,1.7386545883878745e-05,1.739466296317177e-05,0,-3,y,0.9995333580587212,-0.524417496840402,0.0,453.0
8.818820827558541e-10,-1.943155740414698e-09,-1.6485380661882794e-09,1.1518576351676254e-09,3.290831531011726e-10,-7.251080734331514e-10,True,7,9.232101446571089e-18,9.236411543584236e-18,0,-2,y,0.9995333580587212,-0.349611664560268,0.0,453.0
9.539246703315876e-10,-1.4214917611406051e-09,-1.3913932294191139e-09,-1.9526692483913875e-09,1.6935923264374237e-10,-2.5237082273225176e-10,True,7,8.771876997992817e-18,8.775972234713031e-18,0,-1,y,0.9995333580587212,-0.174805832280134,0.0,453.0
0.00941936314518519,-0.0008887669749050714,-0.4826776121072741,0.875459616571109,0.0,0.0,True,7,0.9994967317852099,0.9999633566271541,0,0,y,0.9995333580587212,0.0,0.0,453.0
-2.3857552058934033e-09,1.5626339834363723e-09,1.443110021279934e-09,-1.6266413058853287e-09,4.2356559538969796e-10,-2.774291310086636e-10,True,7,1.3118556076498651e-17,1.3124680602933868e-17,0,1,y,0.9995333580587212,0.174805832280134,0.0,453.0
5.821801317266397e-11,1.0493364146045461e-09,4.882519237041942e-10,3.021135719194443e-09,-2.172463611266024e-11,-3.915704182387201e-10,True,7,1.0623946575120143e-17,1.0628906468668353e-17,0,2,y,0.9995333580587212,0.349611664560268,0.0,453.0
0.0003194351967484366,0.0002072133488456831,-0.0042227064904273226,-0.00109932094753248,-0.0001967410765425964,-0.00012762331058340328,True,7,1.9239727627445706e-05,1.9248709882792522e-05,0,3,y,0.9995333580587212,0.524417496840402,0.0,453.0
1.441860471862944e-09,2.0718392709743635e-10,6.586398281566236e-10,-2.0947951972700984e-09,-1.4102361420145815e-09,-2.026397614325417e-10,True,7,8.973688990866015e-18,8.977878445492384e-18,0,4,y,0.9995333580587212,0.699223329120536,0.0,453.0
-2.449436789243039e-10,3.142553478889986e-10,-1.8913329257450086e-10,1.4931388470031829e-09,4.406248400774551e-10,-5.653083721742689e-10,True,7,2.9377126536554794e-18,2.9390841535904927e-18,0,5,y,0.9995333580587212,0.8740291614006699,0.0,453.0
1.5611229079781654e-10,-1.955773576931521e-10,-8.889895630209235e-10,2.1756061431423047e-09,2.821477122802686e-10,-3.534744366694953e-10,True,8,5.790737592342852e-18,5.794494410921577e-18,0,-5,y,0.9993516572262725,-0.8749938734993462,0.0,453.5
2.2961780541696848e-10,-3.616613648351039e-10,-1.3445187423647175e-10,1.3427157022495613e-09,2.250673779763295e-10,-3.544941776225264e-10,True,8,2.1808074895295384e-18,2.182222317599821e-18,0,-4,y,0.9993516572262725,-0.699995098799477,0.0,453.5
-0.0011620064373047646,7.465774095475548e-05,-0.0011416097005983194,0.0038808447441795162,-0.0007167734543481923,4.605197110791699e-05,True,8,1.823594634444931e-05,1.8247777158906876e-05,0,-3,y,0.9993516572262725,-0.5249963240996077,0.0,453.5
1.050074774617523e-09,-5.271584486419543e-10,1.4382530732031416e-09,1.8795082918118956e-09,3.9233878448391424e-10,-1.9696188306774976e-10,True,8,7.174400089022498e-18,7.179054577179808e-18,0,-2,y,0.9993516572262725,-0.3499975493997385,0.0,453.5
-2.3264442844756358e-09,-1.0796105064182858e-09,-1.5411060781109471e-09,-1.4313585379976602e-09,-4.1350585224271936e-10,-1.918916629663918e-10,True,8,1.120950656278239e-17,1.121677888031394e-17,0,-1,y,0.9993516572262725,-0.17499877469986924,0.0,453.5
0.009258387317834276,-0.009275346835650978,0.3963395779624696,0.917637656623971,0.0,0.0,True,8,0.9993156797084501,0.9999639991412811,0,0,y,0.9993516572262725,0.0,0.0,453.5
-1.930452938704056e-09,5.243866958515597e-09,1.5339895645617887e-09,-7.768671345340865e-10,3.431217299980188e-10,-9.320531294035112e-10,True,8,3.5167891313694125e-17,3.5190706954250274e-17,0,1,y,0.9993516572262725,0.17499877469986924,0.0,453.5
-6.71985797725031e-10,-2.2293232796538443e-10,1.707928446071491e-09,1.1145020204322502e-09,2.510736353665119e-10,8.329406694677177e-11,True,8,4.7303739376086484e-18,4.73344283106302e-18,0,2,y,0.9993516572262725,0.3499975493997385,0.0,453.5
0.0006691252275801563,0.0003254556723414229,-0.003243452194248163,0.0025411177459083115,-0.00041274401360167257,-0.00020075447003758062,True,8,1.7741571477790862e-05,1.7753081559931637e-05,0,3,y,0.9993516572262725,0.5249963240996077,0.0,453.5
1.7837595376093643e-09,8.991885972251577e-10,-9.661933106437996e-10,-1.0424873657595412e-09,-1.7484100648944784e-09,-8.813690189059033e-10,True,8,9.844396745204683e-18,9.850783429456726e-18,0,4,y,0.9993516572262725,0.699995098799477,0.0,453.5
-1.6143244281575718e-10,-4.543747192584587e-10,1.2752626705513698e-09,-3.109668826584163e-10,2.9176302644402824e-10,8.212088036219916e-10,True,8,2.715021662852813e-18,2.7167830695237236e-18,0,5,y,0.9993516572262725,0.8749938734993462,0.0,453.5
-6.140254613372453e-10,-2.038592390768031e-10,1.3101504854403869e-09,-2.25240918162027e-09,-1.1150002779555716e-09,-3.701851511815462e-10,True,9,8.58868993847068e-18,8.584618963438398e-18,0,-5,y,1.000474217323986,-0.8759585855980222,0.0,454.0
6.623881097181393e-10,-2.1251281517835684e-10,-2.0077903013561104e-11,-3.421995743320635e-10,6.506671127251725e-10,-2.0875238827586852e-10,True,9,1.0683686265664597e-18,1.0678622277984074e-18,0,-4,y,1.000474217323986,-0.7007668684784177,0.0,454.0
0.000871217592536388,-0.0007719146662156492,0.0010507495677789978,-0.00370357687767308,0.0005382213777426373,-0.00047687395056015506,True,9,1.6692519704668195e-05,1.6684607574712358e-05,0,-3,y,1.000474217323986,-0.5255751513588133,0.0,454.0
9.281606936837892e-10,-1.4331108844906524e-10,-2.1226151168203703e-09,1.076020178525958e-09,3.4722392439797974e-10,-5.361252515826019e-11,True,9,6.6687734566496e-18,6.665612507723459e-18,0,-2,y,1.000474217323986,-0.35038343423920887,0.0,454.0
-1.8040900549816544e-09,1.8418542876153726e-09,1.8677511789715814e-09,8.08325812559943e-10,-3.210265223311536e-10,3.2774643092852714e-10,True,9,1.0999528980117695e-17,1.099431528534402e-17,0,-1,y,1.000474217323986,-0.17519171711960443,0.0,454.0
-0.0067376944972002625,0.013405550617360935,-0.43097502237989566,-0.9024823532158213,0.0,0.0,True,9,1.0004389730958108,0.9999647724773263,0,0,y,1.000474217323986,0.0,0.0,454.0
1.6099540929092718e-09,-4.826852941327325e-09,-4.6453158160077027e-10,5.306489767325706e-10,-2.864812441775399e-10,8.589082397962491e-10,True,9,2.7207634292942824e-17,2.7194738077025438e-17,0,1,y,1.000474217323986,0.17519171711960443,0.0,454.0
-8.34047078094032e-10,-5.4676291975624717e-11,-1.1854865917770405e-09,-1.0508524089010212e-09,3.120161213023107e-10,2.0454342443609292e-11,True,9,3.3060657100349598e-18,3.304498659523525e-18,0,2,y,1.000474217323986,0.35038343423920887,0.0,454.0
-0.0010151039275473935,9.213517213730282e-05,0.0032939638976142646,-0.0025032132757616347,0.000627111572490085,-5.6919327285305053e-05,True,9,1.8551708470571975e-05,1.854291509899483e-05,0,3,y,1.000474217323986,0.5255751513588133,0.0,454.0
-5.979714709029485e-10,1.510919439374207e-10,-2.369409152794535e-11,6.136964996626838e-10,5.873903301646043e-10,-1.4841836300417352e-10,True,9,1.1246388696559117e-18,1.1241057992119323e-18,0,4,y,1.000474217323986,0.7007668684784177,0.0,454.0
1.3991999772400618e-10,6.623009337907271e-10,-1.589760563414403e-09,-1.2437035282399443e-09,-2.540787738900019e-10,-1.2026630355989475e-09,True,9,6.0433116483448485e-18,6.0404471636552214e-18,0,5,y,1.000474217323986,0.8759585855980222,0.0,454.0
