model,variant,order_profile_mae,order_profile_rmse,eta_plus1_mae,eta_plus1_rmse,eta_0_mae,eta_minus1_mae,per_order_mae,R_mae,R_rmse,T_mae,T_rmse,median_abs_error,P90_abs_error,max_abs_error,worst_geometry,worst_geometry_order_profile_mae,worst_geometry_polarization,worst_geometry_polarization_mae,per_geometry,per_wavelength,per_polarization,negative_power_violation_rate,R_legality_violation_rate,order_sum_T_mismatch_mae,energy_residual_mae,energy_residual_max,ranking_spearman,top3_recall,top5_recall,true_champion_geometry,true_champion_predicted_rank,near_champion_retrieval,pairwise_ordering_accuracy,seed
LF_only,raw_seed_17,0.04623794968285346,0.08568820151774413,0.10408609509222434,0.15036748171907385,0.07159173249643226,0.018263177660507796,"{'-3': 0.02617244521462755, '-2': 0.019446128325471244, '-1': 0.018263177660507796, '0': 0.07159173249643226, '1': 0.10408609509222434, '2': 0.05584207410441147, '3': 0.02826399488629954}",,,0.20951621948340474,0.24528697745380382,0.019660936055999157,0.13014354162776243,0.6557896290295082,K6X_D150_D205_D215_D220_D225_D230,0.08187879087397647,K6X_D135_D155_D190_D220_D225_D230_p,0.09614850047565339,"{'K6X_D100_D105_D110_D115_D190_D230': 0.029994526745244575, 'K6X_D100_D105_D115_D120_D125_D130': 0.015052012145008207, 'K6X_D100_D105_D115_D165_D225_D230': 0.05451606259363495, 'K6X_D100_D110_D115_D220_D225_D230': 0.03336736359715757, 'K6X_D100_D115_D130_D145_D155_D185': 0.024895104720165234, 'K6X_D100_D130_D135_D155_D160_D225': 0.04075903513976094, 'K6X_D100_D140_D145_D155_D225_D230': 0.049747275038546514, 'K6X_D100_D200_D205_D210_D215_D220': 0.058014558236379035, 'K6X_D105_D120_D125_D130_D165_D190': 0.03405784198380515, 'K6X_D110_D125_D135_D150_D175_D190': 0.03373226178707473, 'K6X_D110_D125_D135_D150_D175_D195': 0.03324857190252992, 'K6X_D110_D190_D210_D215_D220_D225': 0.05945078659821855, 'K6X_D120_D125_D180_D185_D190_D195': 0.027297120878768746, 'K6X_D120_D145_D200_D215_D220_D230': 0.07451680346832967, 'K6X_D125_D135_D150_D175_D190_D210': 0.036332746429062764, 'K6X_D130_D145_D155_D180_D195_D230': 0.024847446200025276, 'K6X_D135_D155_D190_D220_D225_D230': 0.07379924200714914, 'K6X_D140_D160_D165_D170_D180_D190': 0.07859126194206577, 'K6X_D150_D205_D215_D220_D225_D230': 0.08187879087397647, 'K6X_D200_D205_D215_D220_D225_D230': 0.06066018137016598}","{'445': 0.04600356484785173, '446': 0.04500784664699646, '447': 0.04347732473133871, '448': 0.04439479890254796, '449': 0.04610034288371203, '450': 0.04584189241576361, '451': 0.045838827218252935, '452': 0.047924973556732454, '453': 0.047095261485845065, '454': 0.046587218597686234, '455': 0.050345395224660854}","{'p': 0.05065425646261918, 's': 0.04182164290308774}",0.0,,0.0,,,0.9518796992481202,0.3333333333333333,1.0,K6X_D130_D145_D155_D180_D195_D230,4,2,0.9210526315789473,17
LF_only,raw_seed_29,0.04623794968285346,0.08568820151774413,0.10408609509222434,0.15036748171907385,0.07159173249643226,0.018263177660507796,"{'-3': 0.02617244521462755, '-2': 0.019446128325471244, '-1': 0.018263177660507796, '0': 0.07159173249643226, '1': 0.10408609509222434, '2': 0.05584207410441147, '3': 0.02826399488629954}",,,0.20951621948340474,0.24528697745380382,0.019660936055999157,0.13014354162776243,0.6557896290295082,K6X_D150_D205_D215_D220_D225_D230,0.08187879087397647,K6X_D135_D155_D190_D220_D225_D230_p,0.09614850047565339,"{'K6X_D100_D105_D110_D115_D190_D230': 0.029994526745244575, 'K6X_D100_D105_D115_D120_D125_D130': 0.015052012145008207, 'K6X_D100_D105_D115_D165_D225_D230': 0.05451606259363495, 'K6X_D100_D110_D115_D220_D225_D230': 0.03336736359715757, 'K6X_D100_D115_D130_D145_D155_D185': 0.024895104720165234, 'K6X_D100_D130_D135_D155_D160_D225': 0.04075903513976094, 'K6X_D100_D140_D145_D155_D225_D230': 0.049747275038546514, 'K6X_D100_D200_D205_D210_D215_D220': 0.058014558236379035, 'K6X_D105_D120_D125_D130_D165_D190': 0.03405784198380515, 'K6X_D110_D125_D135_D150_D175_D190': 0.03373226178707473, 'K6X_D110_D125_D135_D150_D175_D195': 0.03324857190252992, 'K6X_D110_D190_D210_D215_D220_D225': 0.05945078659821855, 'K6X_D120_D125_D180_D185_D190_D195': 0.027297120878768746, 'K6X_D120_D145_D200_D215_D220_D230': 0.07451680346832967, 'K6X_D125_D135_D150_D175_D190_D210': 0.036332746429062764, 'K6X_D130_D145_D155_D180_D195_D230': 0.024847446200025276, 'K6X_D135_D155_D190_D220_D225_D230': 0.07379924200714914, 'K6X_D140_D160_D165_D170_D180_D190': 0.07859126194206577, 'K6X_D150_D205_D215_D220_D225_D230': 0.08187879087397647, 'K6X_D200_D205_D215_D220_D225_D230': 0.06066018137016598}","{'445': 0.04600356484785173, '446': 0.04500784664699646, '447': 0.04347732473133871, '448': 0.04439479890254796, '449': 0.04610034288371203, '450': 0.04584189241576361, '451': 0.045838827218252935, '452': 0.047924973556732454, '453': 0.047095261485845065, '454': 0.046587218597686234, '455': 0.050345395224660854}","{'p': 0.05065425646261918, 's': 0.04182164290308774}",0.0,,0.0,,,0.9518796992481202,0.3333333333333333,1.0,K6X_D130_D145_D155_D180_D195_D230,4,2,0.9210526315789473,29
LF_only,raw_seed_43,0.04623794968285346,0.08568820151774413,0.10408609509222434,0.15036748171907385,0.07159173249643226,0.018263177660507796,"{'-3': 0.02617244521462755, '-2': 0.019446128325471244, '-1': 0.018263177660507796, '0': 0.07159173249643226, '1': 0.10408609509222434, '2': 0.05584207410441147, '3': 0.02826399488629954}",,,0.20951621948340474,0.24528697745380382,0.019660936055999157,0.13014354162776243,0.6557896290295082,K6X_D150_D205_D215_D220_D225_D230,0.08187879087397647,K6X_D135_D155_D190_D220_D225_D230_p,0.09614850047565339,"{'K6X_D100_D105_D110_D115_D190_D230': 0.029994526745244575, 'K6X_D100_D105_D115_D120_D125_D130': 0.015052012145008207, 'K6X_D100_D105_D115_D165_D225_D230': 0.05451606259363495, 'K6X_D100_D110_D115_D220_D225_D230': 0.03336736359715757, 'K6X_D100_D115_D130_D145_D155_D185': 0.024895104720165234, 'K6X_D100_D130_D135_D155_D160_D225': 0.04075903513976094, 'K6X_D100_D140_D145_D155_D225_D230': 0.049747275038546514, 'K6X_D100_D200_D205_D210_D215_D220': 0.058014558236379035, 'K6X_D105_D120_D125_D130_D165_D190': 0.03405784198380515, 'K6X_D110_D125_D135_D150_D175_D190': 0.03373226178707473, 'K6X_D110_D125_D135_D150_D175_D195': 0.03324857190252992, 'K6X_D110_D190_D210_D215_D220_D225': 0.05945078659821855, 'K6X_D120_D125_D180_D185_D190_D195': 0.027297120878768746, 'K6X_D120_D145_D200_D215_D220_D230': 0.07451680346832967, 'K6X_D125_D135_D150_D175_D190_D210': 0.036332746429062764, 'K6X_D130_D145_D155_D180_D195_D230': 0.024847446200025276, 'K6X_D135_D155_D190_D220_D225_D230': 0.07379924200714914, 'K6X_D140_D160_D165_D170_D180_D190': 0.07859126194206577, 'K6X_D150_D205_D215_D220_D225_D230': 0.08187879087397647, 'K6X_D200_D205_D215_D220_D225_D230': 0.06066018137016598}","{'445': 0.04600356484785173, '446': 0.04500784664699646, '447': 0.04347732473133871, '448': 0.04439479890254796, '449': 0.04610034288371203, '450': 0.04584189241576361, '451': 0.045838827218252935, '452': 0.047924973556732454, '453': 0.047095261485845065, '454': 0.046587218597686234, '455': 0.050345395224660854}","{'p': 0.05065425646261918, 's': 0.04182164290308774}",0.0,,0.0,,,0.9518796992481202,0.3333333333333333,1.0,K6X_D130_D145_D155_D180_D195_D230,4,2,0.9210526315789473,43
LF_global_bias,raw_seed_17,0.04829949165011615,0.07793560061212003,0.10091887182628294,0.12953624669113545,0.07769033742160135,0.019128966854674405,"{'-3': 0.03100840836939153, '-2': 0.020334062472035223, '-1': 0.019128966854674405, '0': 0.07769033742160135, '1': 0.10091887182628294, '2': 0.05842868202134657, '3': 0.030587112585480938}",0.10346961518875901,0.13041344806765223,0.1048331677828108,0.13161423761986202,0.027592944423778507,0.11615888348561938,0.5861499713850415,K6X_D150_D205_D215_D220_D225_D230,0.0799947329723713,K6X_D135_D155_D190_D220_D225_D230_p,0.09619409072177061,"{'K6X_D100_D105_D110_D115_D190_D230': 0.037407418525632, 'K6X_D100_D105_D115_D120_D125_D130': 0.02839771947386577, 'K6X_D100_D105_D115_D165_D225_D230': 0.05732623095043506, 'K6X_D100_D110_D115_D220_D225_D230': 0.035065399089967676, 'K6X_D100_D115_D130_D145_D155_D185': 0.034152068657824865, 'K6X_D100_D130_D135_D155_D160_D225': 0.04216167078228547, 'K6X_D100_D140_D145_D155_D225_D230': 0.040247226534403505, 'K6X_D100_D200_D205_D210_D215_D220': 0.051605568970105674, 'K6X_D105_D120_D125_D130_D165_D190': 0.033772233061659385, 'K6X_D110_D125_D135_D150_D175_D190': 0.042394507960840065, 'K6X_D110_D125_D135_D150_D175_D195': 0.04197853388554674, 'K6X_D110_D190_D210_D215_D220_D225': 0.058821876505678126, 'K6X_D120_D125_D180_D185_D190_D195': 0.025957021378889715, 'K6X_D120_D145_D200_D215_D220_D230': 0.0731125511691617, 'K6X_D125_D135_D150_D175_D190_D210': 0.044000747790112316, 'K6X_D130_D145_D155_D180_D195_D230': 0.033360293468994176, 'K6X_D135_D155_D190_D220_D225_D230': 0.07186084122572282, 'K6X_D140_D160_D165_D170_D180_D190': 0.07135618463290148, 'K6X_D150_D205_D215_D220_D225_D230': 0.0799947329723713, 'K6X_D200_D205_D215_D220_D225_D230': 0.06301700596592492}","{'445': 0.04737036959081698, '446': 0.04654924941552755, '447': 0.0463314436315044, '448': 0.04701441883009187, '449': 0.04813056031943378, '450': 0.048427273089679874, '451': 0.04800603361059326, '452': 0.049098074822083386, '453': 0.04875608154818774, '454': 0.04824772257100886, '455': 0.05336318072234981}","{'p': 0.05231736468590926, 's': 0.044281618614323025}",0.37207792207792206,0.0,0.0,0.004666455278431255,0.004914369637911364,0.9518796992481202,0.3333333333333333,1.0,K6X_D130_D145_D155_D180_D195_D230,4,2,0.9210526315789473,17
LF_global_bias,raw_seed_29,0.04829949165011615,0.07793560061212003,0.10091887182628294,0.12953624669113545,0.07769033742160135,0.019128966854674405,"{'-3': 0.03100840836939153, '-2': 0.020334062472035223, '-1': 0.019128966854674405, '0': 0.07769033742160135, '1': 0.10091887182628294, '2': 0.05842868202134657, '3': 0.030587112585480938}",0.10346961518875901,0.13041344806765223,0.1048331677828108,0.13161423761986202,0.027592944423778507,0.11615888348561938,0.5861499713850415,K6X_D150_D205_D215_D220_D225_D230,0.0799947329723713,K6X_D135_D155_D190_D220_D225_D230_p,0.09619409072177061,"{'K6X_D100_D105_D110_D115_D190_D230': 0.037407418525632, 'K6X_D100_D105_D115_D120_D125_D130': 0.02839771947386577, 'K6X_D100_D105_D115_D165_D225_D230': 0.05732623095043506, 'K6X_D100_D110_D115_D220_D225_D230': 0.035065399089967676, 'K6X_D100_D115_D130_D145_D155_D185': 0.034152068657824865, 'K6X_D100_D130_D135_D155_D160_D225': 0.04216167078228547, 'K6X_D100_D140_D145_D155_D225_D230': 0.040247226534403505, 'K6X_D100_D200_D205_D210_D215_D220': 0.051605568970105674, 'K6X_D105_D120_D125_D130_D165_D190': 0.033772233061659385, 'K6X_D110_D125_D135_D150_D175_D190': 0.042394507960840065, 'K6X_D110_D125_D135_D150_D175_D195': 0.04197853388554674, 'K6X_D110_D190_D210_D215_D220_D225': 0.058821876505678126, 'K6X_D120_D125_D180_D185_D190_D195': 0.025957021378889715, 'K6X_D120_D145_D200_D215_D220_D230': 0.0731125511691617, 'K6X_D125_D135_D150_D175_D190_D210': 0.044000747790112316, 'K6X_D130_D145_D155_D180_D195_D230': 0.033360293468994176, 'K6X_D135_D155_D190_D220_D225_D230': 0.07186084122572282, 'K6X_D140_D160_D165_D170_D180_D190': 0.07135618463290148, 'K6X_D150_D205_D215_D220_D225_D230': 0.0799947329723713, 'K6X_D200_D205_D215_D220_D225_D230': 0.06301700596592492}","{'445': 0.04737036959081698, '446': 0.04654924941552755, '447': 0.0463314436315044, '448': 0.04701441883009187, '449': 0.04813056031943378, '450': 0.048427273089679874, '451': 0.04800603361059326, '452': 0.049098074822083386, '453': 0.04875608154818774, '454': 0.04824772257100886, '455': 0.05336318072234981}","{'p': 0.05231736468590926, 's': 0.044281618614323025}",0.37207792207792206,0.0,0.0,0.004666455278431255,0.004914369637911364,0.9518796992481202,0.3333333333333333,1.0,K6X_D130_D145_D155_D180_D195_D230,4,2,0.9210526315789473,29
LF_global_bias,raw_seed_43,0.04829949165011615,0.07793560061212003,0.10091887182628294,0.12953624669113545,0.07769033742160135,0.019128966854674405,"{'-3': 0.03100840836939153, '-2': 0.020334062472035223, '-1': 0.019128966854674405, '0': 0.07769033742160135, '1': 0.10091887182628294, '2': 0.05842868202134657, '3': 0.030587112585480938}",0.10346961518875901,0.13041344806765223,0.1048331677828108,0.13161423761986202,0.027592944423778507,0.11615888348561938,0.5861499713850415,K6X_D150_D205_D215_D220_D225_D230,0.0799947329723713,K6X_D135_D155_D190_D220_D225_D230_p,0.09619409072177061,"{'K6X_D100_D105_D110_D115_D190_D230': 0.037407418525632, 'K6X_D100_D105_D115_D120_D125_D130': 0.02839771947386577, 'K6X_D100_D105_D115_D165_D225_D230': 0.05732623095043506, 'K6X_D100_D110_D115_D220_D225_D230': 0.035065399089967676, 'K6X_D100_D115_D130_D145_D155_D185': 0.034152068657824865, 'K6X_D100_D130_D135_D155_D160_D225': 0.04216167078228547, 'K6X_D100_D140_D145_D155_D225_D230': 0.040247226534403505, 'K6X_D100_D200_D205_D210_D215_D220': 0.051605568970105674, 'K6X_D105_D120_D125_D130_D165_D190': 0.033772233061659385, 'K6X_D110_D125_D135_D150_D175_D190': 0.042394507960840065, 'K6X_D110_D125_D135_D150_D175_D195': 0.04197853388554674, 'K6X_D110_D190_D210_D215_D220_D225': 0.058821876505678126, 'K6X_D120_D125_D180_D185_D190_D195': 0.025957021378889715, 'K6X_D120_D145_D200_D215_D220_D230': 0.0731125511691617, 'K6X_D125_D135_D150_D175_D190_D210': 0.044000747790112316, 'K6X_D130_D145_D155_D180_D195_D230': 0.033360293468994176, 'K6X_D135_D155_D190_D220_D225_D230': 0.07186084122572282, 'K6X_D140_D160_D165_D170_D180_D190': 0.07135618463290148, 'K6X_D150_D205_D215_D220_D225_D230': 0.0799947329723713, 'K6X_D200_D205_D215_D220_D225_D230': 0.06301700596592492}","{'445': 0.04737036959081698, '446': 0.04654924941552755, '447': 0.0463314436315044, '448': 0.04701441883009187, '449': 0.04813056031943378, '450': 0.048427273089679874, '451': 0.04800603361059326, '452': 0.049098074822083386, '453': 0.04875608154818774, '454': 0.04824772257100886, '455': 0.05336318072234981}","{'p': 0.05231736468590926, 's': 0.044281618614323025}",0.37207792207792206,0.0,0.0,0.004666455278431255,0.004914369637911364,0.9518796992481202,0.3333333333333333,1.0,K6X_D130_D145_D155_D180_D195_D230,4,2,0.9210526315789473,43
LF_affine,raw_seed_17,0.04882360895862108,0.0777748689490177,0.10157302204453147,0.12935385710413477,0.07899613086237225,0.019520365557955582,"{'-3': 0.030295105656222125, '-2': 0.02053081588977462, '-1': 0.019520365557955582, '0': 0.07899613086237225, '1': 0.10157302204453147, '2': 0.0597365510935247, '3': 0.031113271605966806}",0.10336231575987123,0.12881893901463376,0.10563000407824248,0.1309418677998356,0.02935926023629347,0.11551804486938456,0.5813245281214237,K6X_D150_D205_D215_D220_D225_D230,0.0777045808555596,K6X_D135_D155_D190_D220_D225_D230_p,0.09669627584317579,"{'K6X_D100_D105_D110_D115_D190_D230': 0.0388982521401143, 'K6X_D100_D105_D115_D120_D125_D130': 0.03154800655413912, 'K6X_D100_D105_D115_D165_D225_D230': 0.057188565577738264, 'K6X_D100_D110_D115_D220_D225_D230': 0.03724706672763058, 'K6X_D100_D115_D130_D145_D155_D185': 0.03323260444774388, 'K6X_D100_D130_D135_D155_D160_D225': 0.04192683564302499, 'K6X_D100_D140_D145_D155_D225_D230': 0.04495625940107296, 'K6X_D100_D200_D205_D210_D215_D220': 0.05578181894130515, 'K6X_D105_D120_D125_D130_D165_D190': 0.03554174322657525, 'K6X_D110_D125_D135_D150_D175_D190': 0.04209630535353525, 'K6X_D110_D125_D135_D150_D175_D195': 0.04164318239519566, 'K6X_D110_D190_D210_D215_D220_D225': 0.05815133783106815, 'K6X_D120_D125_D180_D185_D190_D195': 0.0259688543330118, 'K6X_D120_D145_D200_D215_D220_D230': 0.06849572416934427, 'K6X_D125_D135_D150_D175_D190_D210': 0.04430667179383462, 'K6X_D130_D145_D155_D180_D195_D230': 0.03636542238777517, 'K6X_D135_D155_D190_D220_D225_D230': 0.0724413106611576, 'K6X_D140_D160_D165_D170_D180_D190': 0.06975149480246613, 'K6X_D150_D205_D215_D220_D225_D230': 0.0777045808555596, 'K6X_D200_D205_D215_D220_D225_D230': 0.0632261419301289}","{'445': 0.04721655190699676, '446': 0.046118403212960395, '447': 0.045902458711875316, '448': 0.04729614519634099, '449': 0.04867075708562586, '450': 0.048739994828890666, '451': 0.04836757032483454, '452': 0.04967540040609894, '453': 0.04951390811608974, '454': 0.05001431767133229, '455': 0.05554419108378642}","{'p': 0.05361020614005668, 's': 0.044037011777185484}",0.34545454545454546,0.0,0.0,0.005106942576085221,0.011561481219423908,0.9518796992481202,0.3333333333333333,1.0,K6X_D130_D145_D155_D180_D195_D230,4,2,0.9210526315789473,17
LF_affine,raw_seed_29,0.04882360895862108,0.0777748689490177,0.10157302204453147,0.12935385710413477,0.07899613086237225,0.019520365557955582,"{'-3': 0.030295105656222125, '-2': 0.02053081588977462, '-1': 0.019520365557955582, '0': 0.07899613086237225, '1': 0.10157302204453147, '2': 0.0597365510935247, '3': 0.031113271605966806}",0.10336231575987123,0.12881893901463376,0.10563000407824248,0.1309418677998356,0.02935926023629347,0.11551804486938456,0.5813245281214237,K6X_D150_D205_D215_D220_D225_D230,0.0777045808555596,K6X_D135_D155_D190_D220_D225_D230_p,0.09669627584317579,"{'K6X_D100_D105_D110_D115_D190_D230': 0.0388982521401143, 'K6X_D100_D105_D115_D120_D125_D130': 0.03154800655413912, 'K6X_D100_D105_D115_D165_D225_D230': 0.057188565577738264, 'K6X_D100_D110_D115_D220_D225_D230': 0.03724706672763058, 'K6X_D100_D115_D130_D145_D155_D185': 0.03323260444774388, 'K6X_D100_D130_D135_D155_D160_D225': 0.04192683564302499, 'K6X_D100_D140_D145_D155_D225_D230': 0.04495625940107296, 'K6X_D100_D200_D205_D210_D215_D220': 0.05578181894130515, 'K6X_D105_D120_D125_D130_D165_D190': 0.03554174322657525, 'K6X_D110_D125_D135_D150_D175_D190': 0.04209630535353525, 'K6X_D110_D125_D135_D150_D175_D195': 0.04164318239519566, 'K6X_D110_D190_D210_D215_D220_D225': 0.05815133783106815, 'K6X_D120_D125_D180_D185_D190_D195': 0.0259688543330118, 'K6X_D120_D145_D200_D215_D220_D230': 0.06849572416934427, 'K6X_D125_D135_D150_D175_D190_D210': 0.04430667179383462, 'K6X_D130_D145_D155_D180_D195_D230': 0.03636542238777517, 'K6X_D135_D155_D190_D220_D225_D230': 0.0724413106611576, 'K6X_D140_D160_D165_D170_D180_D190': 0.06975149480246613, 'K6X_D150_D205_D215_D220_D225_D230': 0.0777045808555596, 'K6X_D200_D205_D215_D220_D225_D230': 0.0632261419301289}","{'445': 0.04721655190699676, '446': 0.046118403212960395, '447': 0.045902458711875316, '448': 0.04729614519634099, '449': 0.04867075708562586, '450': 0.048739994828890666, '451': 0.04836757032483454, '452': 0.04967540040609894, '453': 0.04951390811608974, '454': 0.05001431767133229, '455': 0.05554419108378642}","{'p': 0.05361020614005668, 's': 0.044037011777185484}",0.34545454545454546,0.0,0.0,0.005106942576085221,0.011561481219423908,0.9518796992481202,0.3333333333333333,1.0,K6X_D130_D145_D155_D180_D195_D230,4,2,0.9210526315789473,29
LF_affine,raw_seed_43,0.04882360895862108,0.0777748689490177,0.10157302204453147,0.12935385710413477,0.07899613086237225,0.019520365557955582,"{'-3': 0.030295105656222125, '-2': 0.02053081588977462, '-1': 0.019520365557955582, '0': 0.07899613086237225, '1': 0.10157302204453147, '2': 0.0597365510935247, '3': 0.031113271605966806}",0.10336231575987123,0.12881893901463376,0.10563000407824248,0.1309418677998356,0.02935926023629347,0.11551804486938456,0.5813245281214237,K6X_D150_D205_D215_D220_D225_D230,0.0777045808555596,K6X_D135_D155_D190_D220_D225_D230_p,0.09669627584317579,"{'K6X_D100_D105_D110_D115_D190_D230': 0.0388982521401143, 'K6X_D100_D105_D115_D120_D125_D130': 0.03154800655413912, 'K6X_D100_D105_D115_D165_D225_D230': 0.057188565577738264, 'K6X_D100_D110_D115_D220_D225_D230': 0.03724706672763058, 'K6X_D100_D115_D130_D145_D155_D185': 0.03323260444774388, 'K6X_D100_D130_D135_D155_D160_D225': 0.04192683564302499, 'K6X_D100_D140_D145_D155_D225_D230': 0.04495625940107296, 'K6X_D100_D200_D205_D210_D215_D220': 0.05578181894130515, 'K6X_D105_D120_D125_D130_D165_D190': 0.03554174322657525, 'K6X_D110_D125_D135_D150_D175_D190': 0.04209630535353525, 'K6X_D110_D125_D135_D150_D175_D195': 0.04164318239519566, 'K6X_D110_D190_D210_D215_D220_D225': 0.05815133783106815, 'K6X_D120_D125_D180_D185_D190_D195': 0.0259688543330118, 'K6X_D120_D145_D200_D215_D220_D230': 0.06849572416934427, 'K6X_D125_D135_D150_D175_D190_D210': 0.04430667179383462, 'K6X_D130_D145_D155_D180_D195_D230': 0.03636542238777517, 'K6X_D135_D155_D190_D220_D225_D230': 0.0724413106611576, 'K6X_D140_D160_D165_D170_D180_D190': 0.06975149480246613, 'K6X_D150_D205_D215_D220_D225_D230': 0.0777045808555596, 'K6X_D200_D205_D215_D220_D225_D230': 0.0632261419301289}","{'445': 0.04721655190699676, '446': 0.046118403212960395, '447': 0.045902458711875316, '448': 0.04729614519634099, '449': 0.04867075708562586, '450': 0.048739994828890666, '451': 0.04836757032483454, '452': 0.04967540040609894, '453': 0.04951390811608974, '454': 0.05001431767133229, '455': 0.05554419108378642}","{'p': 0.05361020614005668, 's': 0.044037011777185484}",0.34545454545454546,0.0,0.0,0.005106942576085221,0.011561481219423908,0.9518796992481202,0.3333333333333333,1.0,K6X_D130_D145_D155_D180_D195_D230,4,2,0.9210526315789473,43
LF_ridge_residual,raw_seed_17,0.042515612785674124,0.07087693223918579,0.08279965374730602,0.10818247699834667,0.09299922044806656,0.029128944417294956,"{'-3': 0.00924582084589957, '-2': 0.02433714109411893, '-1': 0.029128944417294956, '0': 0.09299922044806656, '1': 0.08279965374730602, '2': 0.039891125468397105, '3': 0.019207383478635733}",0.0683804426502917,0.09082420257651083,0.07284865930141718,0.09587655389126575,0.020570416138331868,0.10998708350516255,0.48363292164353333,K6X_D100_D130_D135_D155_D160_D225,0.10246489041985626,K6X_D100_D130_D135_D155_D160_D225_s,0.10315138362324697,"{'K6X_D100_D105_D110_D115_D190_D230': 0.07064687708588818, 'K6X_D100_D105_D115_D120_D125_D130': 0.03741042557305491, 'K6X_D100_D105_D115_D165_D225_D230': 0.04255689451476878, 'K6X_D100_D110_D115_D220_D225_D230': 0.0551143046615903, 'K6X_D100_D115_D130_D145_D155_D185': 0.01647152950081149, 'K6X_D100_D130_D135_D155_D160_D225': 0.10246489041985626, 'K6X_D100_D140_D145_D155_D225_D230': 0.06898867228485485, 'K6X_D100_D200_D205_D210_D215_D220': 0.04464952726110773, 'K6X_D105_D120_D125_D130_D165_D190': 0.02531887898611864, 'K6X_D110_D125_D135_D150_D175_D190': 0.028673393096897624, 'K6X_D110_D125_D135_D150_D175_D195': 0.021285103637876637, 'K6X_D110_D190_D210_D215_D220_D225': 0.03313948777423564, 'K6X_D120_D125_D180_D185_D190_D195': 0.03077764540809504, 'K6X_D120_D145_D200_D215_D220_D230': 0.05385377676973681, 'K6X_D125_D135_D150_D175_D190_D210': 0.010696277346960725, 'K6X_D130_D145_D155_D180_D195_D230': 0.02802579464333482, 'K6X_D135_D155_D190_D220_D225_D230': 0.05297967570440049, 'K6X_D140_D160_D165_D170_D180_D190': 0.04527884457838015, 'K6X_D150_D205_D215_D220_D225_D230': 0.04150874892251401, 'K6X_D200_D205_D215_D220_D225_D230': 0.04047150754299945}","{'445': 0.04152029935352613, '446': 0.039929960303365576, '447': 0.040104906507070305, '448': 0.04143824486521022, '449': 0.044021910499155124, '450': 0.04404845927945404, '451': 0.043302814715851595, '452': 0.043481027363038875, '453': 0.04233425263487952, '454': 0.041949094598452495, '455': 0.04554077052241153}","{'p': 0.04364647370080184, 's': 0.04138475187054642}",0.10649350649350649,0.0,0.0,0.022275324115659863,0.10624837953271571,0.9533834586466164,0.6666666666666666,0.8,K6X_D130_D145_D155_D180_D195_D230,4,2,0.9210526315789473,17
LF_ridge_residual,raw_seed_29,0.042515612785674124,0.07087693223918579,0.08279965374730602,0.10818247699834667,0.09299922044806656,0.029128944417294956,"{'-3': 0.00924582084589957, '-2': 0.02433714109411893, '-1': 0.029128944417294956, '0': 0.09299922044806656, '1': 0.08279965374730602, '2': 0.039891125468397105, '3': 0.019207383478635733}",0.0683804426502917,0.09082420257651083,0.07284865930141718,0.09587655389126575,0.020570416138331868,0.10998708350516255,0.48363292164353333,K6X_D100_D130_D135_D155_D160_D225,0.10246489041985626,K6X_D100_D130_D135_D155_D160_D225_s,0.10315138362324697,"{'K6X_D100_D105_D110_D115_D190_D230': 0.07064687708588818, 'K6X_D100_D105_D115_D120_D125_D130': 0.03741042557305491, 'K6X_D100_D105_D115_D165_D225_D230': 0.04255689451476878, 'K6X_D100_D110_D115_D220_D225_D230': 0.0551143046615903, 'K6X_D100_D115_D130_D145_D155_D185': 0.01647152950081149, 'K6X_D100_D130_D135_D155_D160_D225': 0.10246489041985626, 'K6X_D100_D140_D145_D155_D225_D230': 0.06898867228485485, 'K6X_D100_D200_D205_D210_D215_D220': 0.04464952726110773, 'K6X_D105_D120_D125_D130_D165_D190': 0.02531887898611864, 'K6X_D110_D125_D135_D150_D175_D190': 0.028673393096897624, 'K6X_D110_D125_D135_D150_D175_D195': 0.021285103637876637, 'K6X_D110_D190_D210_D215_D220_D225': 0.03313948777423564, 'K6X_D120_D125_D180_D185_D190_D195': 0.03077764540809504, 'K6X_D120_D145_D200_D215_D220_D230': 0.05385377676973681, 'K6X_D125_D135_D150_D175_D190_D210': 0.010696277346960725, 'K6X_D130_D145_D155_D180_D195_D230': 0.02802579464333482, 'K6X_D135_D155_D190_D220_D225_D230': 0.05297967570440049, 'K6X_D140_D160_D165_D170_D180_D190': 0.04527884457838015, 'K6X_D150_D205_D215_D220_D225_D230': 0.04150874892251401, 'K6X_D200_D205_D215_D220_D225_D230': 0.04047150754299945}","{'445': 0.04152029935352613, '446': 0.039929960303365576, '447': 0.040104906507070305, '448': 0.04143824486521022, '449': 0.044021910499155124, '450': 0.04404845927945404, '451': 0.043302814715851595, '452': 0.043481027363038875, '453': 0.04233425263487952, '454': 0.041949094598452495, '455': 0.04554077052241153}","{'p': 0.04364647370080184, 's': 0.04138475187054642}",0.10649350649350649,0.0,0.0,0.022275324115659863,0.10624837953271571,0.9533834586466164,0.6666666666666666,0.8,K6X_D130_D145_D155_D180_D195_D230,4,2,0.9210526315789473,29
LF_ridge_residual,raw_seed_43,0.042515612785674124,0.07087693223918579,0.08279965374730602,0.10818247699834667,0.09299922044806656,0.029128944417294956,"{'-3': 0.00924582084589957, '-2': 0.02433714109411893, '-1': 0.029128944417294956, '0': 0.09299922044806656, '1': 0.08279965374730602, '2': 0.039891125468397105, '3': 0.019207383478635733}",0.0683804426502917,0.09082420257651083,0.07284865930141718,0.09587655389126575,0.020570416138331868,0.10998708350516255,0.48363292164353333,K6X_D100_D130_D135_D155_D160_D225,0.10246489041985626,K6X_D100_D130_D135_D155_D160_D225_s,0.10315138362324697,"{'K6X_D100_D105_D110_D115_D190_D230': 0.07064687708588818, 'K6X_D100_D105_D115_D120_D125_D130': 0.03741042557305491, 'K6X_D100_D105_D115_D165_D225_D230': 0.04255689451476878, 'K6X_D100_D110_D115_D220_D225_D230': 0.0551143046615903, 'K6X_D100_D115_D130_D145_D155_D185': 0.01647152950081149, 'K6X_D100_D130_D135_D155_D160_D225': 0.10246489041985626, 'K6X_D100_D140_D145_D155_D225_D230': 0.06898867228485485, 'K6X_D100_D200_D205_D210_D215_D220': 0.04464952726110773, 'K6X_D105_D120_D125_D130_D165_D190': 0.02531887898611864, 'K6X_D110_D125_D135_D150_D175_D190': 0.028673393096897624, 'K6X_D110_D125_D135_D150_D175_D195': 0.021285103637876637, 'K6X_D110_D190_D210_D215_D220_D225': 0.03313948777423564, 'K6X_D120_D125_D180_D185_D190_D195': 0.03077764540809504, 'K6X_D120_D145_D200_D215_D220_D230': 0.05385377676973681, 'K6X_D125_D135_D150_D175_D190_D210': 0.010696277346960725, 'K6X_D130_D145_D155_D180_D195_D230': 0.02802579464333482, 'K6X_D135_D155_D190_D220_D225_D230': 0.05297967570440049, 'K6X_D140_D160_D165_D170_D180_D190': 0.04527884457838015, 'K6X_D150_D205_D215_D220_D225_D230': 0.04150874892251401, 'K6X_D200_D205_D215_D220_D225_D230': 0.04047150754299945}","{'445': 0.04152029935352613, '446': 0.039929960303365576, '447': 0.040104906507070305, '448': 0.04143824486521022, '449': 0.044021910499155124, '450': 0.04404845927945404, '451': 0.043302814715851595, '452': 0.043481027363038875, '453': 0.04233425263487952, '454': 0.041949094598452495, '455': 0.04554077052241153}","{'p': 0.04364647370080184, 's': 0.04138475187054642}",0.10649350649350649,0.0,0.0,0.022275324115659863,0.10624837953271571,0.9533834586466164,0.6666666666666666,0.8,K6X_D130_D145_D155_D180_D195_D230,4,2,0.9210526315789473,43
LF_paired_shared_contrast,raw_seed_17,0.04441971446165779,0.07564418139592506,0.0944350288541575,0.12061757595235864,0.09264441028354171,0.029254732618998268,"{'-3': 0.009683757044247347, '-2': 0.024504634833359115, '-1': 0.029254732618998268, '0': 0.09264441028354171, '1': 0.0944350288541575, '2': 0.03981834602943281, '3': 0.020597091567867733}",0.06838044265029156,0.09082420257651075,0.06577658340990941,0.09056105886238333,0.020717592598274572,0.11583159557337598,0.4795454608426616,K6X_D100_D130_D135_D155_D160_D225,0.1027518587956122,K6X_D100_D130_D135_D155_D160_D225_p,0.12224637625624003,"{'K6X_D100_D105_D110_D115_D190_D230': 0.07158475940331614, 'K6X_D100_D105_D115_D120_D125_D130': 0.04097830237588098, 'K6X_D100_D105_D115_D165_D225_D230': 0.0410986433667579, 'K6X_D100_D110_D115_D220_D225_D230': 0.055705557822573706, 'K6X_D100_D115_D130_D145_D155_D185': 0.017045191364771586, 'K6X_D100_D130_D135_D155_D160_D225': 0.1027518587956122, 'K6X_D100_D140_D145_D155_D225_D230': 0.07519515230997396, 'K6X_D100_D200_D205_D210_D215_D220': 0.03855279146653423, 'K6X_D105_D120_D125_D130_D165_D190': 0.02422522907852217, 'K6X_D110_D125_D135_D150_D175_D190': 0.025505086791315364, 'K6X_D110_D125_D135_D150_D175_D195': 0.01774602936682157, 'K6X_D110_D190_D210_D215_D220_D225': 0.029336334769226976, 'K6X_D120_D125_D180_D185_D190_D195': 0.028851622753676275, 'K6X_D120_D145_D200_D215_D220_D230': 0.056830159277472446, 'K6X_D125_D135_D150_D175_D190_D210': 0.012617398475712105, 'K6X_D130_D145_D155_D180_D195_D230': 0.03138237416304611, 'K6X_D135_D155_D190_D220_D225_D230': 0.050253496832235026, 'K6X_D140_D160_D165_D170_D180_D190': 0.054449768318302234, 'K6X_D150_D205_D215_D220_D225_D230': 0.0559935712224688, 'K6X_D200_D205_D215_D220_D225_D230': 0.058290961278935856}","{'445': 0.044312811703972894, '446': 0.041562147641104476, '447': 0.041919358460587385, '448': 0.042150075867808154, '449': 0.04413036831201403, '450': 0.044173579800061966, '451': 0.04433732126797352, '452': 0.04613402930869388, '453': 0.0449492190949656, '454': 0.04590910034729614, '455': 0.04903884727375758}","{'p': 0.05044430115936226, 's': 0.038395127763953305}",0.13603896103896104,0.0,0.0,0.05412658746779024,0.2718367452688648,0.9533834586466164,0.6666666666666666,0.8,K6X_D130_D145_D155_D180_D195_D230,4,2,0.9210526315789473,17
LF_paired_shared_contrast,raw_seed_29,0.04441971446165779,0.07564418139592506,0.0944350288541575,0.12061757595235864,0.09264441028354171,0.029254732618998268,"{'-3': 0.009683757044247347, '-2': 0.024504634833359115, '-1': 0.029254732618998268, '0': 0.09264441028354171, '1': 0.0944350288541575, '2': 0.03981834602943281, '3': 0.020597091567867733}",0.06838044265029156,0.09082420257651075,0.06577658340990941,0.09056105886238333,0.020717592598274572,0.11583159557337598,0.4795454608426616,K6X_D100_D130_D135_D155_D160_D225,0.1027518587956122,K6X_D100_D130_D135_D155_D160_D225_p,0.12224637625624003,"{'K6X_D100_D105_D110_D115_D190_D230': 0.07158475940331614, 'K6X_D100_D105_D115_D120_D125_D130': 0.04097830237588098, 'K6X_D100_D105_D115_D165_D225_D230': 0.0410986433667579, 'K6X_D100_D110_D115_D220_D225_D230': 0.055705557822573706, 'K6X_D100_D115_D130_D145_D155_D185': 0.017045191364771586, 'K6X_D100_D130_D135_D155_D160_D225': 0.1027518587956122, 'K6X_D100_D140_D145_D155_D225_D230': 0.07519515230997396, 'K6X_D100_D200_D205_D210_D215_D220': 0.03855279146653423, 'K6X_D105_D120_D125_D130_D165_D190': 0.02422522907852217, 'K6X_D110_D125_D135_D150_D175_D190': 0.025505086791315364, 'K6X_D110_D125_D135_D150_D175_D195': 0.01774602936682157, 'K6X_D110_D190_D210_D215_D220_D225': 0.029336334769226976, 'K6X_D120_D125_D180_D185_D190_D195': 0.028851622753676275, 'K6X_D120_D145_D200_D215_D220_D230': 0.056830159277472446, 'K6X_D125_D135_D150_D175_D190_D210': 0.012617398475712105, 'K6X_D130_D145_D155_D180_D195_D230': 0.03138237416304611, 'K6X_D135_D155_D190_D220_D225_D230': 0.050253496832235026, 'K6X_D140_D160_D165_D170_D180_D190': 0.054449768318302234, 'K6X_D150_D205_D215_D220_D225_D230': 0.0559935712224688, 'K6X_D200_D205_D215_D220_D225_D230': 0.058290961278935856}","{'445': 0.044312811703972894, '446': 0.041562147641104476, '447': 0.041919358460587385, '448': 0.042150075867808154, '449': 0.04413036831201403, '450': 0.044173579800061966, '451': 0.04433732126797352, '452': 0.04613402930869388, '453': 0.0449492190949656, '454': 0.04590910034729614, '455': 0.04903884727375758}","{'p': 0.05044430115936226, 's': 0.038395127763953305}",0.13603896103896104,0.0,0.0,0.05412658746779024,0.2718367452688648,0.9533834586466164,0.6666666666666666,0.8,K6X_D130_D145_D155_D180_D195_D230,4,2,0.9210526315789473,29
LF_paired_shared_contrast,raw_seed_43,0.04441971446165779,0.07564418139592506,0.0944350288541575,0.12061757595235864,0.09264441028354171,0.029254732618998268,"{'-3': 0.009683757044247347, '-2': 0.024504634833359115, '-1': 0.029254732618998268, '0': 0.09264441028354171, '1': 0.0944350288541575, '2': 0.03981834602943281, '3': 0.020597091567867733}",0.06838044265029156,0.09082420257651075,0.06577658340990941,0.09056105886238333,0.020717592598274572,0.11583159557337598,0.4795454608426616,K6X_D100_D130_D135_D155_D160_D225,0.1027518587956122,K6X_D100_D130_D135_D155_D160_D225_p,0.12224637625624003,"{'K6X_D100_D105_D110_D115_D190_D230': 0.07158475940331614, 'K6X_D100_D105_D115_D120_D125_D130': 0.04097830237588098, 'K6X_D100_D105_D115_D165_D225_D230': 0.0410986433667579, 'K6X_D100_D110_D115_D220_D225_D230': 0.055705557822573706, 'K6X_D100_D115_D130_D145_D155_D185': 0.017045191364771586, 'K6X_D100_D130_D135_D155_D160_D225': 0.1027518587956122, 'K6X_D100_D140_D145_D155_D225_D230': 0.07519515230997396, 'K6X_D100_D200_D205_D210_D215_D220': 0.03855279146653423, 'K6X_D105_D120_D125_D130_D165_D190': 0.02422522907852217, 'K6X_D110_D125_D135_D150_D175_D190': 0.025505086791315364, 'K6X_D110_D125_D135_D150_D175_D195': 0.01774602936682157, 'K6X_D110_D190_D210_D215_D220_D225': 0.029336334769226976, 'K6X_D120_D125_D180_D185_D190_D195': 0.028851622753676275, 'K6X_D120_D145_D200_D215_D220_D230': 0.056830159277472446, 'K6X_D125_D135_D150_D175_D190_D210': 0.012617398475712105, 'K6X_D130_D145_D155_D180_D195_D230': 0.03138237416304611, 'K6X_D135_D155_D190_D220_D225_D230': 0.050253496832235026, 'K6X_D140_D160_D165_D170_D180_D190': 0.054449768318302234, 'K6X_D150_D205_D215_D220_D225_D230': 0.0559935712224688, 'K6X_D200_D205_D215_D220_D225_D230': 0.058290961278935856}","{'445': 0.044312811703972894, '446': 0.041562147641104476, '447': 0.041919358460587385, '448': 0.042150075867808154, '449': 0.04413036831201403, '450': 0.044173579800061966, '451': 0.04433732126797352, '452': 0.04613402930869388, '453': 0.0449492190949656, '454': 0.04590910034729614, '455': 0.04903884727375758}","{'p': 0.05044430115936226, 's': 0.038395127763953305}",0.13603896103896104,0.0,0.0,0.05412658746779024,0.2718367452688648,0.9533834586466164,0.6666666666666666,0.8,K6X_D130_D145_D155_D180_D195_D230,4,2,0.9210526315789473,43
corrected_residual_mlp,raw_seed_17,0.05189310475258715,0.09194186808418427,0.08990232590120764,0.12267829754954443,0.12392228805260345,0.03088539179380073,"{'-3': 0.013926470212693184, '-2': 0.032527709033917544, '-1': 0.03088539179380073, '0': 0.12392228805260345, '1': 0.08990232590120764, '2': 0.044742578566442155, '3': 0.027344969707445314}",0.06282053258320439,0.08823450994435829,0.08609611429852089,0.12512619007259304,0.025987171877463393,0.12659206025639144,0.9849168053787285,K6X_D100_D140_D145_D155_D225_D230,0.14617633413457784,K6X_D100_D140_D145_D155_D225_D230_s,0.15695870911788376,"{'K6X_D100_D105_D110_D115_D190_D230': 0.06572766253128923, 'K6X_D100_D105_D115_D120_D125_D130': 0.06830704954484283, 'K6X_D100_D105_D115_D165_D225_D230': 0.05246275681252554, 'K6X_D100_D110_D115_D220_D225_D230': 0.08516645172877402, 'K6X_D100_D115_D130_D145_D155_D185': 0.018142452631193934, 'K6X_D100_D130_D135_D155_D160_D225': 0.08054583711406958, 'K6X_D100_D140_D145_D155_D225_D230': 0.14617633413457784, 'K6X_D100_D200_D205_D210_D215_D220': 0.03974639297998701, 'K6X_D105_D120_D125_D130_D165_D190': 0.032815877957551635, 'K6X_D110_D125_D135_D150_D175_D190': 0.01681761119055029, 'K6X_D110_D125_D135_D150_D175_D195': 0.012309239728442492, 'K6X_D110_D190_D210_D215_D220_D225': 0.029480372129959916, 'K6X_D120_D125_D180_D185_D190_D195': 0.04640479187764636, 'K6X_D120_D145_D200_D215_D220_D230': 0.04793320119947565, 'K6X_D125_D135_D150_D175_D190_D210': 0.011567721525676554, 'K6X_D130_D145_D155_D180_D195_D230': 0.02359785150666063, 'K6X_D135_D155_D190_D220_D225_D230': 0.06026915985406775, 'K6X_D140_D160_D165_D170_D180_D190': 0.06455930452192768, 'K6X_D150_D205_D215_D220_D225_D230': 0.05569486571880693, 'K6X_D200_D205_D215_D220_D225_D230': 0.08013716036371703}","{'445': 0.048990501523837715, '446': 0.04618053405059454, '447': 0.04663587151410261, '448': 0.04969227713539067, '449': 0.050716916770309525, '450': 0.04837666628800342, '451': 0.048557432650048096, '452': 0.050578349652105024, '453': 0.058299028455849694, '454': 0.06184760530072061, '455': 0.06094896893749667}","{'p': 0.053874555746115264, 's': 0.049911653759059024}",0.15681818181818183,0.0,0.0,0.04143554520942416,0.44801520742475986,0.9654135338345864,0.6666666666666666,1.0,K6X_D130_D145_D155_D180_D195_D230,5,2,0.9368421052631579,17
corrected_residual_mlp,raw_seed_29,0.050163709202232336,0.08374750543048046,0.09545667392389735,0.13835115024250025,0.10383321610797631,0.03512032912280055,"{'-3': 0.02030630728647894, '-2': 0.027192607342367763, '-1': 0.03512032912280055, '0': 0.10383321610797631, '1': 0.09545667392389735, '2': 0.03915926803413262, '3': 0.03007756259797283}",0.05860846338449456,0.08365925742982971,0.0758756318443747,0.10140693472337553,0.026367382860353956,0.1203560835411474,0.5509785566799599,K6X_D100_D140_D145_D155_D225_D230,0.10264186309470719,K6X_D100_D140_D145_D155_D225_D230_s,0.12080612590344139,"{'K6X_D100_D105_D110_D115_D190_D230': 0.05679159615313205, 'K6X_D100_D105_D115_D120_D125_D130': 0.07553205485500898, 'K6X_D100_D105_D115_D165_D225_D230': 0.04865879042668671, 'K6X_D100_D110_D115_D220_D225_D230': 0.09620514950200033, 'K6X_D100_D115_D130_D145_D155_D185': 0.01863018126087945, 'K6X_D100_D130_D135_D155_D160_D225': 0.08972668208947414, 'K6X_D100_D140_D145_D155_D225_D230': 0.10264186309470719, 'K6X_D100_D200_D205_D210_D215_D220': 0.04655074412340596, 'K6X_D105_D120_D125_D130_D165_D190': 0.028709700924888188, 'K6X_D110_D125_D135_D150_D175_D190': 0.018016563099585155, 'K6X_D110_D125_D135_D150_D175_D195': 0.012075458733303278, 'K6X_D110_D190_D210_D215_D220_D225': 0.03235108625904993, 'K6X_D120_D125_D180_D185_D190_D195': 0.03268404121186702, 'K6X_D120_D145_D200_D215_D220_D230': 0.05382633314673155, 'K6X_D125_D135_D150_D175_D190_D210': 0.01219871770563761, 'K6X_D130_D145_D155_D180_D195_D230': 0.03222985401816344, 'K6X_D135_D155_D190_D220_D225_D230': 0.06657613002187344, 'K6X_D140_D160_D165_D170_D180_D190': 0.05122549378922833, 'K6X_D150_D205_D215_D220_D225_D230': 0.05244677516558275, 'K6X_D200_D205_D215_D220_D225_D230': 0.07619696846344128}","{'445': 0.04849889225392815, '446': 0.047603306787773185, '447': 0.04645717587878706, '448': 0.04805374513182309, '449': 0.04967311822657635, '450': 0.048769274158487426, '451': 0.04975140476902813, '452': 0.05131887233321686, '453': 0.05370042906537709, '454': 0.05437798426403682, '455': 0.05359659835552158}","{'p': 0.05281517893629345, 's': 0.04751223946817123}",0.1444805194805195,0.0,0.0,0.03559698213926326,0.15458534844219685,0.9233082706766916,0.6666666666666666,0.8,K6X_D130_D145_D155_D180_D195_D230,6,1,0.8894736842105263,29
corrected_residual_mlp,raw_seed_43,0.04944039545487706,0.08794865733981941,0.09473229109963252,0.13823591625847773,0.11829700844132483,0.029404900393487608,"{'-3': 0.01817356150686826, '-2': 0.0226009974819128, '-1': 0.029404900393487608, '0': 0.11829700844132483, '1': 0.09473229109963252, '2': 0.039827490435900455, '3': 0.02304651882501295}",0.0660761433003567,0.08962371097877325,0.08955290127538634,0.11792008624278906,0.022956417134338557,0.12606934659281327,0.6188462964218193,K6X_D100_D140_D145_D155_D225_D230,0.1067367873845843,K6X_D100_D140_D145_D155_D225_D230_s,0.11912754459435115,"{'K6X_D100_D105_D110_D115_D190_D230': 0.0640098467945516, 'K6X_D100_D105_D115_D120_D125_D130': 0.09747903084959557, 'K6X_D100_D105_D115_D165_D225_D230': 0.04353697261816824, 'K6X_D100_D110_D115_D220_D225_D230': 0.08123874515254599, 'K6X_D100_D115_D130_D145_D155_D185': 0.02087903626085718, 'K6X_D100_D130_D135_D155_D160_D225': 0.07888067779047359, 'K6X_D100_D140_D145_D155_D225_D230': 0.1067367873845843, 'K6X_D100_D200_D205_D210_D215_D220': 0.04029875328899233, 'K6X_D105_D120_D125_D130_D165_D190': 0.02864175878036544, 'K6X_D110_D125_D135_D150_D175_D190': 0.017898188209467605, 'K6X_D110_D125_D135_D150_D175_D195': 0.011905617854333498, 'K6X_D110_D190_D210_D215_D220_D225': 0.035133202903698264, 'K6X_D120_D125_D180_D185_D190_D195': 0.02496878760438664, 'K6X_D120_D145_D200_D215_D220_D230': 0.04262951850405723, 'K6X_D125_D135_D150_D175_D190_D210': 0.011219982648660655, 'K6X_D130_D145_D155_D180_D195_D230': 0.02540833871519006, 'K6X_D135_D155_D190_D220_D225_D230': 0.06574972401510151, 'K6X_D140_D160_D165_D170_D180_D190': 0.05400554011191891, 'K6X_D150_D205_D215_D220_D225_D230': 0.05134062578295736, 'K6X_D200_D205_D215_D220_D225_D230': 0.08684677382763523}","{'445': 0.04697136742540912, '446': 0.0451658292659198, '447': 0.04493166426393925, '448': 0.047659812119130826, '449': 0.04966107523235728, '450': 0.04873849830654556, '451': 0.04861671245185061, '452': 0.049622173267728324, '453': 0.05348178214734519, '454': 0.05447150635532564, '455': 0.054523929168096064}","{'p': 0.052830299660432206, 's': 0.04605049124932191}",0.1344155844155844,0.0,0.0,0.045459498519167856,0.25773908756673336,0.9308270676691727,0.6666666666666666,0.8,K6X_D130_D145_D155_D180_D195_D230,6,1,0.9,43
direct_mlp,raw_seed_17,0.07260620074774943,0.14233554886267033,0.15111785140981313,0.21975552247803595,0.20147738604798013,0.03697101320076755,"{'-3': 0.014346876231081707, '-2': 0.02628727044274171, '-1': 0.03697101320076755, '0': 0.20147738604798013, '1': 0.15111785140981313, '2': 0.054050586688043946, '3': 0.023992421213817717}",0.06267519563453693,0.08784094342337294,0.1814985558331619,0.23419831973202737,0.026374108476307726,0.1962310160194337,0.7020207181419125,K6X_D100_D105_D110_D115_D190_D230,0.17022901149867253,K6X_D100_D105_D115_D120_D125_D130_s,0.18605293081271726,"{'K6X_D100_D105_D110_D115_D190_D230': 0.17022901149867253, 'K6X_D100_D105_D115_D120_D125_D130': 0.16847968577500463, 'K6X_D100_D105_D115_D165_D225_D230': 0.0703960313813557, 'K6X_D100_D110_D115_D220_D225_D230': 0.11096957175331146, 'K6X_D100_D115_D130_D145_D155_D185': 0.050766652753168155, 'K6X_D100_D130_D135_D155_D160_D225': 0.04872133579649251, 'K6X_D100_D140_D145_D155_D225_D230': 0.13877612436602219, 'K6X_D100_D200_D205_D210_D215_D220': 0.023487848205809854, 'K6X_D105_D120_D125_D130_D165_D190': 0.05663612609804528, 'K6X_D110_D125_D135_D150_D175_D190': 0.024838115045938407, 'K6X_D110_D125_D135_D150_D175_D195': 0.021073818066260564, 'K6X_D110_D190_D210_D215_D220_D225': 0.03611153444983432, 'K6X_D120_D125_D180_D185_D190_D195': 0.10992368409331245, 'K6X_D120_D145_D200_D215_D220_D230': 0.06033855805051557, 'K6X_D125_D135_D150_D175_D190_D210': 0.014772098189063413, 'K6X_D130_D145_D155_D180_D195_D230': 0.022012675931237936, 'K6X_D135_D155_D190_D220_D225_D230': 0.06388508017508272, 'K6X_D140_D160_D165_D170_D180_D190': 0.11622792806272707, 'K6X_D150_D205_D215_D220_D225_D230': 0.08031199279839422, 'K6X_D200_D205_D215_D220_D225_D230': 0.06416614246473937}","{'445': 0.07336840296287099, '446': 0.0728675190305165, '447': 0.07295821431543993, '448': 0.0730141026808024, '449': 0.0735121361050697, '450': 0.07242595044099626, '451': 0.07281810573145679, '452': 0.07267447096228359, '453': 0.071489486392344, '454': 0.07082958766383222, '455': 0.07271023193963126}","{'p': 0.06992671144478661, 's': 0.07528569005071223}",0.0,0.0,0.0,0.18121941297238403,0.5249990609438342,0.825563909774436,0.3333333333333333,0.6,K6X_D130_D145_D155_D180_D195_D230,6,0,0.8105263157894737,17
direct_mlp,raw_seed_29,0.0726980398893284,0.14524460775692527,0.15488442794262405,0.22973404671210476,0.2041892861694046,0.03503922703553814,"{'-3': 0.013728860792514003, '-2': 0.02503940057191726, '-1': 0.03503922703553814, '0': 0.2041892861694046, '1': 0.15488442794262405, '2': 0.05300725218327721, '3': 0.022997824530023494}",0.05979736526683181,0.0848279361870237,0.1657917927030696,0.2226529297576718,0.025927535316971083,0.19276643294333823,0.6946289391919602,K6X_D100_D105_D110_D115_D190_D230,0.19736785874476173,K6X_D100_D105_D110_D115_D190_D230_s,0.2011223831814827,"{'K6X_D100_D105_D110_D115_D190_D230': 0.19736785874476173, 'K6X_D100_D105_D115_D120_D125_D130': 0.1452865503740002, 'K6X_D100_D105_D115_D165_D225_D230': 0.07387527583829644, 'K6X_D100_D110_D115_D220_D225_D230': 0.10566019524098386, 'K6X_D100_D115_D130_D145_D155_D185': 0.0404475731626475, 'K6X_D100_D130_D135_D155_D160_D225': 0.05499093625164178, 'K6X_D100_D140_D145_D155_D225_D230': 0.16491140587400593, 'K6X_D100_D200_D205_D210_D215_D220': 0.020030353890312526, 'K6X_D105_D120_D125_D130_D165_D190': 0.048110763024830625, 'K6X_D110_D125_D135_D150_D175_D190': 0.02207475824227423, 'K6X_D110_D125_D135_D150_D175_D195': 0.018267523116936333, 'K6X_D110_D190_D210_D215_D220_D225': 0.038361980090315925, 'K6X_D120_D125_D180_D185_D190_D195': 0.10739249309593259, 'K6X_D120_D145_D200_D215_D220_D230': 0.06293193950253187, 'K6X_D125_D135_D150_D175_D190_D210': 0.01559019304891866, 'K6X_D130_D145_D155_D180_D195_D230': 0.021863815730806282, 'K6X_D135_D155_D190_D220_D225_D230': 0.0614794697457588, 'K6X_D140_D160_D165_D170_D180_D190': 0.11244966446104289, 'K6X_D150_D205_D215_D220_D225_D230': 0.07474298570107318, 'K6X_D200_D205_D215_D220_D225_D230': 0.06812506264949661}","{'445': 0.07517046229517069, '446': 0.07433028260588427, '447': 0.07398842656114189, '448': 0.07405854986750866, '449': 0.07416947044133665, '450': 0.07263974374169327, '451': 0.0723991169874446, '452': 0.07118717718752147, '453': 0.07061854089149988, '454': 0.06958145518108755, '455': 0.07153521302232342}","{'p': 0.07074773930704409, 's': 0.0746483404716127}",0.0,0.0,0.0,0.17037761977200058,0.6475714679406518,0.8360902255639097,0.3333333333333333,0.8,K6X_D130_D145_D155_D180_D195_D230,5,1,0.8210526315789474,29
direct_mlp,raw_seed_43,0.07084521573012785,0.1363996553587644,0.1423794530183903,0.18803602140827777,0.19882610355233774,0.03667637642296602,"{'-3': 0.01429921461240326, '-2': 0.02619239612509497, '-1': 0.03667637642296602, '0': 0.19882610355233774, '1': 0.1423794530183903, '2': 0.053623718408568055, '3': 0.023919247971134615}",0.06105540659754084,0.08486203773021124,0.20691286745415585,0.2649325719474392,0.026367617711513074,0.20044103321090048,0.6925950426454535,K6X_D100_D105_D110_D115_D190_D230,0.15484297062523364,K6X_D100_D105_D110_D115_D190_D230_s,0.16158391208564726,"{'K6X_D100_D105_D110_D115_D190_D230': 0.15484297062523364, 'K6X_D100_D105_D115_D120_D125_D130': 0.1404550311300112, 'K6X_D100_D105_D115_D165_D225_D230': 0.05280232964515517, 'K6X_D100_D110_D115_D220_D225_D230': 0.09107961568723946, 'K6X_D100_D115_D130_D145_D155_D185': 0.03743113281772662, 'K6X_D100_D130_D135_D155_D160_D225': 0.06086570830438353, 'K6X_D100_D140_D145_D155_D225_D230': 0.15380294939793313, 'K6X_D100_D200_D205_D210_D215_D220': 0.0247991203143861, 'K6X_D105_D120_D125_D130_D165_D190': 0.05510964864374426, 'K6X_D110_D125_D135_D150_D175_D190': 0.02304360181067032, 'K6X_D110_D125_D135_D150_D175_D195': 0.019314792364129772, 'K6X_D110_D190_D210_D215_D220_D225': 0.0367196486291971, 'K6X_D120_D125_D180_D185_D190_D195': 0.08389224013748761, 'K6X_D120_D145_D200_D215_D220_D230': 0.07551553491090333, 'K6X_D125_D135_D150_D175_D190_D210': 0.016331474943326228, 'K6X_D130_D145_D155_D180_D195_D230': 0.028728404785944912, 'K6X_D135_D155_D190_D220_D225_D230': 0.06457322766027919, 'K6X_D140_D160_D165_D170_D180_D190': 0.09326079123911371, 'K6X_D150_D205_D215_D220_D225_D230': 0.10524498601616118, 'K6X_D200_D205_D215_D220_D225_D230': 0.09909110553953066}","{'445': 0.07253743350800898, '446': 0.07130198791569187, '447': 0.07132250580748438, '448': 0.0714355574902863, '449': 0.07200853762783388, '450': 0.07117248200633229, '451': 0.0713138655267062, '452': 0.06996287165228686, '453': 0.0683419140756375, '454': 0.06873866191420822, '455': 0.07116155550692999}","{'p': 0.06801426366162353, 's': 0.07367616779863218}",0.0,0.0,0.0,0.19774386207807737,0.5680600780706356,0.8300751879699247,0.3333333333333333,0.6,K6X_D130_D145_D155_D180_D195_D230,6,0,0.8157894736842105,43
resmlp,raw_seed_17,0.055197022037969425,0.10489061602878785,0.10852322329045673,0.16721103720192773,0.1360193352149957,0.04343596721372268,"{'-3': 0.010308757537093226, '-2': 0.028510285322583925, '-1': 0.04343596721372268, '0': 0.1360193352149957, '1': 0.10852322329045673, '2': 0.038042712638530526, '3': 0.021538873048403205}",0.0612236511464396,0.08410296778898115,0.09080562974276574,0.11726729346486967,0.021262150150972894,0.14304599912509816,0.6775918302266791,K6X_D100_D110_D115_D220_D225_D230,0.1274767118311492,K6X_D140_D160_D165_D170_D180_D190_s,0.1591117837911475,"{'K6X_D100_D105_D110_D115_D190_D230': 0.11626380414019123, 'K6X_D100_D105_D115_D120_D125_D130': 0.05594607557510186, 'K6X_D100_D105_D115_D165_D225_D230': 0.026758822388836246, 'K6X_D100_D110_D115_D220_D225_D230': 0.1274767118311492, 'K6X_D100_D115_D130_D145_D155_D185': 0.03251039714288562, 'K6X_D100_D130_D135_D155_D160_D225': 0.054466871591470484, 'K6X_D100_D140_D145_D155_D225_D230': 0.1071179609222306, 'K6X_D100_D200_D205_D210_D215_D220': 0.02982256952262802, 'K6X_D105_D120_D125_D130_D165_D190': 0.043319755315079284, 'K6X_D110_D125_D135_D150_D175_D190': 0.02199862489982318, 'K6X_D110_D125_D135_D150_D175_D195': 0.0183708792529934, 'K6X_D110_D190_D210_D215_D220_D225': 0.03716537686112526, 'K6X_D120_D125_D180_D185_D190_D195': 0.0863554712829374, 'K6X_D120_D145_D200_D215_D220_D230': 0.04779132169502129, 'K6X_D125_D135_D150_D175_D190_D210': 0.01083992390872336, 'K6X_D130_D145_D155_D180_D195_D230': 0.029144839134291896, 'K6X_D135_D155_D190_D220_D225_D230': 0.04093038061647731, 'K6X_D140_D160_D165_D170_D180_D190': 0.12531436953238934, 'K6X_D150_D205_D215_D220_D225_D230': 0.05974372958272831, 'K6X_D200_D205_D215_D220_D225_D230': 0.0326025555633053}","{'445': 0.06187161044205313, '446': 0.05845238980594447, '447': 0.05707458102296041, '448': 0.05627465588342083, '449': 0.05589435823457949, '450': 0.05348653283979773, '451': 0.05298439196248348, '452': 0.05478257790381363, '453': 0.05312710422905428, '454': 0.05166907753647156, '455': 0.05154996255708471}","{'p': 0.05472070432890824, 's': 0.05567333974703061}",0.0,0.0,0.0,0.06067821869492863,0.30350254654331366,0.9172932330827066,0.3333333333333333,0.8,K6X_D130_D145_D155_D180_D195_D230,5,1,0.8789473684210526,17
resmlp,raw_seed_29,0.05796123532468315,0.1076217903124296,0.11500537641862031,0.16401721764500785,0.14509764779898945,0.048487541394900274,"{'-3': 0.01254354590807461, '-2': 0.02455683847547324, '-1': 0.048487541394900274, '0': 0.14509764779898945, '1': 0.11500537641862031, '2': 0.038895614980009555, '3': 0.021142082296714604}",0.06275083681563007,0.08478759231050567,0.10765833858073655,0.14546648582472751,0.02567560543959469,0.14668872917906867,0.692392617198725,K6X_D100_D110_D115_D220_D225_D230,0.1377190279464978,K6X_D140_D160_D165_D170_D180_D190_s,0.16033406504213438,"{'K6X_D100_D105_D110_D115_D190_D230': 0.12569884673888437, 'K6X_D100_D105_D115_D120_D125_D130': 0.05094081362029393, 'K6X_D100_D105_D115_D165_D225_D230': 0.028088951703651287, 'K6X_D100_D110_D115_D220_D225_D230': 0.1377190279464978, 'K6X_D100_D115_D130_D145_D155_D185': 0.03474018063306053, 'K6X_D100_D130_D135_D155_D160_D225': 0.050571778579094256, 'K6X_D100_D140_D145_D155_D225_D230': 0.1039436377831484, 'K6X_D100_D200_D205_D210_D215_D220': 0.02745633126891779, 'K6X_D105_D120_D125_D130_D165_D190': 0.04497744580409288, 'K6X_D110_D125_D135_D150_D175_D190': 0.028559987058073638, 'K6X_D110_D125_D135_D150_D175_D195': 0.02493729364315282, 'K6X_D110_D190_D210_D215_D220_D225': 0.03531877787230037, 'K6X_D120_D125_D180_D185_D190_D195': 0.0839616164011394, 'K6X_D120_D145_D200_D215_D220_D230': 0.05253143755149801, 'K6X_D125_D135_D150_D175_D190_D210': 0.015313208893692701, 'K6X_D130_D145_D155_D180_D195_D230': 0.03107907918417418, 'K6X_D135_D155_D190_D220_D225_D230': 0.04691637524622104, 'K6X_D140_D160_D165_D170_D180_D190': 0.11893724353597529, 'K6X_D150_D205_D215_D220_D225_D230': 0.054748150119287464, 'K6X_D200_D205_D215_D220_D225_D230': 0.06278452291050689}","{'445': 0.06077891283831978, '446': 0.0591226758062395, '447': 0.05925679948536118, '448': 0.0593391099004816, '449': 0.05985147578503095, '450': 0.05718558256649305, '451': 0.05737788514738961, '452': 0.05670848360738272, '453': 0.05627899660431701, '454': 0.05513035723694839, '455': 0.05654330959355088}","{'p': 0.055800829031339004, 's': 0.06012164161802729}",0.0,0.0,0.0,0.0847424211369912,0.4630496545578353,0.9142857142857143,0.3333333333333333,0.8,K6X_D130_D145_D155_D180_D195_D230,2,1,0.8736842105263158,29
resmlp,raw_seed_43,0.05856997890265316,0.11082421191165129,0.11043176601288433,0.15514341925692213,0.15991885741649722,0.04340247744982332,"{'-3': 0.009979183131593926, '-2': 0.01986770167996872, '-1': 0.04340247744982332, '0': 0.15991885741649722, '1': 0.11043176601288433, '2': 0.04826689958970757, '3': 0.018122967038097074}",0.061615139389192324,0.08503611222290841,0.11991328468090542,0.15929705460539262,0.021492798388849266,0.16046049341542257,0.5851703581540778,K6X_D100_D105_D110_D115_D190_D230,0.12228308751270325,K6X_D140_D160_D165_D170_D180_D190_s,0.14450967506535425,"{'K6X_D100_D105_D110_D115_D190_D230': 0.12228308751270325, 'K6X_D100_D105_D115_D120_D125_D130': 0.04337930400082627, 'K6X_D100_D105_D115_D165_D225_D230': 0.047258161229684945, 'K6X_D100_D110_D115_D220_D225_D230': 0.10020769074665832, 'K6X_D100_D115_D130_D145_D155_D185': 0.039292101475188954, 'K6X_D100_D130_D135_D155_D160_D225': 0.054872222167276045, 'K6X_D100_D140_D145_D155_D225_D230': 0.10479624515971286, 'K6X_D100_D200_D205_D210_D215_D220': 0.025026393289310164, 'K6X_D105_D120_D125_D130_D165_D190': 0.04937576410323015, 'K6X_D110_D125_D135_D150_D175_D190': 0.025330208358449763, 'K6X_D110_D125_D135_D150_D175_D195': 0.020861385190981182, 'K6X_D110_D190_D210_D215_D220_D225': 0.03275541460315522, 'K6X_D120_D125_D180_D185_D190_D195': 0.09079415521773163, 'K6X_D120_D145_D200_D215_D220_D230': 0.052620402075482055, 'K6X_D125_D135_D150_D175_D190_D210': 0.01502784678373022, 'K6X_D130_D145_D155_D180_D195_D230': 0.032399126446692295, 'K6X_D135_D155_D190_D220_D225_D230': 0.05775814160741775, 'K6X_D140_D160_D165_D170_D180_D190': 0.100763930301225, 'K6X_D150_D205_D215_D220_D225_D230': 0.08245692284826665, 'K6X_D200_D205_D215_D220_D225_D230': 0.07414107493534058}","{'445': 0.062159983534367594, '446': 0.060838843864936494, '447': 0.06066737930574157, '448': 0.05980353978529084, '449': 0.05932120366516623, '450': 0.05739108649816725, '451': 0.05751034779619825, '452': 0.056574483690509755, '453': 0.05636901347338804, '454': 0.05584817373878467, '455': 0.05778571257663413}","{'p': 0.05670378072069514, 's': 0.060436177084611194}",0.0,0.0,0.0,0.10491072410173233,0.39713386725634336,0.9037593984962405,0.3333333333333333,0.8,K6X_D130_D145_D155_D180_D195_D230,4,1,0.8631578947368421,43
circular_cnn,raw_seed_17,0.04503977266898994,0.0773556466003165,0.07465407957640925,0.11090934029115351,0.10254547208866045,0.03400354144098217,"{'-3': 0.01303995614868949, '-2': 0.02397013431948432, '-1': 0.03400354144098217, '0': 0.10254547208866045, '1': 0.07465407957640925, '2': 0.044255079467581566, '3': 0.022810145641122315}",0.06698358203391132,0.0901691798501286,0.14623246387319705,0.18284548996582353,0.021080065590045032,0.12005004297240773,0.4930300378897976,K6X_D100_D140_D145_D155_D225_D230,0.12672463168766895,K6X_D100_D140_D145_D155_D225_D230_p,0.13848936936298334,"{'K6X_D100_D105_D110_D115_D190_D230': 0.06464454501648585, 'K6X_D100_D105_D115_D120_D125_D130': 0.03856706156645409, 'K6X_D100_D105_D115_D165_D225_D230': 0.05535790403184191, 'K6X_D100_D110_D115_D220_D225_D230': 0.017721376586034582, 'K6X_D100_D115_D130_D145_D155_D185': 0.025303062412385887, 'K6X_D100_D130_D135_D155_D160_D225': 0.07471713371324894, 'K6X_D100_D140_D145_D155_D225_D230': 0.12672463168766895, 'K6X_D100_D200_D205_D210_D215_D220': 0.026090634817884935, 'K6X_D105_D120_D125_D130_D165_D190': 0.026291975733589743, 'K6X_D110_D125_D135_D150_D175_D190': 0.01781710034784205, 'K6X_D110_D125_D135_D150_D175_D195': 0.01504842518201838, 'K6X_D110_D190_D210_D215_D220_D225': 0.038643212290082156, 'K6X_D120_D125_D180_D185_D190_D195': 0.06633673990824102, 'K6X_D120_D145_D200_D215_D220_D230': 0.04790912104237427, 'K6X_D125_D135_D150_D175_D190_D210': 0.019074039800611824, 'K6X_D130_D145_D155_D180_D195_D230': 0.05065798928188802, 'K6X_D135_D155_D190_D220_D225_D230': 0.04770703544894306, 'K6X_D140_D160_D165_D170_D180_D190': 0.05077530352995416, 'K6X_D150_D205_D215_D220_D225_D230': 0.046510178114056326, 'K6X_D200_D205_D215_D220_D225_D230': 0.04489798286819259}","{'445': 0.04506507623660992, '446': 0.042895849792959316, '447': 0.043266463397926516, '448': 0.04407139225257489, '449': 0.045836302722939225, '450': 0.04487732949810471, '451': 0.04463530796192434, '452': 0.04569025576564989, '453': 0.046146641216243324, '454': 0.04560246020818643, '455': 0.04735042030577077}","{'p': 0.04834417059284242, 's': 0.04173537474513745}",0.0,0.0,0.0,0.1447949116734952,0.3935200062888953,0.9353383458646616,0.3333333333333333,0.8,K6X_D130_D145_D155_D180_D195_D230,6,1,0.8894736842105263,17
circular_cnn,raw_seed_29,0.05271634078878176,0.09233593216172291,0.08774200353310976,0.12658830823764017,0.12977940516456674,0.036531589325582654,"{'-3': 0.0147784099908457, '-2': 0.026024425858586574, '-1': 0.036531589325582654, '0': 0.12977940516456674, '1': 0.08774200353310976, '2': 0.05058709768152757, '3': 0.023571453967253273}",0.06567046370401015,0.08799368336099879,0.1855774410641524,0.22670145124157765,0.0247266814002617,0.13986682967686678,0.5580511450613728,K6X_D100_D140_D145_D155_D225_D230,0.15173744336058223,K6X_D100_D140_D145_D155_D225_D230_p,0.15647543697232966,"{'K6X_D100_D105_D110_D115_D190_D230': 0.09778351198667669, 'K6X_D100_D105_D115_D120_D125_D130': 0.06399076483144749, 'K6X_D100_D105_D115_D165_D225_D230': 0.0673028052733392, 'K6X_D100_D110_D115_D220_D225_D230': 0.028706659834564125, 'K6X_D100_D115_D130_D145_D155_D185': 0.02022738822184759, 'K6X_D100_D130_D135_D155_D160_D225': 0.07024736832870852, 'K6X_D100_D140_D145_D155_D225_D230': 0.15173744336058223, 'K6X_D100_D200_D205_D210_D215_D220': 0.02841538333853892, 'K6X_D105_D120_D125_D130_D165_D190': 0.025537950851522127, 'K6X_D110_D125_D135_D150_D175_D190': 0.01982882452311064, 'K6X_D110_D125_D135_D150_D175_D195': 0.01706336912147085, 'K6X_D110_D190_D210_D215_D220_D225': 0.03750733008917676, 'K6X_D120_D125_D180_D185_D190_D195': 0.07025573386722357, 'K6X_D120_D145_D200_D215_D220_D230': 0.059909663676364217, 'K6X_D125_D135_D150_D175_D190_D210': 0.021708840598835946, 'K6X_D130_D145_D155_D180_D195_D230': 0.049148415087632895, 'K6X_D135_D155_D190_D220_D225_D230': 0.0634824580918827, 'K6X_D140_D160_D165_D170_D180_D190': 0.06509886886895805, 'K6X_D150_D205_D215_D220_D225_D230': 0.053195590094926755, 'K6X_D200_D205_D215_D220_D225_D230': 0.04317844572882576}","{'445': 0.05241972244979538, '446': 0.051376143799780026, '447': 0.05195266217781915, '448': 0.052280167827291786, '449': 0.05376279224882053, '450': 0.052226003486959036, '451': 0.05207952260495077, '452': 0.053014726202952736, '453': 0.05341626204824387, '454': 0.05292161300171216, '455': 0.054430132828273844}","{'p': 0.057138676391350396, 's': 0.048294005186213115}",0.0,0.0,0.0,0.1865853688806597,0.4605878237164873,0.9022556390977443,0.3333333333333333,0.8,K6X_D130_D145_D155_D180_D195_D230,6,1,0.8473684210526315,29
circular_cnn,raw_seed_43,0.0500605093127197,0.08481953833506088,0.07997245553197997,0.11477250309393058,0.11759086036228802,0.036547570645229704,"{'-3': 0.014100991486125314, '-2': 0.027190961171560984, '-1': 0.036547570645229704, '0': 0.11759086036228802, '1': 0.07997245553197997, '2': 0.05124322620935305, '3': 0.02377749978250081}",0.06772137991213521,0.09062259330326397,0.20206166635452263,0.23898171006560612,0.02420301256494639,0.14106824322633238,0.401070257385304,K6X_D100_D140_D145_D155_D225_D230,0.13712929445314942,K6X_D100_D140_D145_D155_D225_D230_s,0.1389350156659929,"{'K6X_D100_D105_D110_D115_D190_D230': 0.06731259404262413, 'K6X_D100_D105_D115_D120_D125_D130': 0.0525047473311776, 'K6X_D100_D105_D115_D165_D225_D230': 0.06943868612584644, 'K6X_D100_D110_D115_D220_D225_D230': 0.041945312066274325, 'K6X_D100_D115_D130_D145_D155_D185': 0.01796663887701336, 'K6X_D100_D130_D135_D155_D160_D225': 0.07889409273625266, 'K6X_D100_D140_D145_D155_D225_D230': 0.13712929445314942, 'K6X_D100_D200_D205_D210_D215_D220': 0.025534739687623393, 'K6X_D105_D120_D125_D130_D165_D190': 0.02562444516384086, 'K6X_D110_D125_D135_D150_D175_D190': 0.018584934375059557, 'K6X_D110_D125_D135_D150_D175_D195': 0.015621796538317741, 'K6X_D110_D190_D210_D215_D220_D225': 0.03479826644212611, 'K6X_D120_D125_D180_D185_D190_D195': 0.06851749724483688, 'K6X_D120_D145_D200_D215_D220_D230': 0.06146006092454397, 'K6X_D125_D135_D150_D175_D190_D210': 0.018174143495063633, 'K6X_D130_D145_D155_D180_D195_D230': 0.04228960863325374, 'K6X_D135_D155_D190_D220_D225_D230': 0.05382172930420064, 'K6X_D140_D160_D165_D170_D180_D190': 0.060999918546518754, 'K6X_D150_D205_D215_D220_D225_D230': 0.06043487461275122, 'K6X_D200_D205_D215_D220_D225_D230': 0.05015680565391952}","{'445': 0.04955077791343473, '446': 0.048562549479052544, '447': 0.048889142305162475, '448': 0.04996035035329458, '449': 0.05236804664788527, '450': 0.04988718823552622, '451': 0.04936528271592779, '452': 0.05009564406874276, '453': 0.05051084469765736, '454': 0.05033486501075032, '455': 0.05114091101248263}","{'p': 0.05275117138875998, 's': 0.04736984723667942}",0.0,0.0,0.0,0.20286103143720718,0.4557923248959945,0.9353383458646616,0.3333333333333333,1.0,K6X_D130_D145_D155_D180_D195_D230,5,2,0.8842105263157894,43
