FWHM_nm,T448,T449,T450,T450_10deg,T450_20deg,T450_30deg,T450_40deg,T450_50deg,T450_60deg,T451,T452,T453,TE_TM_split_20deg,TE_TM_split_40deg,Tpeak,blue_448_453_mean,blue_448_453_min,candidate_id,compiled_layer_sequence,complex_index_reconstruction,defect_material_id,duplicate_group_id,energy_max,extrapolation_policy,failed_conditions,gate_pass,geometry,global_rank,high_index_material_id,interpolation_axis,interpolation_method,interpolation_source_quantity,logical_layer_sequence,low_index_material_id,material_model,material_policy_id,normal_to_40_60_ratio,objective,peak_count,peak_error_nm,peak_wavelength_nm,physical_sequence_hash,propagation_direction,topology_id,total_layer_count_compiled,total_layer_count_logical,total_thickness_nm
8.5,0.7608499366142765,0.8247877061762433,0.8101067830876909,0.5790016435500352,0.15500990342905,0.04946567138898461,0.028666163706081715,0.029965044365424832,0.05022452174600835,0.7271136881978353,0.6141914471316123,0.5029174132220976,0.057482261781945265,0.041312606443140026,0.8276619524179517,0.7066611624049592,0.5029174132220976,ZL2_N3_L79_H44,H44 L79 H44 L79 H44 L158 H44 L79 H44 L79 H44,physical_principal_square_root,APCD_SIO2_NATIVE_M1,DUP_ef676f186b8ff324,1.000000000000001,forbidden,,true,"{""N"": 3, ""L_nm"": 79, ""H_nm"": 44, ""defect_origin"": ""natural_L_L_interface"", ""effective_defect_thickness_nm"": 158}",1,APCD_TIO2_NATIVE_M1,frequency_hz,linear,complex_epsilon,H44 L79 H44 L79 H44 L79 L79 H44 L79 H44 L79 H44,APCD_SIO2_NATIVE_M1,native_m1,MDC_NATIVE_M1,20.759839167692796,FAB,1,-0.5,449.5,ef676f186b8ff324,GaN -> reverse(stack) -> Air,ZL-2,11.0,12,738
8.5,0.7497160158454854,0.8214965958623341,0.8166617090394421,0.5928170195552988,0.15774998052519,0.05004629740002316,0.029115147640179487,0.030777100716192822,0.05221539387345542,0.7406522551561245,0.6300949518030818,0.5180743391094927,0.055458047447808245,0.041652262393549466,0.8293696644406363,0.7127826444693267,0.5180743391094927,ZL2_N3_L80_H43,H43 L80 H43 L80 H43 L160 H43 L80 H43 L80 H43,physical_principal_square_root,APCD_SIO2_NATIVE_M1,DUP_a8da3200487dd4dc,1.000000000000001,forbidden,,true,"{""N"": 3, ""L_nm"": 80, ""H_nm"": 43, ""defect_origin"": ""natural_L_L_interface"", ""effective_defect_thickness_nm"": 160}",2,APCD_TIO2_NATIVE_M1,frequency_hz,linear,complex_epsilon,H43 L80 H43 L80 H43 L80 L80 H43 L80 H43 L80 H43,APCD_SIO2_NATIVE_M1,native_m1,MDC_NATIVE_M1,20.459366736238902,FAB,1,-0.5,449.5,a8da3200487dd4dc,GaN -> reverse(stack) -> Air,ZL-2,11.0,12,738
8.5,0.7395731028132604,0.8180320607265692,0.8225422413716958,0.6073359084237311,0.1612467854221638,0.05091569497551273,0.029742598769008387,0.0317914971813574,0.05456177955290108,0.7539159092240597,0.6464069864795154,0.5341218680739667,0.05348724453638229,0.042214911841541136,0.8305276034611899,0.7190986947815112,0.5341218680739667,ZL2_N3_L81_H42,H42 L81 H42 L81 H42 L162 H42 L81 H42 L81 H42,physical_principal_square_root,APCD_SIO2_NATIVE_M1,DUP_7d497fb3b67a8d9f,1.000000000000001,forbidden,,true,"{""N"": 3, ""L_nm"": 81, ""H_nm"": 42, ""defect_origin"": ""natural_L_L_interface"", ""effective_defect_thickness_nm"": 162}",3,APCD_TIO2_NATIVE_M1,frequency_hz,linear,complex_epsilon,H42 L81 H42 L81 H42 L81 L81 H42 L81 H42 L81 H42,APCD_SIO2_NATIVE_M1,native_m1,MDC_NATIVE_M1,20.043382496757904,FAB,1,-0.5,449.5,7d497fb3b67a8d9f,GaN -> reverse(stack) -> Air,ZL-2,11.0,12,738
8.5,0.793834759977774,0.8314334815828194,0.789742527506269,0.5478264328910623,0.15213352531882676,0.04954659242174615,0.028367012320185278,0.02863135857245302,0.04610058979620294,0.6912933980969064,0.5754357526552827,0.4679857036575028,0.0644676949193555,0.04166077254234202,0.8314334815828194,0.6916209372460923,0.4679857036575028,ZL2_N3_L76_H47,H47 L76 H47 L76 H47 L152 H47 L76 H47 L76 H47,physical_principal_square_root,APCD_SIO2_NATIVE_M1,DUP_4c63b77971ca6977,1.000000000000001,forbidden,,true,"{""N"": 3, ""L_nm"": 76, ""H_nm"": 47, ""defect_origin"": ""natural_L_L_interface"", ""effective_defect_thickness_nm"": 152}",4,APCD_TIO2_NATIVE_M1,frequency_hz,linear,complex_epsilon,H47 L76 H47 L76 H47 L76 L76 H47 L76 H47 L76 H47,APCD_SIO2_NATIVE_M1,native_m1,MDC_NATIVE_M1,21.057739456921755,FAB,1,-1.0,449.0,4c63b77971ca6977,GaN -> reverse(stack) -> Air,ZL-2,11.0,12,738
8.5,0.7834243621212696,0.8297617201736283,0.7961403348520883,0.5559349612427269,0.15211628359708926,0.0492017407198668,0.028291225298771025,0.028899888386982313,0.04719022041275538,0.7017355020726729,0.5862375185418638,0.47740382011159893,0.06191864100790445,0.04131007975371745,0.8297617201736283,0.695783876312187,0.47740382011159893,ZL2_N3_L77_H46,H46 L77 H46 L77 H46 L154 H46 L77 H46 L77 H46,physical_principal_square_root,APCD_SIO2_NATIVE_M1,DUP_49571a3f876ef9de,1.0000000000000013,forbidden,,true,"{""N"": 3, ""L_nm"": 77, ""H_nm"": 46, ""defect_origin"": ""natural_L_L_interface"", ""effective_defect_thickness_nm"": 154}",5,APCD_TIO2_NATIVE_M1,frequency_hz,linear,complex_epsilon,H46 L77 H46 L77 H46 L77 L77 H46 L77 H46 L77 H46,APCD_SIO2_NATIVE_M1,native_m1,MDC_NATIVE_M1,21.044881691524182,FAB,1,-1.0,449.0,49571a3f876ef9de,GaN -> reverse(stack) -> Air,ZL-2,11.0,12,738
8.5,0.7722826525771276,0.8275808267693745,0.8031217127995605,0.5665103178791262,0.15310487682537882,0.04918038574970572,0.028391770836292175,0.029342428862733708,0.04855799939264728,0.7139128136832945,0.5993575412292578,0.4891954768972958,0.059614487347420406,0.0411969578865189,0.8275808267693745,0.7009085039926518,0.4891954768972958,ZL2_N3_L78_H45,H45 L78 H45 L78 H45 L156 H45 L78 H45 L78 H45,physical_principal_square_root,APCD_SIO2_NATIVE_M1,DUP_7463c0afb6246a28,1.0000000000000018,forbidden,,true,"{""N"": 3, ""L_nm"": 78, ""H_nm"": 45, ""defect_origin"": ""natural_L_L_interface"", ""effective_defect_thickness_nm"": 156}",6,APCD_TIO2_NATIVE_M1,frequency_hz,linear,complex_epsilon,H45 L78 H45 L78 H45 L78 L78 H45 L78 H45 L78 H45,APCD_SIO2_NATIVE_M1,native_m1,MDC_NATIVE_M1,20.951013419874897,FAB,1,-1.0,449.0,7463c0afb6246a28,GaN -> reverse(stack) -> Air,ZL-2,11.0,12,738
4.5,0.7542915113313251,0.9764777957203074,0.9117192359253061,0.3868757937240397,0.06071056186763914,0.018518320308957205,0.011835340970558467,0.014847160875165504,0.031713290468316,0.6539227894111181,0.4347988718863401,0.2945912349888151,0.029025163074291253,0.01861438592196575,0.9857064185728525,0.6709669065438687,0.2945912349888151,ZL1_N3_M1_L79_H44,H44 L79 H44 L79 H44 L158 H44 L79 H44 L79 H44 L79,physical_principal_square_root,APCD_SIO2_NATIVE_M1,DUP_d9bd914fcbe8b6aa,1.0000000000000016,forbidden,,true,"{""N"": 3, ""M_added"": 1, ""L_nm"": 79, ""H_nm"": 44, ""effective_central_L_thickness_nm"": 79}",7,APCD_TIO2_NATIVE_M1,frequency_hz,linear,complex_epsilon,H44 L79 H44 L79 H44 L79 L79 H44 L79 H44 L79 H44 L79,APCD_SIO2_NATIVE_M1,native_m1,MDC_NATIVE_M1,37.77564958343716,FAB,1,-0.5,449.5,d9bd914fcbe8b6aa,GaN -> reverse(stack) -> Air,ZL-1,12.0,13,817
4.0,0.7406968277640451,0.9706762941972602,0.9227433421658371,0.39450799994059277,0.06124360446294119,0.01870227934624386,0.01208049619960198,0.015452831639682774,0.03375144579874601,0.6691633334737782,0.4464994766134224,0.30268481481533627,0.02793785686545864,0.018898328555604936,0.9888911659943678,0.6754106815049465,0.30268481481533627,ZL1_N3_M1_L80_H43,H43 L80 H43 L80 H43 L160 H43 L80 H43 L80 H43 L80,physical_principal_square_root,APCD_SIO2_NATIVE_M1,DUP_3c433232d47fccd1,1.0000000000000013,forbidden,,true,"{""N"": 3, ""M_added"": 1, ""L_nm"": 80, ""H_nm"": 43, ""effective_central_L_thickness_nm"": 80}",8,APCD_TIO2_NATIVE_M1,frequency_hz,linear,complex_epsilon,H43 L80 H43 L80 H43 L80 L80 H43 L80 H43 L80 H43 L80,APCD_SIO2_NATIVE_M1,native_m1,MDC_NATIVE_M1,36.62779365858159,FAB,1,-0.5,449.5,3c433232d47fccd1,GaN -> reverse(stack) -> Air,ZL-1,12.0,13,818
4.0,0.7301813499148695,0.9651028832925748,0.9322651661745648,0.403030703424592,0.06215489075171792,0.019020546258861966,0.012420139227319448,0.016201926629614824,0.03617704653803889,0.6842391596669457,0.4589246236137536,0.3116806177834074,0.026965694487739014,0.019318439744552593,0.9908821050992099,0.6803989667410192,0.3116806177834074,ZL1_N3_M1_L81_H42,H42 L81 H42 L81 H42 L162 H42 L81 H42 L81 H42 L81,physical_principal_square_root,APCD_SIO2_NATIVE_M1,DUP_5d171567a8168718,1.000000000000001,forbidden,,true,"{""N"": 3, ""M_added"": 1, ""L_nm"": 81, ""H_nm"": 42, ""effective_central_L_thickness_nm"": 81}",9,APCD_TIO2_NATIVE_M1,frequency_hz,linear,complex_epsilon,H42 L81 H42 L81 H42 L81 L81 H42 L81 H42 L81 H42 L81,APCD_SIO2_NATIVE_M1,native_m1,MDC_NATIVE_M1,35.21988481201218,FAB,1,-0.5,449.5,5d171567a8168718,GaN -> reverse(stack) -> Air,ZL-1,12.0,13,819
4.5,0.7979574788014127,0.9881281190543916,0.8818211043519668,0.3768699872730238,0.06186669984608809,0.018816606007637772,0.011638837554537929,0.013765259711359133,0.027450117017263603,0.6212201526824959,0.4127995261979027,0.2806819467013488,0.03342463068610989,0.018561920869814223,0.9881281190543916,0.6637680546315865,0.2806819467013488,ZL1_N3_M1_L76_H47,H47 L76 H47 L76 H47 L152 H47 L76 H47 L76 H47 L76,physical_principal_square_root,APCD_SIO2_NATIVE_M1,DUP_0b135abd9028a4d7,1.0000000000000013,forbidden,,true,"{""N"": 3, ""M_added"": 1, ""L_nm"": 76, ""H_nm"": 47, ""effective_central_L_thickness_nm"": 76}",10,APCD_TIO2_NATIVE_M1,frequency_hz,linear,complex_epsilon,H47 L76 H47 L76 H47 L76 L76 H47 L76 H47 L76 H47 L76,APCD_SIO2_NATIVE_M1,native_m1,MDC_NATIVE_M1,40.08936225653415,FAB,1,-1.0,449.0,0b135abd9028a4d7,GaN -> reverse(stack) -> Air,ZL-1,12.0,13,814
4.5,0.7844776500795896,0.9855555558624366,0.8898592575630846,0.37734572698075874,0.0609642160600529,0.01856773802511813,0.011615181425873049,0.014012623702156524,0.02860061422558984,0.6286337659322454,0.4171570061324014,0.28313871054618356,0.03171409514602934,0.018444918948666542,0.9855555558624366,0.6648036576859901,0.28313871054618356,ZL1_N3_M1_L77_H46,H46 L77 H46 L77 H46 L154 H46 L77 H46 L77 H46 L77,physical_principal_square_root,APCD_SIO2_NATIVE_M1,DUP_34df042bd68df170,1.0000000000000016,forbidden,,true,"{""N"": 3, ""M_added"": 1, ""L_nm"": 77, ""H_nm"": 46, ""effective_central_L_thickness_nm"": 77}",11,APCD_TIO2_NATIVE_M1,frequency_hz,linear,complex_epsilon,H46 L77 H46 L77 H46 L77 L77 H46 L77 H46 L77 H46 L77,APCD_SIO2_NATIVE_M1,native_m1,MDC_NATIVE_M1,39.448199653420495,FAB,1,-1.0,449.0,34df042bd68df170,GaN -> reverse(stack) -> Air,ZL-1,12.0,13,815
4.5,0.7694134099277381,0.9816183438117245,0.9003088790987526,0.38091283280053345,0.06060007239015602,0.01847149356796935,0.011680813086307074,0.014370680415347212,0.030010400000657342,0.63995633383591,0.4247417191048489,0.28792008898842447,0.03026758638558938,0.018463341222266345,0.9816183438117245,0.6673264624612331,0.28792008898842447,ZL1_N3_M1_L78_H45,H45 L78 H45 L78 H45 L156 H45 L78 H45 L78 H45 L78,physical_principal_square_root,APCD_SIO2_NATIVE_M1,DUP_42471dc1670449b5,1.000000000000002,forbidden,,true,"{""N"": 3, ""M_added"": 1, ""L_nm"": 78, ""H_nm"": 45, ""effective_central_L_thickness_nm"": 78}",12,APCD_TIO2_NATIVE_M1,frequency_hz,linear,complex_epsilon,H45 L78 H45 L78 H45 L78 L78 H45 L78 H45 L78 H45 L78,APCD_SIO2_NATIVE_M1,native_m1,MDC_NATIVE_M1,38.69822484521607,FAB,1,-1.0,449.0,42471dc1670449b5,GaN -> reverse(stack) -> Air,ZL-1,12.0,13,816
7.0,0.6681482818262252,0.790466363690852,0.8290683495427855,0.5940258593944131,0.12947103691905973,0.035997455005367114,0.018072529948405545,0.01580813996400709,0.022434947474972496,0.759825491327226,0.6296594571907187,0.4955685419627265,0.05231123367137329,0.02428512114810188,0.8290683495427855,0.6954560809234223,0.4955685419627265,EX_N3_L79_H46_C153,L79 H46 L79 H46 L79 H46 L153 H46 L79 H46 L79 H46 L79,physical_principal_square_root,APCD_SIO2_NATIVE_M1,DUP_2561dbf0df7e52e0,1.000000000000001,forbidden,,true,"{""N"": 3, ""L_nm"": 79, ""H_nm"": 46, ""C_nm"": 153}",13,APCD_TIO2_NATIVE_M1,frequency_hz,linear,complex_epsilon,L79 H46 L79 H46 L79 H46 L153 H46 L79 H46 L79 H46 L79,APCD_SIO2_NATIVE_M1,native_m1,MDC_NATIVE_M1,41.203954925369274,FAB,1,0.0,450.0,2561dbf0df7e52e0,GaN -> reverse(stack) -> Air,Explicit,13.0,13,903
7.0,0.6420127569369722,0.7715985920911423,0.8292014086183932,0.6240047082537556,0.13698356437204628,0.03751924210851989,0.01867895457679053,0.016244767955637267,0.022881900270173956,0.778763298274809,0.6560948937906739,0.5203195478939807,0.055380504019982096,0.02519429704824575,0.8292014086183932,0.6996650829343286,0.5203195478939807,EX_N3_L77_H47_C152,L77 H47 L77 H47 L77 H47 L152 H47 L77 H47 L77 H47 L77,physical_principal_square_root,APCD_SIO2_NATIVE_M1,DUP_f40cf8fe9825d714,1.000000000000001,forbidden,,true,"{""N"": 3, ""L_nm"": 77, ""H_nm"": 47, ""C_nm"": 152}",14,APCD_TIO2_NATIVE_M1,frequency_hz,linear,complex_epsilon,L77 H47 L77 H47 L77 H47 L152 H47 L77 H47 L77 H47 L77,APCD_SIO2_NATIVE_M1,native_m1,MDC_NATIVE_M1,40.891289177035624,FAB,1,0.0,450.0,f40cf8fe9825d714,GaN -> reverse(stack) -> Air,Explicit,13.0,13,896
7.0,0.6575094561848384,0.7841390956211369,0.8299740160751793,0.5991842709643977,0.1288207147671131,0.035754510359410074,0.01810208765020796,0.016113795011784057,0.023530803161787406,0.766329284183829,0.6377247081192798,0.5027569234724436,0.04942655903180651,0.024106811600170933,0.8299740160751793,0.6964055806094512,0.5027569234724436,EX_N3_L80_H45_C155,L80 H45 L80 H45 L80 H45 L155 H45 L80 H45 L80 H45 L80,physical_principal_square_root,APCD_SIO2_NATIVE_M1,DUP_6de29261bf740127,1.000000000000002,forbidden,,true,"{""N"": 3, ""L_nm"": 80, ""H_nm"": 45, ""C_nm"": 155}",15,APCD_TIO2_NATIVE_M1,frequency_hz,linear,complex_epsilon,L80 H45 L80 H45 L80 H45 L155 H45 L80 H45 L80 H45 L80,APCD_SIO2_NATIVE_M1,native_m1,MDC_NATIVE_M1,40.42517468593452,FAB,1,0.0,450.0,6de29261bf740127,GaN -> reverse(stack) -> Air,Explicit,13.0,13,905
7.0,0.631168198505968,0.7645681456378467,0.8287975569571404,0.6275271674290948,0.1354752072055708,0.03703592567716466,0.018601964884926554,0.016471943205383435,0.02387955120874576,0.7836963720187764,0.6625662284481109,0.5259722212816719,0.052066060411215545,0.024881097087869584,0.8287975569571404,0.6994614538082523,0.5259722212816719,EX_N3_L78_H46_C154,L78 H46 L78 H46 L78 H46 L154 H46 L78 H46 L78 H46 L78,physical_principal_square_root,APCD_SIO2_NATIVE_M1,DUP_ea6c1506ce217d42,1.0000000000000009,forbidden,,true,"{""N"": 3, ""L_nm"": 78, ""H_nm"": 46, ""C_nm"": 154}",16,APCD_TIO2_NATIVE_M1,frequency_hz,linear,complex_epsilon,L78 H46 L78 H46 L78 H46 L154 H46 L78 H46 L78 H46 L78,APCD_SIO2_NATIVE_M1,native_m1,MDC_NATIVE_M1,40.25394440331083,FAB,1,0.0,450.0,ea6c1506ce217d42,GaN -> reverse(stack) -> Air,Explicit,13.0,13,898
7.0,0.6467280590305059,0.7770570541846267,0.8304419889424315,0.6064831686635984,0.1291258858247984,0.03578458305738683,0.0182656194843129,0.01654442094814328,0.024868163811837582,0.7736338599555392,0.6476250695523372,0.5121222654712748,0.046808729091648335,0.02409046655613891,0.8304419889424315,0.6979347161894526,0.5121222654712748,EX_N3_L81_H44_C157,L81 H44 L81 H44 L81 H44 L157 H44 L81 H44 L81 H44 L81,physical_principal_square_root,APCD_SIO2_NATIVE_M1,DUP_22f66e303832dfd2,1.0000000000000013,forbidden,,true,"{""N"": 3, ""L_nm"": 81, ""H_nm"": 44, ""C_nm"": 157}",17,APCD_TIO2_NATIVE_M1,frequency_hz,linear,complex_epsilon,L81 H44 L81 H44 L81 H44 L157 H44 L81 H44 L81 H44 L81,APCD_SIO2_NATIVE_M1,native_m1,MDC_NATIVE_M1,39.39231920784461,FAB,1,0.0,450.0,22f66e303832dfd2,GaN -> reverse(stack) -> Air,Explicit,13.0,13,907
7.5,0.6198603709487449,0.7565278321831518,0.8278414914430887,0.6334988806105813,0.13504240658437083,0.036846764040842674,0.01866401280344909,0.016823841483883786,0.025109717925129598,0.7895377745647765,0.6711649923531109,0.5341455660841076,0.04907783866984186,0.024739707840487235,0.8278414914430887,0.6998463379294967,0.5341455660841076,EX_N3_L79_H45_C156,L79 H45 L79 H45 L79 H45 L156 H45 L79 H45 L79 H45 L79,physical_principal_square_root,APCD_SIO2_NATIVE_M1,DUP_1c082b664c72940c,1.0000000000000013,forbidden,,true,"{""N"": 3, ""L_nm"": 79, ""H_nm"": 45, ""C_nm"": 156}",18,APCD_TIO2_NATIVE_M1,frequency_hz,linear,complex_epsilon,L79 H45 L79 H45 L79 H45 L156 H45 L79 H45 L79 H45 L79,APCD_SIO2_NATIVE_M1,native_m1,MDC_NATIVE_M1,39.359849393385474,FAB,1,0.0,450.0,1c082b664c72940c,GaN -> reverse(stack) -> Air,Explicit,13.0,13,900
7.0,0.6088972500805027,0.7480538964578214,0.8262594111756727,0.6411960212601073,0.13556252712987096,0.03693288052041657,0.01886307234979649,0.01730730520759136,0.02660471576279877,0.795637668185839,0.6811147080417832,0.5442027116639196,0.04632434176665369,0.024762318201328508,0.8262594111756727,0.7006942742675898,0.5442027116639196,EX_N3_L80_H44_C158,L80 H44 L80 H44 L80 H44 L158 H44 L80 H44 L80 H44 L80,physical_principal_square_root,APCD_SIO2_NATIVE_M1,DUP_cf255da18a71bf1d,1.0000000000000016,forbidden,,true,"{""N"": 3, ""L_nm"": 80, ""H_nm"": 44, ""C_nm"": 158}",19,APCD_TIO2_NATIVE_M1,frequency_hz,linear,complex_epsilon,L80 H44 L80 H44 L80 H44 L158 H44 L80 H44 L80 H44 L80,APCD_SIO2_NATIVE_M1,native_m1,MDC_NATIVE_M1,38.20753442790943,FAB,1,0.0,450.0,cf255da18a71bf1d,GaN -> reverse(stack) -> Air,Explicit,13.0,13,902
7.0,0.6366250908243729,0.7697688605438504,0.830334728665041,0.6151875599524935,0.13028440773362943,0.036074493994826345,0.01856350057529193,0.017108775114165302,0.026483007583662073,0.7810431302004686,0.6585710991200342,0.5230329539700752,0.04437796859312415,0.02423105316415963,0.830334728665041,0.6998959772206405,0.5230329539700752,EX_N3_L82_H43_C159,L82 H43 L82 H43 L82 H43 L159 H43 L82 H43 L82 H43 L82,physical_principal_square_root,APCD_SIO2_NATIVE_M1,DUP_94286241571dfeff,1.0000000000000009,forbidden,,true,"{""N"": 3, ""L_nm"": 82, ""H_nm"": 43, ""C_nm"": 159}",20,APCD_TIO2_NATIVE_M1,frequency_hz,linear,complex_epsilon,L82 H43 L82 H43 L82 H43 L159 H43 L82 H43 L82 H43 L82,APCD_SIO2_NATIVE_M1,native_m1,MDC_NATIVE_M1,38.103585084876,FAB,1,0.0,450.0,94286241571dfeff,GaN -> reverse(stack) -> Air,Explicit,13.0,13,909
0.0,0.026598425485898525,0.09563228133728123,0.8337421340904254,0.02203055329145129,0.0015097522742917547,0.0004281568147467255,0.0003184536211573464,0.0005702226901739682,0.0023483310146376626,0.10290364422389128,0.028146116700305285,0.012781944178061338,0.0011781433443104868,0.00057224861814844,0.8337421340904254,0.1833007576693105,0.012781944178061338,EX_N5_L82_H45_C153,L82 H45 L82 H45 L82 H45 L82 H45 L82 H45 L153 H45 L82 H45 L82 H45 L82 H45 L82 H45 L82,physical_principal_square_root,APCD_SIO2_NATIVE_M1,DUP_b93ee4b4eb1b85e4,1.0000000000000018,forbidden,,true,"{""N"": 5, ""L_nm"": 82, ""H_nm"": 45, ""C_nm"": 153}",1,APCD_TIO2_NATIVE_M1,frequency_hz,linear,complex_epsilon,L82 H45 L82 H45 L82 H45 L82 H45 L82 H45 L153 H45 L82 H45 L82 H45 L82 H45 L82 H45 L82,APCD_SIO2_NATIVE_M1,native_m1,MDC_NATIVE_M1,398.9421724673084,PERF,1,0.0,450.0,b93ee4b4eb1b85e4,GaN -> reverse(stack) -> Air,Explicit,21.0,21,1423
0.0,0.023669689051729642,0.08024953233427656,0.7685517237579924,0.02326877208001336,0.0015267320093846392,0.0004386889895840389,0.00033709733788677256,0.0006347722185971716,0.0028121321572640726,0.11781115633074035,0.029972334830377506,0.013269931908315916,0.0011573863113512536,0.0006051952921699896,0.7685517237579924,0.1722540613689054,0.013269931908315916,EX_N5_L81_H45_C154,L81 H45 L81 H45 L81 H45 L81 H45 L81 H45 L154 H45 L81 H45 L81 H45 L81 H45 L81 H45 L81,physical_principal_square_root,APCD_SIO2_NATIVE_M1,DUP_866d533f3dc7377c,1.0000000000000007,forbidden,,true,"{""N"": 5, ""L_nm"": 81, ""H_nm"": 45, ""C_nm"": 154}",2,APCD_TIO2_NATIVE_M1,frequency_hz,linear,complex_epsilon,L81 H45 L81 H45 L81 H45 L81 H45 L81 H45 L154 H45 L81 H45 L81 H45 L81 H45 L81 H45 L81,APCD_SIO2_NATIVE_M1,native_m1,MDC_NATIVE_M1,343.33542164748684,PERF,1,0.0,450.0,866d533f3dc7377c,GaN -> reverse(stack) -> Air,Explicit,21.0,21,1414
0.0,0.0232081294313831,0.07892529304699548,0.7658637321685706,0.022712613122389542,0.0015033056224566374,0.0004401815142799069,0.00034985038137782176,0.0006971387980286475,0.003394612563398265,0.11731422501391031,0.029862993029579794,0.013252984709068764,0.0011009316906125353,0.0006269037189874976,0.7658637321685706,0.17140455956658465,0.013252984709068764,EX_N5_L82_H44_C156,L82 H44 L82 H44 L82 H44 L82 H44 L82 H44 L156 H44 L82 H44 L82 H44 L82 H44 L82 H44 L82,physical_principal_square_root,APCD_SIO2_NATIVE_M1,DUP_501505ea496168a1,1.0000000000000018,forbidden,,true,"{""N"": 5, ""L_nm"": 82, ""H_nm"": 44, ""C_nm"": 156}",3,APCD_TIO2_NATIVE_M1,frequency_hz,linear,complex_epsilon,L82 H44 L82 H44 L82 H44 L82 H44 L82 H44 L156 H44 L82 H44 L82 H44 L82 H44 L82 H44 L82,APCD_SIO2_NATIVE_M1,native_m1,MDC_NATIVE_M1,294.18649052934546,PERF,1,0.0,450.0,501505ea496168a1,GaN -> reverse(stack) -> Air,Explicit,21.0,21,1416
0.5,0.024215607383569322,0.08118521447088949,0.7604141898089353,0.024392395412230497,0.0015758772102825976,0.0004436965931172006,0.0003295306365675736,0.0005871253174658422,0.002378243811964356,0.12192989214671052,0.03076072850788125,0.013542354012816192,0.0012348627385686218,0.0005926645988795669,0.7604141898089353,0.1720079977218003,0.013542354012816192,EX_N5_L80_H46_C152,L80 H46 L80 H46 L80 H46 L80 H46 L80 H46 L152 H46 L80 H46 L80 H46 L80 H46 L80 H46 L80,physical_principal_square_root,APCD_SIO2_NATIVE_M1,DUP_3f4e8b007f26e8a7,1.0000000000000009,forbidden,,true,"{""N"": 5, ""L_nm"": 80, ""H_nm"": 46, ""C_nm"": 152}",4,APCD_TIO2_NATIVE_M1,frequency_hz,linear,complex_epsilon,L80 H46 L80 H46 L80 H46 L80 H46 L80 H46 L152 H46 L80 H46 L80 H46 L80 H46 L80 H46 L80,APCD_SIO2_NATIVE_M1,native_m1,MDC_NATIVE_M1,392.9136021158754,PERF,1,0.0,450.0,3f4e8b007f26e8a7,GaN -> reverse(stack) -> Air,Explicit,21.0,21,1412
1.5,0.17359181687863115,0.38574188793598685,0.7957661569623353,0.21517022411109604,0.01623957390478981,0.004204890788553907,0.002531933179965621,0.0031798463169803947,0.007628265828855194,0.5801087169125054,0.2543550993347133,0.127739789435583,0.00993875823389815,0.00412817684406148,0.7957661569623353,0.3862172445766259,0.127739789435583,EX_N4_L77_H47_C152,L77 H47 L77 H47 L77 H47 L77 H47 L152 H47 L77 H47 L77 H47 L77 H47 L77,physical_principal_square_root,APCD_SIO2_NATIVE_M1,DUP_e2c19b1cd9535328,1.000000000000001,forbidden,,true,"{""N"": 4, ""L_nm"": 77, ""H_nm"": 47, ""C_nm"": 152}",5,APCD_TIO2_NATIVE_M1,frequency_hz,linear,complex_epsilon,L77 H47 L77 H47 L77 H47 L77 H47 L152 H47 L77 H47 L77 H47 L77 H47 L77,APCD_SIO2_NATIVE_M1,native_m1,MDC_NATIVE_M1,144.8799644390191,PERF,1,0.0,450.0,e2c19b1cd9535328,GaN -> reverse(stack) -> Air,Explicit,17.0,17,1144
1.5,0.16909800281046533,0.3784342559271505,0.7931388501370293,0.2100356571476405,0.015772232528818732,0.004132458428398125,0.002544093516429018,0.003314560749405078,0.008416111653922429,0.5798599642552421,0.2527147049824068,0.1266834762723421,0.00925354011920062,0.004132513151592818,0.7931388501370293,0.38332154239743943,0.1266834762723421,EX_N4_L78_H46_C154,L78 H46 L78 H46 L78 H46 L78 H46 L154 H46 L78 H46 L78 H46 L78 H46 L78,physical_principal_square_root,APCD_SIO2_NATIVE_M1,DUP_cdec8428d4f7789e,1.0000000000000009,forbidden,,true,"{""N"": 4, ""L_nm"": 78, ""H_nm"": 46, ""C_nm"": 154}",6,APCD_TIO2_NATIVE_M1,frequency_hz,linear,complex_epsilon,L78 H46 L78 H46 L78 H46 L78 H46 L154 H46 L78 H46 L78 H46 L78 H46 L78,APCD_SIO2_NATIVE_M1,native_m1,MDC_NATIVE_M1,135.58256890786922,PERF,1,0.0,450.0,cdec8428d4f7789e,GaN -> reverse(stack) -> Air,Explicit,17.0,17,1146
1.5,0.16479146859131988,0.36986377495221734,0.7877740009767716,0.20819144830358433,0.015513807948138277,0.004107814264855729,0.0025842343126024365,0.0034938861345827766,0.009408274931249358,0.5858731805989053,0.2547172884922344,0.12739812917105525,0.008703200346388641,0.004180943303309991,0.7944329465015565,0.38173630713041723,0.12739812917105525,EX_N4_L79_H45_C156,L79 H45 L79 H45 L79 H45 L79 H45 L156 H45 L79 H45 L79 H45 L79 H45 L79,physical_principal_square_root,APCD_SIO2_NATIVE_M1,DUP_393fd2bda282ddb8,1.0000000000000013,forbidden,,true,"{""N"": 4, ""L_nm"": 79, ""H_nm"": 45, ""C_nm"": 156}",7,APCD_TIO2_NATIVE_M1,frequency_hz,linear,complex_epsilon,L79 H45 L79 H45 L79 H45 L79 H45 L156 H45 L79 H45 L79 H45 L79 H45 L79,APCD_SIO2_NATIVE_M1,native_m1,MDC_NATIVE_M1,125.52941384692113,PERF,1,0.5,450.5,393fd2bda282ddb8,GaN -> reverse(stack) -> Air,Explicit,17.0,17,1148
1.5,0.16128424747059045,0.36182915189750553,0.7809281823397115,0.20876610743058915,0.015436413953242497,0.004128203970927424,0.002653240283943334,0.0037246169172717074,0.010660738246463256,0.595781492310498,0.2594024868729027,0.1295120600397474,0.008256689830308212,0.004274289554835481,0.8001554836348769,0.3814562701551593,0.1295120600397474,EX_N4_L80_H44_C158,L80 H44 L80 H44 L80 H44 L80 H44 L158 H44 L80 H44 L80 H44 L80 H44 L80,physical_principal_square_root,APCD_SIO2_NATIVE_M1,DUP_a3cc937d7434f935,1.0000000000000018,forbidden,,true,"{""N"": 4, ""L_nm"": 80, ""H_nm"": 44, ""C_nm"": 158}",8,APCD_TIO2_NATIVE_M1,frequency_hz,linear,complex_epsilon,L80 H44 L80 H44 L80 H44 L80 H44 L158 H44 L80 H44 L80 H44 L80 H44 L80,APCD_SIO2_NATIVE_M1,native_m1,MDC_NATIVE_M1,114.85278020595277,PERF,1,0.5,450.5,a3cc937d7434f935,GaN -> reverse(stack) -> Air,Explicit,17.0,17,1150
1.5,0.17646048089066835,0.40214744370407485,0.8122256400675436,0.19102420982845913,0.014934995718900328,0.004041738620307474,0.0026067711703648337,0.003676316685594205,0.010666926430121383,0.5473980089133237,0.23981673896026046,0.12236715240771547,0.007939758682259998,0.00418765871906344,0.8122256400675436,0.38340257749059775,0.12236715240771547,EX_N4_L82_H43_C159,L82 H43 L82 H43 L82 H43 L82 H43 L159 H43 L82 H43 L82 H43 L82 H43 L82,physical_principal_square_root,APCD_SIO2_NATIVE_M1,DUP_b3875f02c45b9651,1.0000000000000016,forbidden,,true,"{""N"": 4, ""L_nm"": 82, ""H_nm"": 43, ""C_nm"": 159}",9,APCD_TIO2_NATIVE_M1,frequency_hz,linear,complex_epsilon,L82 H43 L82 H43 L82 H43 L82 H43 L159 H43 L82 H43 L82 H43 L82 H43 L82,APCD_SIO2_NATIVE_M1,native_m1,MDC_NATIVE_M1,113.89132348748034,PERF,1,0.0,450.0,b3875f02c45b9651,GaN -> reverse(stack) -> Air,Explicit,17.0,17,1159
1.5,0.15914031133452494,0.35602569633581027,0.7742763377252804,0.2109570818104664,0.015519884632945386,0.004192481297579928,0.002752997009155176,0.004015922750665565,0.01224983464861977,0.6070697996496197,0.2657897221747633,0.13266793410104213,0.00789022673704742,0.0044148992017042105,0.8055426224025712,0.3824949668868401,0.13266793410104213,EX_N4_L81_H43_C160,L81 H43 L81 H43 L81 H43 L81 H43 L160 H43 L81 H43 L81 H43 L81 H43 L81,physical_principal_square_root,APCD_SIO2_NATIVE_M1,DUP_0ed943a1eb81f2b9,1.000000000000001,forbidden,,true,"{""N"": 4, ""L_nm"": 81, ""H_nm"": 43, ""C_nm"": 160}",10,APCD_TIO2_NATIVE_M1,frequency_hz,linear,complex_epsilon,L81 H43 L81 H43 L81 H43 L81 H43 L160 H43 L81 H43 L81 H43 L81 H43 L81,APCD_SIO2_NATIVE_M1,native_m1,MDC_NATIVE_M1,103.75008767447689,PERF,1,0.5,450.5,0ed943a1eb81f2b9,GaN -> reverse(stack) -> Air,Explicit,17.0,17,1152
2.0,0.20959400276500134,0.47978464558927125,0.8326478948190779,0.17759661108827302,0.014954249540546336,0.00392986437797391,0.0023395227241524816,0.002867536075289336,0.006672412922059448,0.47654011069602964,0.21184679142559995,0.11080261117655002,0.009433115101862502,0.003817375339455655,0.8326478948190779,0.386869342745255,0.11080261117655002,EX_N4_L80_H46_C152,L80 H46 L80 H46 L80 H46 L80 H46 L152 H46 L80 H46 L80 H46 L80 H46 L80,physical_principal_square_root,APCD_SIO2_NATIVE_M1,DUP_e5fdd38c9eb732eb,1.0000000000000018,forbidden,,true,"{""N"": 4, ""L_nm"": 80, ""H_nm"": 46, ""C_nm"": 152}",11,APCD_TIO2_NATIVE_M1,frequency_hz,linear,complex_epsilon,L80 H46 L80 H46 L80 H46 L80 H46 L152 H46 L80 H46 L80 H46 L80 H46 L80,APCD_SIO2_NATIVE_M1,native_m1,MDC_NATIVE_M1,153.14102087133074,PERF,1,0.0,450.0,e5fdd38c9eb732eb,GaN -> reverse(stack) -> Air,Explicit,17.0,17,1160
2.0,0.22929537927566618,0.5302274945610113,0.8268217660009991,0.16190584388755708,0.014297792406242541,0.0038005844272887405,0.002271933564816129,0.0027978725693613656,0.006584539950734511,0.433672976389993,0.1954537938009575,0.10418838011759701,0.008968314312008414,0.0036999470307937945,0.8268217660009991,0.38660996502437067,0.10418838011759701,EX_N4_L82_H45_C153,L82 H45 L82 H45 L82 H45 L82 H45 L153 H45 L82 H45 L82 H45 L82 H45 L82,physical_principal_square_root,APCD_SIO2_NATIVE_M1,DUP_112513f94d117815,1.0000000000000018,forbidden,,true,"{""N"": 4, ""L_nm"": 82, ""H_nm"": 45, ""C_nm"": 153}",12,APCD_TIO2_NATIVE_M1,frequency_hz,linear,complex_epsilon,L82 H45 L82 H45 L82 H45 L82 H45 L153 H45 L82 H45 L82 H45 L82 H45 L82,APCD_SIO2_NATIVE_M1,native_m1,MDC_NATIVE_M1,149.34616740865818,PERF,1,0.0,450.0,112513f94d117815,GaN -> reverse(stack) -> Air,Explicit,17.0,17,1169
2.0,0.18802803352979067,0.4268506584175573,0.8220818517682225,0.19210396340694208,0.015312947859310113,0.004019983741849906,0.002433684505861276,0.0030746878493680438,0.007470230027195944,0.5246855360331965,0.23017102243510545,0.11793326054730366,0.009325592222388138,0.003961818783886252,0.8220818517682225,0.3849583937885293,0.11793326054730366,EX_N4_L79_H46_C153,L79 H46 L79 H46 L79 H46 L79 H46 L153 H46 L79 H46 L79 H46 L79 H46 L79,physical_principal_square_root,APCD_SIO2_NATIVE_M1,DUP_f4b0c6bb6cd6940e,1.0000000000000018,forbidden,,true,"{""N"": 4, ""L_nm"": 79, ""H_nm"": 46, ""C_nm"": 153}",13,APCD_TIO2_NATIVE_M1,frequency_hz,linear,complex_epsilon,L79 H46 L79 H46 L79 H46 L79 H46 L153 H46 L79 H46 L79 H46 L79 H46 L79,APCD_SIO2_NATIVE_M1,native_m1,MDC_NATIVE_M1,145.39001791977753,PERF,1,0.0,450.0,f4b0c6bb6cd6940e,GaN -> reverse(stack) -> Air,Explicit,17.0,17,1153
2.0,0.2049521424332269,0.47256575961361713,0.8326781361807754,0.1741429401373003,0.014605701640737602,0.0038811982293882703,0.0023600024058080074,0.0029967142439017427,0.0073692410081448575,0.4768574044498386,0.21119998324875203,0.1103737323160573,0.008846089839427525,0.003834369332811698,0.8326781361807754,0.3847711930403779,0.1103737323160573,EX_N4_L81_H45_C154,L81 H45 L81 H45 L81 H45 L81 H45 L154 H45 L81 H45 L81 H45 L81 H45 L81,physical_principal_square_root,APCD_SIO2_NATIVE_M1,DUP_899b4a8256446fe1,1.0000000000000009,forbidden,,true,"{""N"": 4, ""L_nm"": 81, ""H_nm"": 45, ""C_nm"": 154}",14,APCD_TIO2_NATIVE_M1,frequency_hz,linear,complex_epsilon,L81 H45 L81 H45 L81 H45 L81 H45 L154 H45 L81 H45 L81 H45 L81 H45 L81,APCD_SIO2_NATIVE_M1,native_m1,MDC_NATIVE_M1,143.42846657081267,PERF,1,0.0,450.0,899b4a8256446fe1,GaN -> reverse(stack) -> Air,Explicit,17.0,17,1162
2.0,0.1834451102254831,0.41851188843726594,0.8199881737878028,0.18944157017623509,0.015010383564571572,0.003983235024324676,0.0024635258147215735,0.003226966509301535,0.00829975736566753,0.5279955013759297,0.23080427997484715,0.11806403609439406,0.008760062708025554,0.00399381468042328,0.8199881737878028,0.38313483164928713,0.11806403609439406,EX_N4_L80_H45_C155,L80 H45 L80 H45 L80 H45 L80 H45 L155 H45 L80 H45 L80 H45 L80 H45 L80,physical_principal_square_root,APCD_SIO2_NATIVE_M1,DUP_40fd65635cc76076,1.000000000000001,forbidden,,true,"{""N"": 4, ""L_nm"": 80, ""H_nm"": 45, ""C_nm"": 155}",15,APCD_TIO2_NATIVE_M1,frequency_hz,linear,complex_epsilon,L80 H45 L80 H45 L80 H45 L80 H45 L155 H45 L80 H45 L80 H45 L80 H45 L80,APCD_SIO2_NATIVE_M1,native_m1,MDC_NATIVE_M1,135.50168859083476,PERF,1,0.0,450.0,40fd65635cc76076,GaN -> reverse(stack) -> Air,Explicit,17.0,17,1155
2.0,0.15715492033236483,0.34361448899567,0.7541190457236333,0.2359902563258599,0.016755864995886004,0.004328915313856494,0.0026504292204491283,0.00343156122393905,0.00859671664716288,0.6366921922709574,0.27996864232155416,0.13760591970447997,0.009876260223133022,0.004311847910484712,0.81756023018218,0.3848592015581099,0.13760591970447997,EX_N4_L76_H47_C153,L76 H47 L76 H47 L76 H47 L76 H47 L153 H47 L76 H47 L76 H47 L76 H47 L76,physical_principal_square_root,APCD_SIO2_NATIVE_M1,DUP_c4afb189d5d1b567,1.0000000000000013,forbidden,,true,"{""N"": 4, ""L_nm"": 76, ""H_nm"": 47, ""C_nm"": 153}",16,APCD_TIO2_NATIVE_M1,frequency_hz,linear,complex_epsilon,L76 H47 L76 H47 L76 H47 L76 H47 L153 H47 L76 H47 L76 H47 L76 H47 L76,APCD_SIO2_NATIVE_M1,native_m1,MDC_NATIVE_M1,133.30683818648149,PERF,1,0.5,450.5,c4afb189d5d1b567,GaN -> reverse(stack) -> Air,Explicit,17.0,17,1137
2.0,0.20040290499973704,0.4634395616444593,0.8324627975570061,0.17332276868227062,0.014444355544297061,0.003876813830491264,0.002406607827013829,0.003166859638809899,0.008246061159288134,0.4830045401920056,0.21353571411946887,0.11144132780547464,0.008380051215250981,0.0038923073464075877,0.8324627975570061,0.3840478077196919,0.11144132780547464,EX_N4_L82_H44_C156,L82 H44 L82 H44 L82 H44 L82 H44 L156 H44 L82 H44 L82 H44 L82 H44 L82,physical_principal_square_root,APCD_SIO2_NATIVE_M1,DUP_0b5b7c6ac9f9d887,1.0000000000000013,forbidden,,true,"{""N"": 4, ""L_nm"": 82, ""H_nm"": 44, ""C_nm"": 156}",17,APCD_TIO2_NATIVE_M1,frequency_hz,linear,complex_epsilon,L82 H44 L82 H44 L82 H44 L82 H44 L156 H44 L82 H44 L82 H44 L82 H44 L82,APCD_SIO2_NATIVE_M1,native_m1,MDC_NATIVE_M1,133.2227294153685,PERF,1,0.0,450.0,0b5b7c6ac9f9d887,GaN -> reverse(stack) -> Air,Explicit,17.0,17,1164
2.0,0.179364395546754,0.40961586444757125,0.8164734675792782,0.18932134656497535,0.014891442232862834,0.003990998462915019,0.002520725855491502,0.0034249498498727282,0.009344911536617134,0.5363324762781303,0.2343000424883562,0.11964817470852998,0.008306537272981827,0.0040685212432167335,0.8164734675792782,0.38262240350810334,0.11964817470852998,EX_N4_L81_H44_C157,L81 H44 L81 H44 L81 H44 L81 H44 L157 H44 L81 H44 L81 H44 L81 H44 L81,physical_principal_square_root,APCD_SIO2_NATIVE_M1,DUP_64fefce1d7d54816,1.000000000000001,forbidden,,true,"{""N"": 4, ""L_nm"": 81, ""H_nm"": 44, ""C_nm"": 157}",18,APCD_TIO2_NATIVE_M1,frequency_hz,linear,complex_epsilon,L81 H44 L81 H44 L81 H44 L81 H44 L157 H44 L81 H44 L81 H44 L81 H44 L81,APCD_SIO2_NATIVE_M1,native_m1,MDC_NATIVE_M1,124.98004665037435,PERF,1,0.0,450.0,64fefce1d7d54816,GaN -> reverse(stack) -> Air,Explicit,17.0,17,1157
2.0,0.1527605585171899,0.33564224413629085,0.7481387339392938,0.23180367578694852,0.016334601648473543,0.004268574366187643,0.0026726196756904873,0.0035926680480027973,0.009542670040089383,0.639725792177641,0.27991899397364917,0.13720013430152053,0.009209702131863224,0.0043323282360884455,0.8192861658183384,0.3822310761742642,0.13720013430152053,EX_N4_L77_H46_C155,L77 H46 L77 H46 L77 H46 L77 H46 L155 H46 L77 H46 L77 H46 L77 H46 L77,physical_principal_square_root,APCD_SIO2_NATIVE_M1,DUP_ef531e8c0c8aea73,1.000000000000001,forbidden,,true,"{""N"": 4, ""L_nm"": 77, ""H_nm"": 46, ""C_nm"": 155}",19,APCD_TIO2_NATIVE_M1,frequency_hz,linear,complex_epsilon,L77 H46 L77 H46 L77 H46 L77 H46 L155 H46 L77 H46 L77 H46 L77 H46 L77,APCD_SIO2_NATIVE_M1,native_m1,MDC_NATIVE_M1,123.95823773360075,PERF,1,0.5,450.5,ef531e8c0c8aea73,GaN -> reverse(stack) -> Air,Explicit,17.0,17,1139
2.0,0.1488613452909739,0.32748315773553294,0.7395853592919182,0.23080559204829812,0.016119182289688762,0.004256426147566644,0.002724225780912716,0.0038038711650327873,0.010735316027280884,0.6477195947149661,0.2833676445170532,0.13852497696655353,0.008668654433096907,0.00439899751199886,0.8220198097141932,0.380923679752833,0.13852497696655353,EX_N4_L78_H45_C157,L78 H45 L78 H45 L78 H45 L78 H45 L157 H45 L78 H45 L78 H45 L78 H45 L78,physical_principal_square_root,APCD_SIO2_NATIVE_M1,DUP_7208ed92096b6b56,1.000000000000001,forbidden,,true,"{""N"": 4, ""L_nm"": 78, ""H_nm"": 45, ""C_nm"": 157}",20,APCD_TIO2_NATIVE_M1,frequency_hz,linear,complex_epsilon,L78 H45 L78 H45 L78 H45 L78 H45 L157 H45 L78 H45 L78 H45 L78 H45 L78,APCD_SIO2_NATIVE_M1,native_m1,MDC_NATIVE_M1,113.87753832831731,PERF,1,0.5,450.5,7208ed92096b6b56,GaN -> reverse(stack) -> Air,Explicit,17.0,17,1141
