candidate_id,input_polarization,wavelength_nm,exact_geometry_hash,physics_configuration_hash,weighted_G0_version,normalization_version,source_plan_sha256,schema_version,formal_subrun_key,checkpoint_path,checkpoint_sha256,weighted_G0_Ex,weighted_G0_Ey,source_T,normalization_scale,validator_id,quality_status
POSTD8_QMAP_WM_DM_PM,x,450.0,37fdf2e25e5de58ccd4092697aa6dde4c5a9b6b82c351bfca5426ef5e638d441,4339896e7d0c495c8aef4406fb1bb8298566ac02f746253a04ea2d4a10caf5ae,LP_WEIGHTED_G0_COORDINATE_PERIODIC_G0_V1,LP_WEIGHTED_G0_SQRT_T_NORM_V1,ca4cf61550d427edcaa40ff633cf5e17b983efa0581d1db52fbe40a99d812a11,LP_ML_SCHEMA_V1.24,POSTD8_QMAP_WM_DM_PM|x|450.0|37fdf2e25e5de58ccd4092697aa6dde4c5a9b6b82c351bfca5426ef5e638d441|4339896e7d0c495c8aef4406fb1bb8298566ac02f746253a04ea2d4a10caf5ae|LP_WEIGHTED_G0_COORDINATE_PERIODIC_G0_V1|LP_WEIGHTED_G0_SQRT_T_NORM_V1|ca4cf61550d427edcaa40ff633cf5e17b983efa0581d1db52fbe40a99d812a11,D:\project\worktrees\blue_apcd_lp_stage11_4\outputs\lp_ml_dataset_v1\staging\b120_j2lm06_original22_missing9_matching_regeneration_v1\subruns\POSTD8_QMAP_WM_DM_PM\x\checkpoint.json,3bbe4a57abb0bd0521b90d60d8048afcd586be8a3521d09f3340bf7280ee84dd,"{""imag"": 0.973698215960216, ""real"": 0.14249726473439167}","{""imag"": -1.6440210388324677e-05, ""real"": -1.067625294860977e-06}",0.9683936864923108,1.0458380532382276,LP_V122_CHECKPOINT_AUTHORITATIVE_POST_SOLVER_ACCEPTANCE_V1,PASS
POSTD8_QMAP_WM_DM_PM,y,450.0,37fdf2e25e5de58ccd4092697aa6dde4c5a9b6b82c351bfca5426ef5e638d441,4339896e7d0c495c8aef4406fb1bb8298566ac02f746253a04ea2d4a10caf5ae,LP_WEIGHTED_G0_COORDINATE_PERIODIC_G0_V1,LP_WEIGHTED_G0_SQRT_T_NORM_V1,ca4cf61550d427edcaa40ff633cf5e17b983efa0581d1db52fbe40a99d812a11,LP_ML_SCHEMA_V1.24,POSTD8_QMAP_WM_DM_PM|y|450.0|37fdf2e25e5de58ccd4092697aa6dde4c5a9b6b82c351bfca5426ef5e638d441|4339896e7d0c495c8aef4406fb1bb8298566ac02f746253a04ea2d4a10caf5ae|LP_WEIGHTED_G0_COORDINATE_PERIODIC_G0_V1|LP_WEIGHTED_G0_SQRT_T_NORM_V1|ca4cf61550d427edcaa40ff633cf5e17b983efa0581d1db52fbe40a99d812a11,D:\project\worktrees\blue_apcd_lp_stage11_4\outputs\lp_ml_dataset_v1\staging\b120_j2lm06_original22_missing9_matching_regeneration_v1\subruns\POSTD8_QMAP_WM_DM_PM\y\checkpoint.json,3ab06cfd93f8dd946d728a59623aa74dba357c5d4f9748fe741b26d6ef6a28c8,"{""imag"": -1.5361074781484164e-05, ""real"": -2.297865506819461e-07}","{""imag"": 0.19011935647597886, ""real"": -0.2760243751411036}",0.1123348256148924,1.0366069004948908,LP_V122_CHECKPOINT_AUTHORITATIVE_POST_SOLVER_ACCEPTANCE_V1,PASS
POSTD8_QMAP_WM_DM_PP,x,450.0,37c3a45780662da920e72d3ba8aa7a8f904a6605a74420a5c94750b58ec1eb6f,4339896e7d0c495c8aef4406fb1bb8298566ac02f746253a04ea2d4a10caf5ae,LP_WEIGHTED_G0_COORDINATE_PERIODIC_G0_V1,LP_WEIGHTED_G0_SQRT_T_NORM_V1,ca4cf61550d427edcaa40ff633cf5e17b983efa0581d1db52fbe40a99d812a11,LP_ML_SCHEMA_V1.24,POSTD8_QMAP_WM_DM_PP|x|450.0|37c3a45780662da920e72d3ba8aa7a8f904a6605a74420a5c94750b58ec1eb6f|4339896e7d0c495c8aef4406fb1bb8298566ac02f746253a04ea2d4a10caf5ae|LP_WEIGHTED_G0_COORDINATE_PERIODIC_G0_V1|LP_WEIGHTED_G0_SQRT_T_NORM_V1|ca4cf61550d427edcaa40ff633cf5e17b983efa0581d1db52fbe40a99d812a11,D:\project\worktrees\blue_apcd_lp_stage11_4\outputs\lp_ml_dataset_v1\staging\b120_j2lm06_original22_missing9_matching_regeneration_v1\subruns\POSTD8_QMAP_WM_DM_PP\x\checkpoint.json,cdca8a01abc6fbd44f7c375178470090ca6ef97eaa9c347fb6268ee852e9ba63,"{""imag"": 0.9733189521193296, ""real"": 0.1419171870241858}","{""imag"": -0.0001302053670983788, ""real"": -0.0023272072975467815}",0.9674957033747709,1.0458574463388897,LP_V122_CHECKPOINT_AUTHORITATIVE_POST_SOLVER_ACCEPTANCE_V1,PASS
POSTD8_QMAP_WM_DM_PP,y,450.0,37c3a45780662da920e72d3ba8aa7a8f904a6605a74420a5c94750b58ec1eb6f,4339896e7d0c495c8aef4406fb1bb8298566ac02f746253a04ea2d4a10caf5ae,LP_WEIGHTED_G0_COORDINATE_PERIODIC_G0_V1,LP_WEIGHTED_G0_SQRT_T_NORM_V1,ca4cf61550d427edcaa40ff633cf5e17b983efa0581d1db52fbe40a99d812a11,LP_ML_SCHEMA_V1.24,POSTD8_QMAP_WM_DM_PP|y|450.0|37c3a45780662da920e72d3ba8aa7a8f904a6605a74420a5c94750b58ec1eb6f|4339896e7d0c495c8aef4406fb1bb8298566ac02f746253a04ea2d4a10caf5ae|LP_WEIGHTED_G0_COORDINATE_PERIODIC_G0_V1|LP_WEIGHTED_G0_SQRT_T_NORM_V1|ca4cf61550d427edcaa40ff633cf5e17b983efa0581d1db52fbe40a99d812a11,D:\project\worktrees\blue_apcd_lp_stage11_4\outputs\lp_ml_dataset_v1\staging\b120_j2lm06_original22_missing9_matching_regeneration_v1\subruns\POSTD8_QMAP_WM_DM_PP\y\checkpoint.json,f0387170762b0017d942bd8c44c1f0fb929b3967ac78648ea4fd2c23bb2c11f1,"{""imag"": -0.00014684946894021931, ""real"": -0.0023317529162602503}","{""imag"": 0.18869424655452258, ""real"": -0.27570863255903705}",0.11162622738678206,1.036680099015147,LP_V122_CHECKPOINT_AUTHORITATIVE_POST_SOLVER_ACCEPTANCE_V1,PASS
POSTD8_QMAP_WM_DP_PM,x,450.0,efc0de18f82f66294856d3d86bd04644d092547ffbaa0ece708c592229732ce3,4339896e7d0c495c8aef4406fb1bb8298566ac02f746253a04ea2d4a10caf5ae,LP_WEIGHTED_G0_COORDINATE_PERIODIC_G0_V1,LP_WEIGHTED_G0_SQRT_T_NORM_V1,ca4cf61550d427edcaa40ff633cf5e17b983efa0581d1db52fbe40a99d812a11,LP_ML_SCHEMA_V1.24,POSTD8_QMAP_WM_DP_PM|x|450.0|efc0de18f82f66294856d3d86bd04644d092547ffbaa0ece708c592229732ce3|4339896e7d0c495c8aef4406fb1bb8298566ac02f746253a04ea2d4a10caf5ae|LP_WEIGHTED_G0_COORDINATE_PERIODIC_G0_V1|LP_WEIGHTED_G0_SQRT_T_NORM_V1|ca4cf61550d427edcaa40ff633cf5e17b983efa0581d1db52fbe40a99d812a11,D:\project\worktrees\blue_apcd_lp_stage11_4\outputs\lp_ml_dataset_v1\staging\b120_j2lm06_original22_missing9_matching_regeneration_v1\subruns\POSTD8_QMAP_WM_DP_PM\x\checkpoint.json,c185140ff4406950a1c908347c34c7d2319d5348e712b3c1fbeec5073dd8f32a,"{""imag"": 0.9777999928890277, ""real"": 0.15169666192223727}","{""imag"": -3.709888100616717e-05, ""real"": -5.076498832270399e-06}",0.9791047047342303,1.0458666878641758,LP_V122_CHECKPOINT_AUTHORITATIVE_POST_SOLVER_ACCEPTANCE_V1,PASS
POSTD8_QMAP_WM_DP_PM,y,450.0,efc0de18f82f66294856d3d86bd04644d092547ffbaa0ece708c592229732ce3,4339896e7d0c495c8aef4406fb1bb8298566ac02f746253a04ea2d4a10caf5ae,LP_WEIGHTED_G0_COORDINATE_PERIODIC_G0_V1,LP_WEIGHTED_G0_SQRT_T_NORM_V1,ca4cf61550d427edcaa40ff633cf5e17b983efa0581d1db52fbe40a99d812a11,LP_ML_SCHEMA_V1.24,POSTD8_QMAP_WM_DP_PM|y|450.0|efc0de18f82f66294856d3d86bd04644d092547ffbaa0ece708c592229732ce3|4339896e7d0c495c8aef4406fb1bb8298566ac02f746253a04ea2d4a10caf5ae|LP_WEIGHTED_G0_COORDINATE_PERIODIC_G0_V1|LP_WEIGHTED_G0_SQRT_T_NORM_V1|ca4cf61550d427edcaa40ff633cf5e17b983efa0581d1db52fbe40a99d812a11,D:\project\worktrees\blue_apcd_lp_stage11_4\outputs\lp_ml_dataset_v1\staging\b120_j2lm06_original22_missing9_matching_regeneration_v1\subruns\POSTD8_QMAP_WM_DP_PM\y\checkpoint.json,c7aae60f166edfa94032ae249f6baff318508dae4703fb37ed54ef8f626865cd,"{""imag"": -3.612859567478433e-05, ""real"": -4.289418061021774e-06}","{""imag"": 0.1876902092397764, ""real"": -0.2707764955661817}",0.10854752651924798,1.0368334054515984,LP_V122_CHECKPOINT_AUTHORITATIVE_POST_SOLVER_ACCEPTANCE_V1,PASS
POSTD8_QMAP_WM_DP_PP,x,450.0,6903b647f7b99c3c5c03285d30b82c679a8f09cd5614c4cc68351453792f4ff3,4339896e7d0c495c8aef4406fb1bb8298566ac02f746253a04ea2d4a10caf5ae,LP_WEIGHTED_G0_COORDINATE_PERIODIC_G0_V1,LP_WEIGHTED_G0_SQRT_T_NORM_V1,ca4cf61550d427edcaa40ff633cf5e17b983efa0581d1db52fbe40a99d812a11,LP_ML_SCHEMA_V1.24,POSTD8_QMAP_WM_DP_PP|x|450.0|6903b647f7b99c3c5c03285d30b82c679a8f09cd5614c4cc68351453792f4ff3|4339896e7d0c495c8aef4406fb1bb8298566ac02f746253a04ea2d4a10caf5ae|LP_WEIGHTED_G0_COORDINATE_PERIODIC_G0_V1|LP_WEIGHTED_G0_SQRT_T_NORM_V1|ca4cf61550d427edcaa40ff633cf5e17b983efa0581d1db52fbe40a99d812a11,D:\project\worktrees\blue_apcd_lp_stage11_4\outputs\lp_ml_dataset_v1\staging\b120_j2lm06_original22_missing9_matching_regeneration_v1\subruns\POSTD8_QMAP_WM_DP_PP\x\checkpoint.json,491fa1e3e233d9f1ff58e520820cfc01f6867b1ad126cf88383301cf3edee7a0,"{""imag"": 0.9783252018174096, ""real"": 0.14928643332261096}","{""imag"": -0.0010402816262661274, ""real"": -0.0024820473655251763}",0.9794138824302485,1.045868819531602,LP_V122_CHECKPOINT_AUTHORITATIVE_POST_SOLVER_ACCEPTANCE_V1,PASS
POSTD8_QMAP_WM_DP_PP,y,450.0,6903b647f7b99c3c5c03285d30b82c679a8f09cd5614c4cc68351453792f4ff3,4339896e7d0c495c8aef4406fb1bb8298566ac02f746253a04ea2d4a10caf5ae,LP_WEIGHTED_G0_COORDINATE_PERIODIC_G0_V1,LP_WEIGHTED_G0_SQRT_T_NORM_V1,ca4cf61550d427edcaa40ff633cf5e17b983efa0581d1db52fbe40a99d812a11,LP_ML_SCHEMA_V1.24,POSTD8_QMAP_WM_DP_PP|y|450.0|6903b647f7b99c3c5c03285d30b82c679a8f09cd5614c4cc68351453792f4ff3|4339896e7d0c495c8aef4406fb1bb8298566ac02f746253a04ea2d4a10caf5ae|LP_WEIGHTED_G0_COORDINATE_PERIODIC_G0_V1|LP_WEIGHTED_G0_SQRT_T_NORM_V1|ca4cf61550d427edcaa40ff633cf5e17b983efa0581d1db52fbe40a99d812a11,D:\project\worktrees\blue_apcd_lp_stage11_4\outputs\lp_ml_dataset_v1\staging\b120_j2lm06_original22_missing9_matching_regeneration_v1\subruns\POSTD8_QMAP_WM_DP_PP\y\checkpoint.json,9894cbf26235e1d8308568d2e7eef526556ce1164112a7e99302581dddc150a6,"{""imag"": -0.001045122165203385, ""real"": -0.0024895058057499866}","{""imag"": 0.18631230819943964, ""real"": -0.27048953940841}",0.10788415703547381,1.0368871103621513,LP_V122_CHECKPOINT_AUTHORITATIVE_POST_SOLVER_ACCEPTANCE_V1,PASS
POSTD8_QMAP_WP_DM_PM,x,450.0,269444892fd097f6d586f34938499aec81a9eea82d4f580ccdabd8c366ea9a39,4339896e7d0c495c8aef4406fb1bb8298566ac02f746253a04ea2d4a10caf5ae,LP_WEIGHTED_G0_COORDINATE_PERIODIC_G0_V1,LP_WEIGHTED_G0_SQRT_T_NORM_V1,ca4cf61550d427edcaa40ff633cf5e17b983efa0581d1db52fbe40a99d812a11,LP_ML_SCHEMA_V1.24,POSTD8_QMAP_WP_DM_PM|x|450.0|269444892fd097f6d586f34938499aec81a9eea82d4f580ccdabd8c366ea9a39|4339896e7d0c495c8aef4406fb1bb8298566ac02f746253a04ea2d4a10caf5ae|LP_WEIGHTED_G0_COORDINATE_PERIODIC_G0_V1|LP_WEIGHTED_G0_SQRT_T_NORM_V1|ca4cf61550d427edcaa40ff633cf5e17b983efa0581d1db52fbe40a99d812a11,D:\project\worktrees\blue_apcd_lp_stage11_4\outputs\lp_ml_dataset_v1\staging\b120_j2lm06_original22_missing9_matching_regeneration_v1\subruns\POSTD8_QMAP_WP_DM_PM\x\checkpoint.json,fbabdeaa50ff70f106168f9ed85c5618ae3324c2c2070e35c2d4004c5f834287,"{""imag"": 0.982886490884231, ""real"": 0.12908419009663682}","{""imag"": -3.560151246990974e-05, ""real"": -1.2239661731005641e-05}",0.9827285835128989,1.045936800274249,LP_V122_CHECKPOINT_AUTHORITATIVE_POST_SOLVER_ACCEPTANCE_V1,PASS
POSTD8_QMAP_WP_DM_PM,y,450.0,269444892fd097f6d586f34938499aec81a9eea82d4f580ccdabd8c366ea9a39,4339896e7d0c495c8aef4406fb1bb8298566ac02f746253a04ea2d4a10caf5ae,LP_WEIGHTED_G0_COORDINATE_PERIODIC_G0_V1,LP_WEIGHTED_G0_SQRT_T_NORM_V1,ca4cf61550d427edcaa40ff633cf5e17b983efa0581d1db52fbe40a99d812a11,LP_ML_SCHEMA_V1.24,POSTD8_QMAP_WP_DM_PM|y|450.0|269444892fd097f6d586f34938499aec81a9eea82d4f580ccdabd8c366ea9a39|4339896e7d0c495c8aef4406fb1bb8298566ac02f746253a04ea2d4a10caf5ae|LP_WEIGHTED_G0_COORDINATE_PERIODIC_G0_V1|LP_WEIGHTED_G0_SQRT_T_NORM_V1|ca4cf61550d427edcaa40ff633cf5e17b983efa0581d1db52fbe40a99d812a11,D:\project\worktrees\blue_apcd_lp_stage11_4\outputs\lp_ml_dataset_v1\staging\b120_j2lm06_original22_missing9_matching_regeneration_v1\subruns\POSTD8_QMAP_WP_DM_PM\y\checkpoint.json,b6792f98a5aa2e437e4b283ef879e18af6bc95f4b2dcaee3d0c3494e6f11378c,"{""imag"": -3.749709467574756e-05, ""real"": -1.2004742222005244e-05}","{""imag"": 0.15738500441418, ""real"": -0.27499275448021665}",0.10039105618121409,1.0388362552071433,LP_V122_CHECKPOINT_AUTHORITATIVE_POST_SOLVER_ACCEPTANCE_V1,PASS
POSTD8_QMAP_WP_DM_PP,x,450.0,426b9fb434143c9073fceeafa65d79fa2b715eafc7bce65004fdcb21569575c0,4339896e7d0c495c8aef4406fb1bb8298566ac02f746253a04ea2d4a10caf5ae,LP_WEIGHTED_G0_COORDINATE_PERIODIC_G0_V1,LP_WEIGHTED_G0_SQRT_T_NORM_V1,ca4cf61550d427edcaa40ff633cf5e17b983efa0581d1db52fbe40a99d812a11,LP_ML_SCHEMA_V1.24,POSTD8_QMAP_WP_DM_PP|x|450.0|426b9fb434143c9073fceeafa65d79fa2b715eafc7bce65004fdcb21569575c0|4339896e7d0c495c8aef4406fb1bb8298566ac02f746253a04ea2d4a10caf5ae|LP_WEIGHTED_G0_COORDINATE_PERIODIC_G0_V1|LP_WEIGHTED_G0_SQRT_T_NORM_V1|ca4cf61550d427edcaa40ff633cf5e17b983efa0581d1db52fbe40a99d812a11,D:\project\worktrees\blue_apcd_lp_stage11_4\outputs\lp_ml_dataset_v1\staging\b120_j2lm06_original22_missing9_matching_regeneration_v1\subruns\POSTD8_QMAP_WP_DM_PP\x\checkpoint.json,099151735dcf09da2ac840c039fa9b68372be328d35ed3cda41d782247a4adad,"{""imag"": 0.9842038443308235, ""real"": 0.127067534051599}","{""imag"": 0.0006669713850589744, ""real"": -0.0012233652103767218}",0.9848053068787925,1.0458886578542521,LP_V122_CHECKPOINT_AUTHORITATIVE_POST_SOLVER_ACCEPTANCE_V1,PASS
POSTD8_QMAP_WP_DM_PP,y,450.0,426b9fb434143c9073fceeafa65d79fa2b715eafc7bce65004fdcb21569575c0,4339896e7d0c495c8aef4406fb1bb8298566ac02f746253a04ea2d4a10caf5ae,LP_WEIGHTED_G0_COORDINATE_PERIODIC_G0_V1,LP_WEIGHTED_G0_SQRT_T_NORM_V1,ca4cf61550d427edcaa40ff633cf5e17b983efa0581d1db52fbe40a99d812a11,LP_ML_SCHEMA_V1.24,POSTD8_QMAP_WP_DM_PP|y|450.0|426b9fb434143c9073fceeafa65d79fa2b715eafc7bce65004fdcb21569575c0|4339896e7d0c495c8aef4406fb1bb8298566ac02f746253a04ea2d4a10caf5ae|LP_WEIGHTED_G0_COORDINATE_PERIODIC_G0_V1|LP_WEIGHTED_G0_SQRT_T_NORM_V1|ca4cf61550d427edcaa40ff633cf5e17b983efa0581d1db52fbe40a99d812a11,D:\project\worktrees\blue_apcd_lp_stage11_4\outputs\lp_ml_dataset_v1\staging\b120_j2lm06_original22_missing9_matching_regeneration_v1\subruns\POSTD8_QMAP_WP_DM_PP\y\checkpoint.json,7f9db2351ef5d15cf24ba7b5b06455e6b70647bf67bd5f1fdc69480d01442445,"{""imag"": 0.0007249366757318585, ""real"": -0.0012279599144571097}","{""imag"": 0.1556838748239443, ""real"": -0.2732848296566823}",0.09892410041941478,1.038547792891872,LP_V122_CHECKPOINT_AUTHORITATIVE_POST_SOLVER_ACCEPTANCE_V1,PASS
POSTD8_QMAP_WP_DP_PM,x,450.0,206aea9c27c6fb5776c6df37c5306fd4d25c893b45cf134f5c3955be462b33d0,4339896e7d0c495c8aef4406fb1bb8298566ac02f746253a04ea2d4a10caf5ae,LP_WEIGHTED_G0_COORDINATE_PERIODIC_G0_V1,LP_WEIGHTED_G0_SQRT_T_NORM_V1,ca4cf61550d427edcaa40ff633cf5e17b983efa0581d1db52fbe40a99d812a11,LP_ML_SCHEMA_V1.24,POSTD8_QMAP_WP_DP_PM|x|450.0|206aea9c27c6fb5776c6df37c5306fd4d25c893b45cf134f5c3955be462b33d0|4339896e7d0c495c8aef4406fb1bb8298566ac02f746253a04ea2d4a10caf5ae|LP_WEIGHTED_G0_COORDINATE_PERIODIC_G0_V1|LP_WEIGHTED_G0_SQRT_T_NORM_V1|ca4cf61550d427edcaa40ff633cf5e17b983efa0581d1db52fbe40a99d812a11,D:\project\worktrees\blue_apcd_lp_stage11_4\outputs\lp_ml_dataset_v1\staging\b120_j2lm06_original22_missing9_matching_regeneration_v1\subruns\POSTD8_QMAP_WP_DP_PM\x\checkpoint.json,39d7ee30e953da05e411927d0c954a1aa84cec465b658fa9f40a4b6f1420609a,"{""imag"": 0.9788430856032887, ""real"": 0.12979011405862817}","{""imag"": -1.9643989266927346e-05, ""real"": 2.2696437234851938e-06}",0.9749792603317563,1.0458469379931197,LP_V122_CHECKPOINT_AUTHORITATIVE_POST_SOLVER_ACCEPTANCE_V1,PASS
POSTD8_QMAP_WP_DP_PM,y,450.0,206aea9c27c6fb5776c6df37c5306fd4d25c893b45cf134f5c3955be462b33d0,4339896e7d0c495c8aef4406fb1bb8298566ac02f746253a04ea2d4a10caf5ae,LP_WEIGHTED_G0_COORDINATE_PERIODIC_G0_V1,LP_WEIGHTED_G0_SQRT_T_NORM_V1,ca4cf61550d427edcaa40ff633cf5e17b983efa0581d1db52fbe40a99d812a11,LP_ML_SCHEMA_V1.24,POSTD8_QMAP_WP_DP_PM|y|450.0|206aea9c27c6fb5776c6df37c5306fd4d25c893b45cf134f5c3955be462b33d0|4339896e7d0c495c8aef4406fb1bb8298566ac02f746253a04ea2d4a10caf5ae|LP_WEIGHTED_G0_COORDINATE_PERIODIC_G0_V1|LP_WEIGHTED_G0_SQRT_T_NORM_V1|ca4cf61550d427edcaa40ff633cf5e17b983efa0581d1db52fbe40a99d812a11,D:\project\worktrees\blue_apcd_lp_stage11_4\outputs\lp_ml_dataset_v1\staging\b120_j2lm06_original22_missing9_matching_regeneration_v1\subruns\POSTD8_QMAP_WP_DP_PM\y\checkpoint.json,ceb5f5b4298ebf32530b652fadd32fe2f23a6d3b85f21917542c85837ff0c418,"{""imag"": -2.152004329466413e-05, ""real"": 2.2667124072280937e-06}","{""imag"": 0.15544792293596973, ""real"": -0.27150753150021883}",0.09788039687469972,1.0384085424583123,LP_V122_CHECKPOINT_AUTHORITATIVE_POST_SOLVER_ACCEPTANCE_V1,PASS
POSTD8_QMAP_WP_DP_PP,x,450.0,71611e620b6d6f33b5dc1c681bd5e0e41fdedca4e6fc433cfc7ee924f5156a56,4339896e7d0c495c8aef4406fb1bb8298566ac02f746253a04ea2d4a10caf5ae,LP_WEIGHTED_G0_COORDINATE_PERIODIC_G0_V1,LP_WEIGHTED_G0_SQRT_T_NORM_V1,ca4cf61550d427edcaa40ff633cf5e17b983efa0581d1db52fbe40a99d812a11,LP_ML_SCHEMA_V1.24,POSTD8_QMAP_WP_DP_PP|x|450.0|71611e620b6d6f33b5dc1c681bd5e0e41fdedca4e6fc433cfc7ee924f5156a56|4339896e7d0c495c8aef4406fb1bb8298566ac02f746253a04ea2d4a10caf5ae|LP_WEIGHTED_G0_COORDINATE_PERIODIC_G0_V1|LP_WEIGHTED_G0_SQRT_T_NORM_V1|ca4cf61550d427edcaa40ff633cf5e17b983efa0581d1db52fbe40a99d812a11,D:\project\worktrees\blue_apcd_lp_stage11_4\outputs\lp_ml_dataset_v1\staging\b120_j2lm06_original22_missing9_matching_regeneration_v1\subruns\POSTD8_QMAP_WP_DP_PP\x\checkpoint.json,1cec1eb850549741d760dd6ba60efcc09d519d336c417cbfe84a8fb7fb09a674,"{""imag"": 0.9790289640061373, ""real"": 0.12970456867865998}","{""imag"": 0.0010325735664512452, ""real"": -0.0010535707557573263}",0.9753231637185549,1.0458182514382552,LP_V122_CHECKPOINT_AUTHORITATIVE_POST_SOLVER_ACCEPTANCE_V1,PASS
POSTD8_QMAP_WP_DP_PP,y,450.0,71611e620b6d6f33b5dc1c681bd5e0e41fdedca4e6fc433cfc7ee924f5156a56,4339896e7d0c495c8aef4406fb1bb8298566ac02f746253a04ea2d4a10caf5ae,LP_WEIGHTED_G0_COORDINATE_PERIODIC_G0_V1,LP_WEIGHTED_G0_SQRT_T_NORM_V1,ca4cf61550d427edcaa40ff633cf5e17b983efa0581d1db52fbe40a99d812a11,LP_ML_SCHEMA_V1.24,POSTD8_QMAP_WP_DP_PP|y|450.0|71611e620b6d6f33b5dc1c681bd5e0e41fdedca4e6fc433cfc7ee924f5156a56|4339896e7d0c495c8aef4406fb1bb8298566ac02f746253a04ea2d4a10caf5ae|LP_WEIGHTED_G0_COORDINATE_PERIODIC_G0_V1|LP_WEIGHTED_G0_SQRT_T_NORM_V1|ca4cf61550d427edcaa40ff633cf5e17b983efa0581d1db52fbe40a99d812a11,D:\project\worktrees\blue_apcd_lp_stage11_4\outputs\lp_ml_dataset_v1\staging\b120_j2lm06_original22_missing9_matching_regeneration_v1\subruns\POSTD8_QMAP_WP_DP_PP\y\checkpoint.json,14f9144c3de426d59ddd9501f5ba820d3bc2363c838e7aede026b4fb4499552d,"{""imag"": 0.0010864644317263967, ""real"": -0.0010497429519538371}","{""imag"": 0.1535943434034166, ""real"": -0.26965586846940565}",0.09630779209074265,1.0381646387223054,LP_V122_CHECKPOINT_AUTHORITATIVE_POST_SOLVER_ACCEPTANCE_V1,PASS
POSTD8_QMAP_W0_D0_P0,x,450.0,3cfd291d4505513fe555c93ea706aeef60b915a63b4ac3a3ddf06619e20b74bf,4339896e7d0c495c8aef4406fb1bb8298566ac02f746253a04ea2d4a10caf5ae,LP_WEIGHTED_G0_COORDINATE_PERIODIC_G0_V1,LP_WEIGHTED_G0_SQRT_T_NORM_V1,ca4cf61550d427edcaa40ff633cf5e17b983efa0581d1db52fbe40a99d812a11,LP_ML_SCHEMA_V1.24,POSTD8_QMAP_W0_D0_P0|x|450.0|3cfd291d4505513fe555c93ea706aeef60b915a63b4ac3a3ddf06619e20b74bf|4339896e7d0c495c8aef4406fb1bb8298566ac02f746253a04ea2d4a10caf5ae|LP_WEIGHTED_G0_COORDINATE_PERIODIC_G0_V1|LP_WEIGHTED_G0_SQRT_T_NORM_V1|ca4cf61550d427edcaa40ff633cf5e17b983efa0581d1db52fbe40a99d812a11,D:\project\worktrees\blue_apcd_lp_stage11_4\outputs\lp_ml_dataset_v1\staging\b120_j2lm06_original22_missing9_matching_regeneration_v1\subruns\POSTD8_QMAP_W0_D0_P0\x\checkpoint.json,f410ce5d3c6a6982f1474a36278caa708d5e292d9646a5c722749e7f69c87cb1,"{""imag"": 0.9800882332902338, ""real"": 0.1406611255123499}","{""imag"": -0.0004389066657747032, ""real"": -0.00041527556647922973}",0.9803588623572304,1.0459247348865253,LP_V122_CHECKPOINT_AUTHORITATIVE_POST_SOLVER_ACCEPTANCE_V1,PASS
POSTD8_QMAP_W0_D0_P0,y,450.0,3cfd291d4505513fe555c93ea706aeef60b915a63b4ac3a3ddf06619e20b74bf,4339896e7d0c495c8aef4406fb1bb8298566ac02f746253a04ea2d4a10caf5ae,LP_WEIGHTED_G0_COORDINATE_PERIODIC_G0_V1,LP_WEIGHTED_G0_SQRT_T_NORM_V1,ca4cf61550d427edcaa40ff633cf5e17b983efa0581d1db52fbe40a99d812a11,LP_ML_SCHEMA_V1.24,POSTD8_QMAP_W0_D0_P0|y|450.0|3cfd291d4505513fe555c93ea706aeef60b915a63b4ac3a3ddf06619e20b74bf|4339896e7d0c495c8aef4406fb1bb8298566ac02f746253a04ea2d4a10caf5ae|LP_WEIGHTED_G0_COORDINATE_PERIODIC_G0_V1|LP_WEIGHTED_G0_SQRT_T_NORM_V1|ca4cf61550d427edcaa40ff633cf5e17b983efa0581d1db52fbe40a99d812a11,D:\project\worktrees\blue_apcd_lp_stage11_4\outputs\lp_ml_dataset_v1\staging\b120_j2lm06_original22_missing9_matching_regeneration_v1\subruns\POSTD8_QMAP_W0_D0_P0\y\checkpoint.json,75376e7a578aa927532397dd389297c6c264622744056b74368c3e21deb218ae,"{""imag"": -0.00043717790560011185, ""real"": -0.00039440961541493177}","{""imag"": 0.17256679290587862, ""real"": -0.27193702835456135}",0.10372939208759577,1.036903884761024,LP_V122_CHECKPOINT_AUTHORITATIVE_POST_SOLVER_ACCEPTANCE_V1,PASS
