angle_deg,intensity_proxy
-89.99999914622636,9.354800684306389e-08
-87.43680027996089,1.3191938757753957e-07
-86.37478578672372,1.493431155435399e-07
-85.55966694730674,1.625363672150734e-07
-84.87231698093369,1.7312868625138912e-07
-84.26659730796267,1.8183038390088393e-07
-83.7188473002472,1.8910244172944225e-07
-83.21501265029943,1.9532324249377096e-07
-82.74593696669073,2.0084535316064558e-07
-82.30526072729027,2.0601646181213854e-07
-81.88835398580235,2.1118554718662952e-07
-81.49172179461118,2.1670193077925926e-07
-81.11264914981503,2.229105427998004e-07
-80.74897712783695,2.3014510377648405e-07
-80.39895542436832,2.387202303305423e-07
-80.06114165487263,2.489231459088793e-07
-79.73433047718744,2.61005503646921e-07
-79.41750240380574,2.7517572277158693e-07
-79.10978600479763,2.9159216430152075e-07
-78.8104294537864,3.1035740907442334e-07
-78.51877874041668,3.315138435375035e-07
-78.23426073431965,3.5504070305237876e-07
-77.95636984216819,3.8085266779408837e-07
-77.68465736788467,4.0880005297936325e-07
-77.41872293538925,4.386705840639149e-07
-77.15820750531542,4.7019269988164054e-07
-76.90278763795686,5.030402836767696e-07
-76.65217074095705,5.368386847113819e-07
-76.40609110272075,5.711718625169106e-07
-76.1643065583835,6.055904625292339e-07
-75.92659566925778,6.396206161235741e-07
-75.6927553222919,6.727732499447053e-07
-75.46259867554336,7.045536885888561e-07
-75.2359533905971,7.344713405215741e-07
-75.01266010441917,7.620492687414782e-07
-74.79257110216234,7.868334640527814e-07
-74.57554915954199,8.084016586796399e-07
-74.36146652903307,8.263715400613826e-07
-74.15020404863628,8.404082477279177e-07
-73.94165035557546,8.50231058955524e-07
-73.73570119021143,8.556191903651264e-07
-73.5322587778365,8.56416661855742e-07
-73.33123127795712,8.525361856070293e-07
-73.13253229227459,8.439620559415653e-07
-72.9360804238938,8.307520254943089e-07
-72.74179888138862,8.130381595564398e-07
-72.5496151222685,7.910266640681267e-07
-72.35946053115805,7.649966841839305e-07
-72.17127012864599,7.352980704635746e-07
-71.9849823073061,7.023481095146648e-07
-71.80053859185354,6.666272163591167e-07
-71.6178834207933,6.286735879299308e-07
-71.43696394725384,5.89076821868287e-07
-71.25772985698381,5.484705129741685e-07
-71.08013320173983,5.075238518492284e-07
-70.90412824650302,4.6693226678034485e-07
-70.7296713291473,4.274071707697911e-07
-70.55672073134137,3.8966490052569347e-07
-70.38523655960435,3.544149625605627e-07
-70.21518063555617,3.223477323691868e-07
-70.04651639450873,2.941217847503124e-07
-69.87920879163549,2.703510652452303e-07
-69.7132242150396,2.515921427647175e-07
-69.54853040510996,2.3833181004177282e-07
-69.38509637961832,2.3097531984702094e-07
-69.22289236406615,2.2983555927971292e-07
-69.06188972683796,2.3512347041027565e-07
-68.90206091876227,2.4694002186395543e-07
-68.74337941671942,2.652700216943197e-07
-68.5858196709698,2.899780365921851e-07
-68.4293570559072,3.208066460486392e-07
-68.27396782396883,3.5737721295657854e-07
-68.11962906245793,3.9919329519718234e-07
-67.9663186530576,4.4564675739463584e-07
-67.8140152338336,4.960265700528888e-07
-67.66269816354124,5.495302069146703e-07
-67.51234748806844,6.052774731157179e-07
-67.36294390886036,6.623265192714429e-07
-67.21446875318475,7.196917228640213e-07
-67.06690394610837,7.763630510251429e-07
-66.9202319840658,8.313264607407408e-07
-66.77443590991125,8.835848461072807e-07
-66.62949928935345,9.321790096638447e-07
-66.48540618868022,9.762081176831598e-07
-66.34214115368837,1.0148490987717019e-06
-66.19968918973962,1.0473744617586894e-06
-66.05803574287006,1.0731680425723034e-06
-65.91716668188604,1.091738239894845e-06
-65.77706828138395,1.1027283645158818e-06
-65.6377272056365,1.1059238055364805e-06
-65.49913049329244,1.1012558054691752e-06
-65.36126554283915,1.0888017329448165e-06
-65.22412009878309,1.0687818429678798e-06
-65.0876822385048,1.0415526170400073e-06
-64.95194035974859,1.0075968755048322e-06
-64.81688316871022,9.675109487232223e-07
-64.68249966868754,9.21989278927069e-07
-64.5487791492625,8.718068979015813e-07
-64.4157111759837,8.178002845228974e-07
-64.28328558052225,7.608471486714603e-07
-64.15149245127412,7.018457127971516e-07
-64.02032212438473,6.416940687285044e-07
-63.88976517517275,5.812701751711351e-07
-63.75981240993156,5.214130313780297e-07
-63.630454858088555,4.629055159851723e-07
-63.501683764702946,4.064593188621684e-07
-63.37349058328467,3.5270232040317665e-07
-63.24586696891765,3.021686897550233e-07
-63.118804771672075,2.5529188411018285e-07
-62.99229603029031,2.124006386075951e-07
-62.866332966133506,1.7371794384149653e-07
-62.74090797737537,1.3936291863939523e-07
-62.616013633430946,1.0935540257931037e-07
-62.49164266960896,8.362301829114449e-08
-62.367787981976925,6.201039012546823e-08
-62.2444426224285,4.429015498049582e-08
-62.12159979394388,3.017536411780156e-08
-61.999252846033514,1.9332852265176612e-08
-61.87739527035707,1.1397142229394136e-08
-61.756020696509225,5.9844591081910865e-09
-61.63512288796456,2.7064469894747808e-09
-61.51469573817442,1.1832113180986883e-09
-61.39473326680869,1.0553501126981605e-09
-61.275229616136194,1.9946848929653656e-09
-61.15617904753717,3.7134553490384942e-09
-61.03757593814228,5.9717982226061015e-09
-60.91941477759251,8.5833884032809e-09
-60.801690164914675,1.1419176851976299e-08
-60.684396805507426,1.4409213852758938e-08
-60.56752950823321,1.7542595766926865e-08
-60.45108318261152,2.0865617758442972e-08
-60.33505283610929,2.4478253084236736e-08
-60.219433571524206,2.8529111072425965e-08
-60.104220584457096,3.3209050777178655e-08
-59.98940916086991,3.874364575238058e-08
-59.87499467472562,4.5384707949351286e-08
-59.76097258570651,5.340108614537016e-08
-59.64733843700814,6.306895741328369e-08
-59.534087853205754,7.466182986969661e-08
-59.42121653818987,8.844047219371656e-08
-59.30872027316898,1.0464298100364489e-07
-59.19659491473636,1.2347519177685872e-07
-59.084836392998334,1.451016330579732e-07
-58.97344070976207,1.6963721744615183e-07
-58.86240393678012,1.971398562567064e-07
-58.751722214049956,2.2760417753946503e-07
-58.64139174816628,2.609565188057936e-07
-58.531408810723825,2.970513556816226e-07
-58.42176973676931,3.3566931495061405e-07
-58.312470923300324,3.7651690420532114e-07
-58.20350882780943,4.192280697286583e-07
-58.09487996687213,4.6336766852747114e-07
-57.98658091477663,5.084369090604551e-07
-57.87860830219438,5.538807778279817e-07
-57.770958814889624,5.990974256282751e-07
-57.663629192466495,6.434494383128853e-07
-57.55661622715268,6.862768630794027e-07
-57.44991676261811,7.269118039200398e-07
-57.34352769282732,7.646943404010739e-07
-57.237445960924745,7.989894644426156e-07
-57.13166855815133,8.29204672463889e-07
-57.026192522791696,8.548077976368172e-07
-56.92101493915078,8.753446216455779e-07
-56.816132936558745,8.904557698761079e-07
-56.71154368840345,8.998923708237979e-07
-56.607244411189534,9.035299519194274e-07
-56.503232363622914,9.0138005175916e-07
-56.399504845720315,8.935990542090945e-07
-56.29605919794279,8.804937937614165e-07
-56.192892800352176,8.625235438862656e-07
-56.09000307179042,8.402980802524232e-07
-55.987387469080225,8.145716071194994e-07
-55.885043486246964,7.862324457195833e-07
-55.78296865376096,7.562885051211448e-07
-55.681160537799265,7.258486853413072e-07
-55.57961673952677,6.961004952565307e-07
-55.47833489439563,6.682842996784085e-07
-55.37731267146262,6.436647361025616e-07
-55.276547772724015,6.234999573443771e-07
-55.176037932467004,6.090094569209556e-07
-55.075780916637626,6.013413153261423e-07
-54.97577452222446,6.015397634882942e-07
-54.87601657665749,6.105139915950857e-07
-54.77650493722212,6.290091348452409e-07
-54.67723749048727,6.575803412270528e-07
-54.5782121517477,6.965707698516051e-07
-54.47942686447983,7.460942824964112e-07
-54.38087959981064,8.06023477746911e-07
-54.282568355999494,8.759835794164609e-07
-54.18449115793227,9.55352532709077e-07
-54.08664605662754,1.043267487640095e-06
-53.98903112875451,1.1386376650131575e-06
-53.891644476162206,1.2401634117300773e-06
-53.79448422541982,1.3463610656286482e-06
-53.69754852736772,1.4555930717015777e-06
-53.60083555667886,1.5661026275640803e-06
-53.504343511430285,1.676051992111056e-06
-53.40807061268459,1.78356347250573e-06
-53.31201510408083,1.8867620152088314e-06
-53.216175251434755,1.9838182699313988e-06
-53.12054934234811,2.072990973289661e-06
-53.02513568582671,2.15266751245885e-06
-52.92993261190705,2.221401577913749e-06
-52.83493847129136,2.277946896814664e-06
-52.740151634990475,2.321286151970518e-06
-52.645570493974915,2.3506543317285528e-06
-52.55119345883336,2.365555918811203e-06
-52.45701895943875,2.365775505502655e-06
-52.36304544462159,2.3513816125994205e-06
-52.26927138185027,2.3227236837906284e-06
-52.17569525691843,2.2804224191710222e-06
-52.08231557363882,2.2253537951337458e-06
-51.9891308535438,2.1586272870745893e-06
-51.8961396355923,2.08155896092147e-06
-51.80334047588273,1.995640225051826e-06
-51.71073194737209,1.9025031322091216e-06
-51.61831263960105,1.8038831891847772e-06
-51.526081158424454,1.7015806690404768e-06
-51.43403612574782,1.597421426413846e-06
-51.342176179268826,1.4932181920134368e-06
-51.25049997222457,1.3907332698579035e-06
-51.15900617314364,1.2916434831810934e-06
-51.067693465603426,1.1975081160295409e-06
-50.97656054799229,1.1097404818510641e-06
-50.88560613327656,1.0295836226504586e-06
-50.7948289487722,9.580905076058064e-07
-50.70422773592103,8.961089634151458e-07
-50.613801250071404,8.44271434875261e-07
-50.5235482602633,8.029895476682102e-07
-50.43346754901757,7.724533298577534e-07
-50.34355791212937,7.526348472799314e-07
-50.253818158465634,7.432959231478394e-07
-50.16424710976652,7.439995452178575e-07
-50.07484360045067,7.541245153458521e-07
-49.985606477424184,7.728828659116219e-07
-49.89653459989347,7.99339554340466e-07
-49.80762683918137,8.324339490530095e-07
-49.71888207854712,8.710026353279837e-07
-49.63029921300947,9.138030950677283e-07
-49.54187714917329,9.595378473803598e-07
-49.45361480505946,1.0068786742424727e-06
-49.36551110993778,1.0544905943968445e-06
-49.277565004163215,1.1010552864513984e-06
-49.18977543901511,1.1452936966628106e-06
-49.10214137653926,1.185987596410808e-06
-49.01466178939312,1.2219998777936237e-06
-48.92733566069365,1.2522933926393754e-06
-48.840161983868065,1.2759481507199677e-06
-48.753139762507345,1.2921766978812249e-06
-48.666268010222204,1.3003374955284338e-06
-48.57954575050194,1.2999461212511122e-06
-48.49297201657554,1.2906841084895289e-06
-48.406545851275546,1.2724052433823642e-06
-48.320266306904145,1.245139141666853e-06
-48.23413244510175,1.2090919399765234e-06
-48.14814333671792,1.1646439560583814e-06
-48.06229806168447,1.112344202839541e-06
-47.9765957088909,1.052901682885656e-06
-47.89103537606197,9.871734429296395e-07
-47.805616169637425,9.161494324110468e-07
-47.72033720465376,8.409342842118073e-07
-47.63519760462815,7.627262181283698e-07
-47.55019650144421,6.827933555293282e-07
-47.465333035239944,6.024478239666665e-07
-47.38060635429738,5.230181196283652e-07
-47.29601561493421,4.4582027951937414e-07
-47.211559981397315,3.7212849008127473e-07
-47.12723862575797,3.031458206096798e-07
-47.04305072780886,2.3997581455664625e-07
-46.958995474962926,1.8359569631432173e-07
-46.875072062153805,1.348319526930209e-07
-46.791279691737856,9.433902514458674e-08
-46.70761757339803,6.258179986593082e-08
-46.624084924049136,3.982250827861943e-08
-46.540680967744755,2.6112551103158e-08
-46.45740493558569,2.128963747437511e-08
-46.37425606562987,2.498048943569421e-08
-46.29123360280377,3.6609205790200864e-08
-46.20833679881527,5.541121255443925e-08
-46.12556491206784,8.045255565909138e-08
-46.04291720757627,1.1065412099163357e-07
-45.96039295688358,1.4482020349587182e-07
-45.87799143797939,1.8167069690064587e-07
-45.79571193521955,2.1987604452091468e-07
-45.71355373924702,2.5809398470302814e-07
-45.63151614691408,2.9500704636190417e-07
-45.54959846120565,3.293597042201752e-07
-45.46779999116394,3.5999409223533e-07
-45.386120051814274,3.8588319848723285e-07
-45.3045579640919,4.061605253905204e-07
-45.223113054770195,4.201452940691924e-07
-45.14178465638981,4.2736239837254775e-07
-45.06057210718896,4.27556468409847e-07
-44.979474751034836,4.206995806575682e-07
-44.898491937355956,4.0699234578242493e-07
-44.81762302107569,3.868583097890313e-07
-44.73686736254672,3.6093181197893334e-07
-44.656224327486456,3.300396473681591e-07
-44.575693286913555,2.951770746279092e-07
-44.495273617085324,2.574788866323953e-07
-44.41496469943605,2.181864132863207e-07
-44.334765920516254,1.786114502789745e-07
-44.25467667193294,1.4009819863259744e-07
-44.17469635029065,1.0398435543517182e-07
-44.094824357133405,7.156251432750729e-08
-44.01506009888752,4.404301485957836e-08
-43.93540298680525,2.2519323801680952e-08
-43.855852436909366,7.936941250870054e-09
-43.776407869938346,1.066703465499092e-09
-43.69706871129252,2.483207388604238e-09
-43.617834390981024,1.2548914238550405e-08
-43.53870434356931,3.1404307443429804e-08
-43.45967800812773,5.896429006005673e-08
-43.38075482818059,9.492081527750137e-08
-43.30193425165608,1.3875155717646826e-07
-43.22321573083688,1.8973425376197714e-07
-43.144598722311514,2.469661959905488e-07
-43.066082686926286,3.093881998810309e-07
-42.987667089738075,3.758122876998474e-07
-42.9093513999676,4.4495222146023576e-07
-42.83113509095352,5.154559792544725e-07
-42.75301764010706,5.859392427760472e-07
-42.674998528867306,6.550189721787355e-07
-42.59707724265723,7.21346180487644e-07
-42.51925327084009,7.836370814903922e-07
-42.44152610667673,8.407018689457569e-07
-42.36389524728319,8.914704869602441e-07
-42.286360193589125,9.350148669566283e-07
-42.208920450296645,9.705672310017179e-07
-42.13157552583987,9.975341895408043e-07
-42.05432493234481,1.0155064891280409e-06
-41.97716818559011,1.0242643882104825e-06
-41.90010480496797,1.0237787525852359e-06
-41.82313431344589,1.0142080636030736e-06
-41.74625623752882,9.958916190667172e-07
-41.66947010722175,9.693392773863087e-07
-41.59277545599291,9.352181490380036e-07
-41.516171820737455,8.943366756480471e-07
-41.43965874174155,8.476265567599595e-07
-41.36323576264706,7.961229888590421e-07
-41.28690243041654,7.409436723942394e-07
-41.21065829529886,6.832670226334649e-07
-41.13450291079522,6.243099917632144e-07
-41.058435833625545,5.65305875361269e-07
-40.9824566236954,5.074824388636958e-07
-40.90656484406337,4.520406613716248e-07
-40.830760060908744,4.001343572588218e-07
-40.755041843499725,3.5285090230660293e-07
-40.67940976416201,3.111932617899997e-07
-40.60386339824775,2.7606349382644403e-07
-40.52840232410505,2.4824788259442486e-07
-40.45302612304761,2.2840384242963197e-07
-40.37773437932496,2.1704872452657212e-07
-40.30252668009314,2.145506518240851e-07
-40.22740261538536,2.2112150313081956e-07
-40.15236177808361,2.3681216294701404e-07
-40.07740376389007,2.615101469780425e-07
-40.00252817129928,2.949397032757435e-07
-39.92773460157049,3.3666447371825786e-07
-39.85302265870036,3.8609277886482885e-07
-39.778391949396,4.4248556019874424e-07
-39.70384208304849,5.049669769602545e-07
-39.62937267170645,5.725376102474417e-07
-39.55498333005027,6.440901754415502e-07
-39.48067367536635,7.18427586445013e-07
-39.40644332752186,7.942831533577104e-07
-39.3322919089398,8.703426311526091e-07
-39.25821904457424,9.452677730913153e-07
-39.18422436188597,1.0177209817332957e-06
-39.11030749081844,1.086390595249501e-06
-39.03646806377397,1.1500163001468474e-06
-38.96270571559022,1.2074141260860817e-06
-38.889020083517025,1.2575004565846802e-06
-38.815410807193416,1.2993144829765547e-06
-38.74187752862501,1.3320385394646116e-06
-38.66841989216162,1.3550157852503102e-06
-38.59503754447513,1.3677647456795336e-06
-38.52173013453765,1.369990287519819e-06
-38.44849731359993,1.3615906825811022e-06
-38.37533873517005,1.3426605069285666e-06
-38.302254054992304,1.3134892273073228e-06
-38.22924293102639,1.2745554389654723e-06
-38.15630502342689,1.226516836266238e-06
-38.08343999452283,1.1701961154763351e-06
-38.010647508797625,1.1065631239243377e-06
-37.93792723286927,1.0367136773763458e-06
-37.8652788354706,9.618455641905197e-07
-37.79270198743,8.83232337130151e-07
-37.720196361652135,8.021955586499952e-07
-37.647761633099066,7.200762106274818e-07
-37.57539747877144,6.382060031846707e-07
-37.50310357769009,5.578793184961214e-07
-37.43087961087758,4.803265041615335e-07
-37.35872526134026,4.066891875101126e-07
-37.28664021405025,3.3799821855168424e-07
-37.21462415592782,2.7515476738251654e-07
-37.14267677582391,2.1891500452139956e-07
-37.07079776450282,1.6987868325742882e-07
-36.99898681462517,1.2848182540213765e-07
-36.92724362073092,9.499358987969737e-08
-36.85556787922277,6.95172814873017e-08
-36.783959288349536,5.1995338987259085e-08
-36.71241754818993,4.221803132005931e-08
-36.640942360636316,3.983549167256279e-08
-36.569533429378794,4.437263444183567e-08
-36.49819045988941,5.5246432267872227e-08
-36.426913159406524,7.178498107284485e-08
-36.35570123691935,9.32477515340928e-08
-36.28455440315275,1.1884641599141297e-07
-36.21347237055206,1.4776565007659338e-07
-36.142454853268184,1.7918333729155843e-07
-36.071501567142846,2.1228965065624617e-07
-36.000612229693914,2.4630454615671057e-07
-35.92978656010103,2.8049327536289995e-07
-35.85902427919125,3.141796062436912e-07
-35.788325109424925,3.467565286750393e-07
-35.717688774881736,3.7769431113798337e-07
-35.647115001246846,4.0654586441856644e-07
-35.57660351579718,4.3294945371328194e-07
-35.506154047387966,4.5662887966141917e-07
-35.43576632643925,4.773913190999533e-07
-35.36544008492272,4.951230758507034e-07
-35.295175056348555,5.097835391904013e-07
-35.22497097575249,5.213976819411668e-07
-35.154827579682944,5.300474510071484e-07
-35.084744606188366,5.358624108479274e-07
-35.014721794804665,5.390099954769241e-07
-34.94475888654274,5.396857081856702e-07
-34.874855623876265,5.381035817599399e-07
-34.80501175072943,5.344871771832222e-07
-34.73522701246498,5.290613576156802e-07
-34.665501155872256,5.220450287878573e-07
-34.59583392915542,5.136449888618964e-07
-34.526225081921766,5.040509822182026e-07
-34.456674365170215,4.934320043036564e-07
-34.38718153127986,4.819338601995972e-07
-34.31774633399865,4.6967793924638e-07
-34.24836852843221,4.5676113291773653e-07
-34.179047871032786,4.4325679388489736e-07
-34.109784119588255,4.292166112499976e-07
-34.04057703321124,4.146732603656836e-07
-33.97142637232847,3.9964367532634294e-07
-33.90233189867004,3.841327877143962e-07
-33.833293375258954,3.6813757592023126e-07
-33.76431056640069,3.516512745939422e-07
-33.6953832376729,3.3466760270995967e-07
-33.62651115591516,3.1718488047449473e-07
-33.55769408921894,2.992099190349872e-07
-33.48893180691754,2.807615818700819e-07
-33.42022407957621,2.6187393214812083e-07
-33.351570678982334,2.4259889565870817e-07
-33.28297137813576,2.230083836964338e-07
-33.21442595123916,2.0319583419951532e-07
-33.145934173688495,1.8327714234787796e-07
-33.07749582206369,1.633909636598801e-07
-33.00911067411918,1.4369838345606404e-07
-32.94077850877476,1.2438195652555573e-07
-32.87249910610643,1.0564413013267915e-07
-32.80427224733734,8.770507235748942e-08
-32.73609771482879,7.079993638642937e-08
-32.6679752920714,5.51755999355494e-08
-32.59990476367632,4.108692761774046e-08
-32.53188591536648,2.8792612800199365e-08
-32.463918533968,1.855066429472672e-08
-32.39600240740168,1.0613611946411414e-08
-32.32813732467447,5.223513613603513e-09
-32.2603230758712,2.606853865426554e-09
-32.19255945214618,2.969431605050832e-09
-32.12484624571507,6.49133936375165e-09
-32.05718324984672,1.3322140798430415e-08
-31.989570258855093,2.357635457795446e-08
-31.922007068091315,3.7329352022225664e-08
-31.854493473935765,5.461377229678264e-08
-31.787029273790253,7.541655249663075e-08
-31.719614266070224,9.967666052335493e-08
-31.652248250197143,1.272836063452299e-07
-31.584931026590837,1.5807679224054442e-07
-31.517662396662004,1.9184574530087212e-07
-31.450442162804677,2.2833125627646418e-07
-31.3832701283889,2.672274283481677e-07
-31.31614609775339,3.0818461825839404e-07
-31.249069876198234,3.508132311297837e-07
-31.182041269977738,3.946883099667751e-07
-31.11506008629329,4.393548419810513e-07
-31.04812613328633,4.843336871674267e-07
-30.981239220031295,5.291280205619595e-07
-30.914399156528773,5.732301688092523e-07
-30.847605753698566,6.161287143878347e-07
-30.780858823372945,6.573157372777043e-07
-30.714158178289868,6.962940640291223e-07
-30.64750363208634,7.325843979721018e-07
-30.58089499929177,7.657322114032889e-07
-30.514332095321457,7.953142905740669e-07
-30.447814736470008,8.209448366374743e-07
-30.381342739905026,8.422810397614509e-07
-30.314915923660614,8.590280586975109e-07
-30.248534106631137,8.709433535050329e-07
-30.182197108564903,8.778403341894513e-07
-30.115904750058007,8.795913020907609e-07
-30.049656852548125,8.761296734188726e-07
-29.983453238308474,8.674514849533129e-07
-29.91729373044172,8.536161903239393e-07
-29.851178152874013,8.347467613369128e-07
-29.78510633034908,8.110291125340893e-07
-29.719078088422272,7.827108687569032e-07
-29.65309325345482,7.500994952523878e-07
-29.587151652607982,7.135598082553903e-07
-29.52125311383738,6.735108815474371e-07
-29.455397465887255,6.304223618292152e-07
-29.389584538284918,5.848102034735197e-07
-29.32381416133511,5.372318319552199e-07
-29.258086166114513,4.882807455352166e-07
-29.192400384466236,4.3858056706499765e-07
-29.126756648994412,3.8877856241098456e-07
-29.061154793058822,3.395386491568742e-07
-28.995594650769494,2.9153392894247654e-07
-28.93007605698149,2.454387888768785e-07
-28.86459884728962,2.0192063158353527e-07
-28.79916285802324,1.616313090909473e-07
-28.7337679262411,1.2519835232584284e-07
-28.66841388972625,9.321610463115264e-08
-28.603100586980943,6.623688367400877e-08
-28.537827857221647,4.476231044758108e-08
-28.472595540373998,2.9234955930774415e-08
-28.40740347706796,2.0030464532340213e-08
-28.342251508632835,1.7450317991283193e-08
-28.277139477092472,2.1715403355465204e-08
-28.212067225160396,3.2960543613804e-08
-28.147034596235102,5.1230139317625104e-08
-28.08204143439526,7.647505411901936e-08
-28.017087584395064,1.0855085683336714e-07
-27.95217289165955,1.472175078794838e-07
-27.887297202279992,1.9214054945354576e-07
-27.822460363009345,2.428938274243224e-07
-27.757662221257675,2.9896373971615146e-07
-27.692902625087665,3.5975497199363334e-07
-27.628181423210176,4.2459764795124433e-07
-27.563498464979812,4.927557896131245e-07
-27.498853600390497,5.634369538778301e-07
-27.434246680071183,6.358028861052827e-07
-27.369677555281474,7.0898101068659e-07
-27.3051460779074,7.820765629120158e-07
-27.24065210045711,8.541851564785726e-07
-27.17619547605672,9.244055768272884e-07
-27.111776058446107,9.918525920843236e-07
-27.04739370197476,1.0556695803603226e-06
-26.983048261597688,1.115040783965059e-06
-26.918739592871333,1.1692030169416814e-06
-26.85446755194954,1.2174566712762622e-06
-26.790231995579536,1.259175888140418e-06
-26.726032781097967,1.2938177824684536e-06
-26.661869766426918,1.3209306309503382e-06
-26.59774281007006,1.3401609540977016e-06
-26.533651771108705,1.351259441494865e-06
-26.46959650919801,1.3540856849386258e-06
-26.405576884563104,1.34861169637679e-06
-26.34159275799535,1.3349241961050482e-06
-26.277643990848556,1.313225661575018e-06
-26.213730445035242,1.2838341286789084e-06
-26.14985198302297,1.247181736049639e-06
-26.08600846783064,1.2038119995305834e-06
-26.022199763024883,1.1543757995073894e-06
-25.958425732716403,1.0996260593844748e-06
-25.894686241556442,1.0404110903438139e-06
-25.830981154733195,9.776665768717568e-07
-25.767310337968294,9.12406180548646e-07
-25.7036736575133,8.457107472996433e-07
-25.640070980146234,7.787161165317013e-07
-25.57650217316813,7.125995498892164e-07
-25.51296710439964,6.485648229859585e-07
-25.44946564217758,5.878260552870754e-07
-25.385997655351634,5.315903908120345e-07
-25.322563013280973,4.810396846076575e-07
-25.25916158583096,4.373113957262706e-07
-25.195793243369838,4.0147893512412984e-07
-25.1324578567655,3.745317645695948e-07
-25.069155297382224,3.573555882024992e-07
-25.005885437077463,3.50713019566665e-07
-24.94264814819868,3.5522514146095897e-07
-24.879443303580135,3.713544016004124e-07
-24.816270776539806,3.993893017984677e-07
-24.75313044087623,4.3943134039900117e-07
-24.690022170865415,4.913846555972631e-07
-24.62694584125779,5.549487901424616e-07
-24.563901327275136,6.296149552861678e-07
-24.500888504607573,7.146661138795264e-07
-24.437907249410568,8.091811299806487e-07
-24.37495743830194,9.120431465702636e-07
-24.312038948358914,1.0219522559323082e-06
-24.249151657115203,1.1374424214190722e-06
-24.186295442558045,1.2569024976377788e-06
-24.12347018312538,1.37860108189324e-06
-24.06067575770293,1.5007148165898672e-06
-23.997912045621394,1.6213596539665005e-06
-23.93517892665356,1.7386244947433094e-06
-23.87247628101158,1.8506065246011878e-06
-23.80980398934412,1.955447500216211e-06
-23.747161932733636,2.051370182755027e-06
-23.684549992693594,2.1367140836974454e-06
-23.621968051165787,2.2099696773577825e-06
-23.559415990517607,2.2698102475875053e-06
-23.496893693539363,2.3151205731549774e-06
-23.43440104344161,2.345021716719717e-06
-23.371937923852535,2.3588912648640736e-06
-23.3095042188153,2.3563784692720997e-06
-23.247099812785436,2.3374138591116426e-06
-23.184724590628274,2.3022130286265655e-06
-23.12237843761637,2.251274448024121e-06
-23.06006123942695,2.185371295716388e-06
-22.997772882139362,2.1055374613831196e-06
-22.935513252232585,2.013048017628186e-06
-22.87328223658275,1.909394598743313e-06
-22.811079722460615,1.796256254044699e-06
-22.74890559752912,1.6754664565602769e-06
-22.686759749840956,1.5489770421769308e-06
-22.624642067836156,1.4188199269864098e-06
-22.562552440339644,1.2870674994843441e-06
-22.500490756558865,1.1557926082381345e-06
-22.4384569060814,1.0270290642132355e-06
-22.37645077887264,9.027335505109955e-07
-22.314472265273423,7.847497819900798e-07
-22.252521255997664,6.747756850186629e-07
-22.190597642130147,5.743342759954756e-07
-22.12870131512414,4.847488094031881e-07
-22.066832166799166,4.0712264557828154e-07
-22.004990089338712,3.4232415896977936e-07
-21.94317497528804,2.9097687346080727e-07
-21.881386717551887,2.5345487641984823e-07
-21.8196252093923,2.2988343150520846e-07
-21.75789034442639,2.2014458560286174e-07
-21.696182016624235,2.238874510171305e-07
-21.634500120306605,2.405427430833221e-07
-21.57284455014289,2.693410681230139e-07
-21.511215201148897,3.0933438891242327e-07
-21.4496119686848,3.594200457475679e-07
-21.388034748452956,4.1836668128986186e-07
-21.326483436495845,4.848414065550588e-07
-21.26495792919402,5.574375529635693e-07
-21.20345812326395,6.347023800550008e-07
-21.141983915756065,7.151641485663635e-07
-21.080535204052644,7.973580219755944e-07
-21.019111885865854,8.798503239191049e-07
-20.957713859235664,9.612607515069423e-07
-20.896341022527917,1.0402822227885279e-06
-20.834993274432286,1.1156981177736661e-06
-20.773670513960354,1.1863967538872983e-06
-20.712372640443615,1.2513830161056924e-06
-20.651099553531548,1.3097871371035531e-06
-20.589851153189663,1.3608706916517483e-06
-20.52862733969764,1.4040299307010053e-06
-20.467428013647336,1.438796632889865e-06
-20.406253075940942,1.464836693823523e-06
-20.345102427789122,1.4819467059534091e-06
-20.283975970709072,1.4900488041683196e-06
-20.22287360652273,1.4891840645352963e-06
-20.161795237354884,1.4795047465376159e-06
-20.100740765631382,1.4612656634268044e-06
-20.039710094077268,1.4348149519081344e-06
-19.978703125714993,1.4005844924311417e-06
-19.917719763862618,1.3590802060684244e-06
-19.856759912132038,1.3108724245945152e-06
-19.79582347442716,1.256586498181678e-06
-19.7349103549422,1.1968937713371154e-06
-19.674020458159884,1.1325030234757594e-06
-19.61315368884976,1.0641524369238798e-06
-19.5523099520664,9.926021231413071e-07
-19.491489153147725,9.186272083740963e-07
-19.430691197713305,8.430114535176526e-07
-19.369915991662634,7.665413602675636e-07
-19.309163441173446,6.900006971195028e-07
-19.248433452700052,6.141653647871458e-07
-19.187725932971702,5.397985113577623e-07
-19.127040788990858,4.6764580310892913e-07
-19.06637792803162,3.984307573716275e-07
-19.00573725763805,3.3285004904950583e-07
-18.94511868562259,2.715687121989014e-07
-18.88452212006438,2.152151721509723e-07
-18.823947469307733,1.6437606163274708e-07
-18.76339464196048,1.1959079573946236e-07
-18.702863546892452,8.134590485237875e-08
-18.64235409323382,5.0069151016493864e-08
-18.581866190373592,2.612348113232229e-08
-18.52139974795808,9.800898731352644e-09
-18.460954675889266,1.31636417723074e-09
-18.40053088432336,8.018598849017149e-10
-18.340128283669202,8.300781557708226e-09
-18.279746784586816,2.3762837471256008e-08
-18.219386297985853,4.7039654459429055e-08
-18.15904673502408,7.788130050611637e-08
-18.09872800710594,1.1593393882429585e-07
-18.038430025881055,1.6073882624426635e-07
-17.97815270324273,2.117328590308337e-07
-17.917895951326518,2.6825085150317553e-07
-17.857659682508746,3.295297068760935e-07
-17.797443809405102,3.947146056796052e-07
-17.73724824486917,4.6286729533638997e-07
-17.677072901991,5.329765156767951e-07
-17.616917694095715,6.039705403461855e-07
-17.55678253474209,6.747317545012519e-07
-17.496667337721124,7.441131264642027e-07
-17.43657201705468,8.109563669071627e-07
-17.376496486994096,8.741115056638379e-07
-17.31644066201879,9.324575555321735e-07
-17.25640445683489,9.849238766241033e-07
-17.196387786373894,1.0305118061065065e-06
-17.13639056579131,1.0683160786383347e-06
-17.07641271046529,1.097545534343584e-06
-17.016454135995307,1.11754259541399e-06
-16.956514758200832,1.1278009907228925e-06
-16.896594493120013,1.1279812210683841e-06
-16.83669325700833,1.1179232863115687e-06
-16.776810966337322,1.097656239701677e-06
-16.71694753779328,1.067404193532389e-06
-16.657102888275947,1.0275884728766632e-06
-16.59727693489723,9.788256989145943e-07
-16.53746959497992,9.219216782368315e-07
-16.47768078605646,8.578610769889863e-07
-16.41791042586763,7.877929659816862e-07
-16.358158432361318,7.130124318229906e-07
-16.298424723691255,6.349385564658429e-07
-16.23870921821582,5.550891699782019e-07
-16.17901183449673,4.750528755706713e-07
-16.119332491297886,3.964589288634335e-07
-16.05967110758408,3.2094562223476707e-07
-16.000027602519864,2.501278774516555e-07
-15.940401895468264,1.8556478370638147e-07
-15.880793905989625,1.2872783229816977e-07
-15.821203553840416,8.097059274933705e-08
-15.761630758972007,4.3500548026959234e-08
-15.702075441529535,1.7353759314628612e-08
-15.642537521850677,3.3729646585632667e-09
-15.583016920464562,2.1896326300704782e-09
-15.523513558090508,1.421039429355814e-08
-15.464027355636949,3.960816711788593e-08
-15.404558234200227,7.831816627460514e-08
-15.34510611506351,1.3003887555820132e-07
-15.285670919695601,1.9423792562149832e-07
-15.226252569749828,2.7016270505035833e-07
-15.16685098706292,3.568554136112257e-07
-15.107466093653898,4.531721601748928e-07
-15.048097811722943,5.57805613395243e-07
-14.988746063650293,6.693106338103027e-07
-14.929410771995169,7.861322537218928e-07
-14.870091859494636,9.066353275024395e-07
-14.810789249062543,1.0291351507507105e-06
-14.751502863788433,1.1519283422067244e-06
-14.692232626936482,1.2733232971368819e-06
-14.632978461944386,1.3916695540020503e-06
-14.573740292422327,1.5053854660546218e-06
-14.5145180421519,1.612983634018488e-06
-14.45531163508508,1.7130936327283701e-06
-14.39612099534313,1.804481650778757e-06
-14.33694604721559,1.8860667548959535e-06
-14.277786715159218,1.9569335868502067e-06
-14.218642923796985,2.0163413972413237e-06
-14.159514597917006,2.0637294145199283e-06
-14.10040166247154,2.0987186364692234e-06
-14.041304042575987,2.1211102126973644e-06
-13.98222166350784,2.13088065848056e-06
-13.923154450705693,2.1281742009808106e-06
-13.86410232976824,2.1132926073266605e-06
-13.805065226453294,2.0866828796491386e-06
-13.746043066676759,2.04892322473347e-06
-13.687035776511655,2.0007077157487923e-06
-13.628043282187146,1.9428300612253327e-06
-13.569065510087574,1.876166883086424e-06
-13.510102386751441,1.8016608824246522e-06
-13.45115383887048,1.7203042403700342e-06
-13.392219793288664,1.6331225635101528e-06
-13.33330017700129,1.541159640635382e-06
-13.274394917153968,1.4454632318422274e-06
-13.215503941041707,1.3470720639129374e-06
-13.156627176107975,1.2470041589536426e-06
-13.097764549943731,1.1462465778974462e-06
-13.03891599028651,1.045746617837344e-06
-12.98008142501947,9.464044631897733e-07
-12.921260782170519,8.490672561053949e-07
-12.862453989911312,7.5452452180332e-07
-12.803660976556401,6.635048598452165e-07
-12.74488167056227,5.766737928201005e-07
-12.686116000526484,4.94632649337799e-07
-12.627363895186726,4.1791834834793765e-07
-12.568625283419921,3.470039462288234e-07
-12.509900094241344,2.8229980637888315e-07
-12.451188256803725,2.2415525271627684e-07
-12.392489700396354,1.7286057307717448e-07
-12.333804354444185,1.2864924555688149e-07
-12.275132148507002,9.170026996674171e-08
-12.216473012278486,6.214049745075913e-08
-12.157826875585375,4.004686365132157e-08
-12.099193668386581,2.5448444426986807e-08
-12.040573320772355,1.8328267851629143e-08
-11.981965762963389,1.862483194315097e-08
-11.923370925309975,2.623329417629923e-08
-11.864788738291145,4.1006316215662475e-08
-11.80621913251386,6.275456531987447e-08
-11.747662038712111,9.124689232426183e-08
-11.689117387746101,1.262102247469393e-07
-11.63058511060141,1.6732923204336057e-07
-11.572065138388176,2.1424583793220533e-07
-11.513557402340227,2.665586715236847e-07
-11.455061833814277,3.23822564119087e-07
-11.396578364289121,3.855482113812586e-07
-11.338106925364775,4.512021304326846e-07
-11.279647448761686,5.202070476544622e-07
-11.221199866319912,5.919428549057232e-07
-11.162764109998337,6.65748269004273e-07
-11.104340111873816,7.40923321165273e-07
-11.045927804140415,8.167327893983333e-07
-10.987527119108591,8.924106675134957e-07
-10.929137989204426,9.671657394966473e-07
-10.870760346968789,1.040188297932331e-06
-10.812394125056578,1.1106580104674236e-06
-10.754039256235929,1.1777528998557766e-06
-10.69569567338745,1.2406593619632845e-06
-10.637363309503407,1.2985831035100595e-06
-10.579042097686964,1.3507608387130534e-06
-10.520731971151436,1.3964725429195864e-06
-10.462432863219483,1.4350540234035792e-06
-10.404144707322358,1.4659095343463735e-06
-10.345867436999136,1.4885241361907066e-06
-10.287600985895995,1.502475480453095e-06
-10.229345287765392,1.5074446909199177e-06
-10.171100276465362,1.503226011887266e-06
-10.112865885958735,1.489734904371721e-06
-10.05464205031243,1.4670142922990156e-06
-9.996428703696647,1.4352386924649792e-06
-9.938225780384188,1.3947160040526854e-06
-9.880033214749666,1.345886784777428e-06
-9.821850941268822,1.2893209000328171e-06
-9.763678894517735,1.2257114970968267e-06
-9.705517009172123,1.1558663266003111e-06
-9.647365220006636,1.080696505903857e-06
-9.589223461894075,1.0012028914560189e-06
-9.531091669804715,9.184602972267842e-07
-9.472969778805554,8.33599861548315e-07
-9.414857724059653,7.477899228785439e-07
-9.356755440825339,6.622158140518998e-07
-9.29866286445556,5.780590226887408e-07
-9.240579930397136,4.964761911411488e-07
-9.18250657419009,4.1857844160397916e-07
-9.124442731466909,3.454115102145464e-07
-9.066388337951862,2.779371579794192e-07
-9.008343329460283,2.170162965686716e-07
-8.950307641897917,1.63394224251813e-07
-8.892281211260176,1.1768831281181506e-07
-8.834263973631469,8.037842186530546e-08
-8.776255865184533,5.180024468267195e-08
-8.718256822179708,3.214171165433483e-08
-8.660266780964283,2.1442496484662022e-08
-8.602285677971796,1.9596588599827392e-08
-8.54431344972138,2.6357815713225248e-08
-8.48635003281706,4.134812548662615e-08
-8.428395363947082,6.40683670542408e-08
-8.370449379883249,9.391125386861078e-08
-8.31251201748027,1.3017614057167388e-07
-8.254583213675048,1.720852096872829e-07
-8.196662905486045,2.1880063973543457e-07
-8.13875103001261,2.694423152908651e-07
-8.08084752443434,3.231056414981796e-07
-8.022952326010378,3.7887904011652783e-07
-7.9650653720787785,4.358607303899919e-07
-7.9071866000558835,4.931744346496713e-07
-7.849315947435617,5.499836939668786e-07
-7.791453351788864,6.055045315734011e-07
-7.733598750762809,6.590162591627648e-07
-7.675752082080326,7.098702815233092e-07
-7.617913283539281,7.574968161666233e-07
-7.560082293011923,8.014095047166666e-07
-7.502259048444228,8.412079499758402e-07
-7.444443487855299,8.76578265152958e-07
-7.386635549336667,9.072917683511252e-07
-7.3288351710517095,9.332019949929646e-07
-7.271042291234983,9.54240232646147e-07
-7.2132568481916355,9.70409806269981e-07
-7.1554787802967255,9.81779357120119e-07
-7.097708025994624,9.884753656113772e-07
-7.039944523798408,9.906741678068564e-07
-6.982188212289195,9.885937075647396e-07
-6.92443903011555,9.824852526053471e-07
-6.866696915992851,9.726252838651234e-07
-6.808961808702702,9.593077445640359e-07
-6.751233647092278,9.428368095367044e-07
-6.693512370073727,9.235203076497165e-07
-6.6357979166235594,9.016639015649605e-07
-6.578090225782053,8.775661006244366e-07
-6.520389236652609,8.515141550083615e-07
-6.462694888401169,8.237808531891676e-07
-6.405007120255595,7.946222205470733e-07
-6.3473258715051015,7.642760951516551e-07
-6.289651081499596,7.329615373290135e-07
-6.231982689649115,7.008790127806589e-07
-6.174320635423236,6.682112746531655e-07
-6.116664858350441,6.351248579588604e-07
-6.059015298017545,6.017720899568277e-07
-6.001371894069095,5.682935123466206e-07
-5.943734586206799,5.348206052449617e-07
-5.886103314188889,5.014786987859354e-07
-5.828478017829571,4.6838995573989304e-07
-5.770858636998409,4.356763077819785e-07
-5.713245111619775,4.034622290216895e-07
-5.655637381672216,3.718772332558579e-07
-5.598035387187902,3.410579863038464e-07
-5.540439068252022,3.1114993193039104e-07
-5.482848365002241,2.823083394681899e-07
-5.425263217628068,2.54698693505338e-07
-5.3676835663703,2.2849636103434882e-07
-5.310109351520477,2.0388548931800216e-07
-5.25254051342024,1.810571083489712e-07
-5.194976992460812,1.6020643496647993e-07
-5.137418729082384,1.415294010936417e-07
-5.079865663773594,1.2521845566265758e-07
-5.022317737070899,1.1145771793059956e-07
-4.964774889558035,1.0041758823531803e-07
-4.907237061865437,9.224894984907048e-08
-4.8497041946697035,8.707712140768344e-08
-4.79217622869298,8.499574231607624e-08
-4.734653104702426,8.60607924332387e-08
-4.677134763509638,9.028496113476844e-08
-4.619621145970112,9.763258854353249e-08
-4.562112192982645,1.0801540245918726e-07
-4.504607845488783,1.2128926765285484e-07
-4.447108044472305,1.3725214931583355e-07
-4.389612730958596,1.5564346943494715e-07
-4.332121846014139,1.7614500389692309e-07
-4.274635330745929,1.9838342971161917e-07
-4.217153126300962,2.2193458672953838e-07
-4.159675173865624,2.46329467769894e-07
-4.102201414665172,2.710618966179581e-07
-4.04473178996317,2.955977965888665e-07
-3.987266241060962,3.193858951772836e-07
-3.9298047092970827,3.4186965473398295e-07
-3.872347136046731,3.625001672004467e-07
-3.8148934627212148,3.807497047333484e-07
-3.7574436307674275,3.961255794948969e-07
-3.69999758166726,4.0818393671429254e-07
-3.642555256937074,4.165430868133716e-07
-3.585116598127184,4.2089597607252823e-07
-3.5276815468212637,4.2102140173302014e-07
-3.4702500446358386,4.167935968928115e-07
-3.412822033219723,4.0818984289403037e-07
-3.355397454253513,3.952958114858286e-07
-3.2979762494489977,3.783083947775633e-07
-3.240558360548653,3.575358463389269e-07
-3.183143729325083,3.3339512983222323e-07
-3.125732297580516,3.0640645002840016e-07
-3.0683240071462197,2.7718502246554503e-07
-3.010918799881995,2.46430219700296e-07
-2.9535166176756245,2.1491231136007937e-07
-2.8961174024423677,1.8345708934665634e-07
-2.838721096124382,1.5292873602657082e-07
-2.78132764069021,1.2421134976407313e-07
-2.723936978134268,9.818958672168025e-08
-2.666549050476272,7.572890888650741e-08
-2.609163799760731,5.765594465079533e-08
-2.5517811680564026,4.473946936057134e-08
-2.494401097455796,3.767249895357885e-08
-2.43702353007459,3.70559605754717e-08
-2.3796484080511373,4.33843608471246e-08
-2.3222756735459202,5.703381669111659e-08
-2.2649052687410527,7.825274717298888e-08
-2.2075371358397056,1.0715544988889376e-07
-2.1501712170656115,1.4371870452337282e-07
-2.09280745466252,1.8778146197521485e-07
-2.035445790893706,2.3904759265088385e-07
-1.9780861680413928,2.9709158487755604e-07
-1.9207285284062543,3.613670064949835e-07
-1.8633728143069102,4.3121747193836746e-07
-1.8060189680793564,5.058897956193601e-07
-1.7486669320764736,5.845489618809012e-07
-1.6913166486674833,6.662945035566769e-07
-1.633968060237461,7.501778560651374e-07
-1.576621109186764,8.352202423947194e-07
-1.51927573793054,9.204306462015012e-07
-1.461931888898191,1.0048234449979304e-06
-1.4045895045328811,1.0874353020974707e-06
-1.3472485272909696,1.1673409532614817e-06
-1.2899088996415213,1.2436675702322248e-06
-1.2325705640657685,1.3156074366563383e-06
-1.175233463056624,1.3824287302783974e-06
-1.1178975391181123,1.4434842666121043e-06
-1.060562734764875,1.4982181214818441e-06
-1.0032289925216726,1.5461701108574721e-06
-0.9458962549228209,1.5869781644201745e-06
-0.8885644645117007,1.6203786826495347e-06
-0.831233563840225,1.6462050145237296e-06
-0.7739034954683507,1.6643842330837624e-06
-0.7165742019635141,1.6749324183523938e-06
-0.659245625900143,1.6779486809653785e-06
-0.6019177098591244,1.6736081752299793e-06
-0.544590396427316,1.6621543573336186e-06
-0.4872636281969832,1.643890743511687e-06
-0.42993734776531184,1.619172414805155e-06
-0.3726114977338758,1.5883975004359102e-06
-0.31528602070815004,1.5519988517773896e-06
-0.2579608592969469,1.5104360944608533e-06
-0.2006359561119229,1.4641882184312092e-06
-0.14331125376708362,1.413746835839062e-06
-0.08598669487822125,1.3596102055665782e-06
-0.028662222062428116,1.3022780918907492e-06
0.028662222062435815,1.2422474941378797e-06
0.08598669487822895,1.1800092549031612e-06
0.14331125376709128,1.1160455270920713e-06
0.20063595611193055,1.0508280551477956e-06
0.2579608592969546,9.848172036979498e-07
0.31528602070815775,9.184616477107745e-07
0.3726114977338835,8.521986222287939e-07
0.42993734776531184,7.864546169069423e-07
0.48726362819699093,7.216463909314831e-07
0.5445903964273238,6.581821774135577e-07
0.6019177098591321,5.964629430017077e-07
0.6592456259001508,5.368835682063035e-07
0.7165742019635217,4.798338167499627e-07
0.7739034954683583,4.2569896813827635e-07
0.8312335638402326,3.748599965803695e-07
0.8885644645117083,3.276931913755177e-07
0.9458962549228287,2.845691289036524e-07
1.0032289925216804,2.458509243668318e-07
1.0605627347648827,2.1189171232742815e-07
1.11789753911812,1.830313287063653e-07
1.1752334630566317,1.5959219297832424e-07
1.2325705640657763,1.418744174572541e-07
1.2899088996415213,1.3015020030843487e-07
1.3472485272909773,1.2465758962599189e-07
1.4045895045328889,1.2559373682051844e-07
1.4619318888981985,1.331077877923212e-07
1.5192757379305475,1.4729358893992455e-07
1.5766211091867715,1.681824109112927e-07
1.6339680602374687,1.957359150438795e-07
1.691316648667491,2.298396045543144e-07
1.7486669320764812,2.7029701366960236e-07
1.8060189680793644,3.1682489207505613e-07
1.8633728143069177,3.690496384730477e-07
1.9207285284062618,4.2650522508191747e-07
1.9780861680414004,4.886328341809777e-07
2.0354457908937134,5.547823982340848e-07
2.0928074546625277,6.242161969237301e-07
2.1501712170656115,6.961146181565788e-07
2.207537135839713,7.695841366565392e-07
2.2649052687410602,8.436675043714555e-07
2.322275673545928,9.173560831226631e-07
2.3796484080511453,9.896041835332484e-07
2.437023530074598,1.0593452073121811e-06
2.494401097455804,1.1255093246357588e-06
2.5517811680564106,1.1870423569264194e-06
2.6091637997607386,1.2429254800542646e-06
2.6665490504762794,1.29219531606607e-06
2.7239369781342755,1.3339639449946178e-06
2.7813276406902174,1.3674383438753707e-06
2.83872109612439,1.3919387492189716e-06
2.8961174024423757,1.4069154428734836e-06
2.953516617675632,1.4119634800159107e-06
3.010918799881995,1.4068349119947262e-06
3.068324007146227,1.3914481054380652e-06
3.1257322975805235,1.3658938214565498e-06
3.183143729325091,1.3304377934098439e-06
3.2405583605486608,1.2855196266087965e-06
3.2979762494490052,1.231747936116675e-06
3.3553974542535205,1.1698917367838736e-06
3.4128220332197308,1.1008681998438206e-06
3.4702500446358466,1.0257269897109596e-06
3.5276815468212717,9.456314899136641e-07
3.5851165981271915,8.618373152984856e-07
3.6425552569370816,7.756685858746758e-07
3.699997581667268,6.88492503336477e-07
3.7574436307674355,6.016928221986334e-07
3.8148934627212228,5.166428418695086e-07
3.872347136046731,4.3467856266240385e-07
3.92980470929709,3.5707264708587456e-07
3.98726624106097,2.850098077407343e-07
4.044731789963177,2.1956420537565982e-07
4.10220141466518,1.6167938629384637e-07
4.159675173865631,1.1215121908491698e-07
4.21715312630097,7.161420878830047e-08
4.274635330745936,4.0531474689726064e-08
4.332121846014147,1.9188578934170342e-08
4.389612730958604,7.69129013402587e-09
4.447108044472313,5.967262380632425e-09
4.504607845488791,1.3771508729596056e-08
4.562112192982652,3.069545239148335e-08
4.61962114597012,5.617925134726997e-08
4.677134763509645,8.952701541723316e-08
4.734653104702426,1.299244710242255e-07
4.792176228692988,1.7645857961179362e-07
4.849704194669711,2.2813858198708669e-07
4.907237061865444,2.8391792329488563e-07
4.964774889558042,3.4271651188034197e-07
5.022317737070907,4.0344277942045475e-07
5.079865663773602,4.650150383591632e-07
5.137418729082392,5.263816743881905e-07
5.194976992460819,5.865397646227912e-07
5.252540513420248,6.445517740830334e-07
5.3101093515204845,6.995600517571271e-07
5.367683566370308,7.507989204310778e-07
5.425263217628076,7.976042291357355e-07
5.482848365002249,8.394203110744933e-07
5.54043906825203,8.758043609898146e-07
5.598035387187902,9.064283120658493e-07
5.655637381672224,9.310783518929935e-07
5.713245111619783,9.496522683140283e-07
5.770858636998417,9.621548580673993e-07
5.828478017829579,9.686916633546322e-07
5.886103314188897,9.694613234754584e-07
5.943734586206806,9.647468405472463e-07
6.001371894069103,9.549060604397288e-07
6.0590152980175525,9.403616630920868e-07
6.116664858350448,9.215909412648252e-07
6.174320635423244,8.991156246359897e-07
6.231982689649123,8.734919782399559e-07
6.289651081499604,8.453013719078587e-07
6.347325871505109,8.151414819678673e-07
6.405007120255602,7.836182493417263e-07
6.462694888401169,7.513386806022142e-07
6.520389236652617,7.189045416988172e-07
6.578090225782061,6.86906958945262e-07
6.635797916623567,6.559219093681547e-07
6.693512370073735,6.265065533519641e-07
6.751233647092285,5.991963372279198e-07
6.80896180870271,5.745027724284355e-07
6.866696915992858,5.529117813027848e-07
6.924439030115558,5.348824877702444e-07
6.982188212289203,5.208463236689069e-07
7.039944523798416,5.112063188453169e-07
7.097708025994631,5.063364445544905e-07
7.155478780296733,5.065808853810387e-07
7.213256848191642,5.12253124390827e-07
7.271042291234991,5.236347392922505e-07
7.3288351710517095,5.409738237183719e-07
7.386635549336675,5.644829670076548e-07
7.444443487855305,5.943367477105636e-07
7.502259048444236,6.306687201014826e-07
7.560082293011931,6.735678988115406e-07
7.617913283539289,7.230747738509785e-07
7.675752082080334,7.79176916234118e-07
7.733598750762819,8.418042625640169e-07
7.7914533517888716,9.10824194613964e-07
7.849315947435625,9.860365564242542e-07
7.9071866000558915,1.0671687759138313e-06
7.965065372078785,1.1538712796321324e-06
8.022952326010385,1.2457134071560887e-06
8.080847524434347,1.3421800448703823e-06
8.138751030012617,1.4426692065778421e-06
8.196662905486045,1.5464907897525332e-06
8.254583213675053,1.6528667305527147e-06
8.312512017480277,1.7609327673789171e-06
8.370449379883256,1.8697420014049964e-06
8.42839536394709,1.9782704129629435e-06
8.486350032817066,2.0854244550229947e-06
8.54431344972139,2.1900507996640268e-06
8.602285677971803,2.290948261067775e-06
8.66026678096429,2.3868818601988992e-06
8.718256822179715,2.4765989332643306e-06
8.77625586518454,2.5588471198797702e-06
8.834263973631478,2.632393999462966e-06
8.892281211260185,2.6960480777837138e-06
8.950307641897924,2.7486807620370326e-06
9.00834332946029,2.7892489045525897e-06
9.066388337951862,2.8168174445913167e-06
9.124442731466917,2.8305816368008814e-06
9.182506574190096,2.8298883258227812e-06
9.240579930397141,2.814255711018982e-06
9.298662864455567,2.7833910447264214e-06
9.35675544082535,2.7372057228470957e-06
9.41485772405966,2.6758272584560094e-06
9.472969778805563,2.5996076774512533e-06
9.53109166980472,2.509127939520687e-06
9.589223461894083,2.405198066737786e-06
9.647365220006643,2.288852754257881e-06
9.705517009172132,2.1613423406832018e-06
9.763678894517742,2.0241191270599876e-06
9.82185094126883,1.8788191501364398e-06
9.880033214749675,1.7272396341265507e-06
9.938225780384188,1.5713124622817083e-06
9.996428703696656,1.4130741214878451e-06
10.054642050312435,1.2546326763475818e-06
10.112865885958742,1.0981324204143202e-06
10.17110027646537,9.45716928352816e-07
10.229345287765401,7.994912911486929e-07
10.287600985896002,6.614843549258345e-07
10.345867436999146,5.336118008949299e-07
10.404144707322365,4.176408985438163e-07
10.462432863219492,3.1515773618320334e-07
10.520731971151445,2.2753768288659144e-07
10.57904209768697,1.5591976492327917e-07
10.637363309503415,1.0118554986252045e-07
10.695695673387458,6.39430251229118e-08
10.754039256235936,4.451583788416248e-08
10.812394125056578,4.293813343154723e-08
10.870760346968796,5.895509294613508e-08
10.929137989204433,9.202913345562528e-08
10.987527119108599,1.4135159614647478e-07
11.045927804140424,2.0585961845378362e-07
11.104340111873823,2.842577640259054e-07
11.162764109998344,3.7504387620646426e-07
11.221199866319921,4.765385280434208e-07
11.279647448761693,5.869173674413106e-07
11.33810692536478,7.042456017265467e-07
11.396578364289129,8.265138327437803e-07
11.455061833814284,9.516744421043159e-07
11.513557402340235,1.0776777361388376e-06
11.572065138388185,1.2025070905756229e-06
11.63058511060142,1.3242123844644256e-06
11.689117387746101,1.440941079338078e-06
11.747662038712118,1.5509663805267652e-06
11.806219132513869,1.652712010027347e-06
11.864788738291152,1.7447732212393698e-06
11.923370925309982,1.8259337919275168e-06
11.981965762963396,1.8951788396486992e-06
12.040573320772364,1.9517034103707147e-06
12.099193668386587,1.994916893079846e-06
12.157826875585375,2.02444340808592e-06
12.216473012278486,2.0401184021088185e-06
12.275132148507018,2.041981757122407e-06
12.3338043544442,2.030267780864864e-06
12.392489700396359,2.005392493919365e-06
12.451188256803734,1.9679386608493435e-06
12.50990009424135,1.918639031050481e-06
12.568625283419921,1.8583582592278423e-06
12.627363895186726,1.78807396660533e-06
12.686116000526484,1.7088573833657975e-06
12.744881670562286,1.6218539819323e-06
12.803660976556408,1.5282644712784585e-06
12.862453989911321,1.4293264763836946e-06
12.921260782170526,1.32629717617616e-06
12.98008142501948,1.2204371197751972e-06
13.03891599028651,1.112995386425703e-06
13.097764549943731,1.0051962009480445e-06
13.156627176107989,8.982270653708114e-07
13.215503941041721,7.93228420016833e-07
13.274394917153977,6.9128480478331e-07
13.333300177001298,5.934174545498581e-07
13.392219793288671,5.00578232163048e-07
13.45115383887048,4.136447786343023e-07
13.510102386751441,3.334167431681508e-07
13.569065510087574,2.6061294531817913e-07
13.628043282187164,1.958693176730257e-07
13.687035776511662,1.3973747957552418e-07
13.746043066676766,9.268379992269255e-08
13.805065226453305,5.508881943821958e-08
13.864102329768249,2.7246919243327697e-08
13.923154450705693,9.366142327420387e-09
13.98222166350784,1.5680968688268551e-09
14.041304042576005,3.887894507641204e-09
14.100401662471556,1.6274101866080792e-08
14.159514597917015,3.858870910352696e-08
14.218642923796992,7.060714436255166e-08
14.277786715159225,1.1201838691287086e-07
14.33694604721559,1.6242525396262824e-07
14.39612099534313,2.2134495583836592e-07
14.45531163508508,2.8821003092350463e-07
14.514518042151916,3.62369784810585e-07
14.573740292422336,4.4309236702547366e-07
14.632978461944392,5.29567622932942e-07
14.692232626936491,6.209108576067654e-07
14.751502863788442,7.161676421982427e-07
14.810789249062543,8.143197814188002e-07
14.870091859494636,9.142925430398737e-07
14.929410771995181,1.0149632268234819e-06
14.988746063650309,1.1151711212100965e-06
15.048097811722954,1.2137288617682162e-06
15.107466093653905,1.3094351664096552e-06
15.166850987062928,1.4010888794571886e-06
15.226252569749828,1.4875042107827425e-06
15.285670919695601,1.5675270085779356e-06
15.34510611506351,1.6400518562177724e-06
15.40455823420024,1.7040397366288856e-06
15.464027355636956,1.7585359631884382e-06
15.523513558090517,1.8026880361409572e-06
15.58301692046457,1.8357630495258704e-06
15.642537521850686,1.8571642473105718e-06
15.702075441529535,1.866446310364214e-06
15.761630758972007,1.8633289494494603e-06
15.821203553840432,1.8477083846721867e-06
15.88079390598964,1.819666309625539e-06
15.940401895468275,1.7794759692450282e-06
16.00002760251987,1.7276050241999872e-06
16.059671107584087,1.6647149310870265e-06
16.119332491297886,1.5916566359111352e-06
16.17901183449673,1.509462457028314e-06
16.23870921821582,1.419334121129107e-06
16.298424723691273,1.3226270098080892e-06
16.358158432361325,1.2208307722814623e-06
16.41791042586764,1.1155465590925049e-06
16.477680786056467,1.008461229194331e-06
16.537469594979928,9.013189755324884e-07
16.59727693489723,7.958908990821816e-07
16.657102888275947,6.939431352573868e-07
16.7169475377933,5.97204196958947e-07
16.776810966337333,5.073322428555973e-07
16.83669325700834,4.2588300581778574e-07
16.89659449312002,3.542791232887684e-07
16.95651475820084,2.937815979087067e-07
17.016454135995307,2.454640826716727e-07
17.07641271046529,2.101906307251389e-07
17.13639056579131,1.8859747671990356e-07
17.19638778637391,1.810793261381925e-07
17.2564044568349,1.877805236260336e-07
17.316440662018795,2.0859135392535276e-07
17.376496486994107,2.4314960287940384e-07
17.436572017054687,2.9084737484686147e-07
17.496667337721124,3.5084303059437013e-07
17.55678253474209,4.220779803156765e-07
17.616917694095736,5.032979437637445e-07
17.677072901991014,5.930781773046303e-07
17.737248244869182,6.898520694099035e-07
17.797443809405113,7.91942424656704e-07
17.857659682508753,8.97594694112832e-07
17.917895951326518,1.0050113688283917e-06
17.97815270324273,1.1123867341220459e-06
18.038430025881055,1.2179411857965297e-06
18.098728007105954,1.3199543349637954e-06
18.15904673502409,1.416796174705064e-06
18.219386297985857,1.5069556475597607e-06
18.27974678458683,1.589066035450158e-06
18.34012828366921,1.6619266902116513e-06
18.40053088432336,1.724520730115409e-06
18.460954675889266,1.7760284420626676e-06
18.521399747958093,1.8158362467739054e-06
18.581866190373614,1.8435412015534527e-06
18.642354093233827,1.8589511284660169e-06
18.70286354689246,1.8620805616486295e-06
18.763394641960492,1.8531428029962587e-06
18.823947469307733,1.8325384580593071e-06
18.88452212006438,1.8008408916739773e-06
18.94511868562259,1.7587790942048301e-06
19.005737257638067,1.7072184835319021e-06
19.06637792803163,1.64714018491393e-06
19.127040788990865,1.5796193310689493e-06
19.18772593297171,1.5058029092692134e-06
19.248433452700063,1.4268876524914912e-06
19.309163441173446,1.3440984296644784e-06
19.369915991662634,1.2586675381107763e-06
19.430691197713323,1.171815241914958e-06
19.49148915314774,1.0847318357997172e-06
19.552309952066413,9.985614478014669e-07
19.61315368884977,9.143877281458692e-07
19.674020458159895,8.332215085745418e-07
19.7349103549422,7.559904580254589e-07
19.79582347442716,6.835307087279884e-07
19.856759912132038,6.165803827433672e-07
19.91771976386264,5.557749136337804e-07
19.978703125715008,5.016440317056433e-07
20.03971009407728,4.5461026413863084e-07
20.10074076563139,4.149887928696141e-07
20.16179523735489,3.8298851257748924e-07
20.22287360652273,3.5871413743749684e-07
20.283975970709072,3.421692171773418e-07
20.34510242778914,3.332599389134705e-07
20.40625307594096,3.3179960974173786e-07
20.467428013647343,3.375137345758371e-07
20.528627339697646,3.500456228238898e-07
20.589851153189674,3.689624748720787e-07
20.651099553531548,3.9376191391337045e-07
20.712372640443615,4.2387893957833543e-07
20.773670513960354,4.586932865320149e-07
20.8349932744323,4.975371734274314e-07
20.896341022527924,5.397034253760642e-07
20.957713859235675,5.844539467079858e-07
21.019111885865858,6.310285107950646e-07
21.08053520405265,6.786538208511643e-07
21.141983915756065,7.26552780810943e-07
21.20345812326395,7.739538996312934e-07
21.264957929194033,8.201007367058877e-07
21.326483436495867,8.642612815662513e-07
21.388034748452966,9.057371486224798e-07
21.44961196868481,9.438724582119785e-07
21.511215201148904,9.780622693514575e-07
21.57284455014289,1.007760427807936e-06
21.634500120306605,1.0324866956872111e-06
21.696182016624235,1.0518330357301635e-06
21.757890344426407,1.0654689347381741e-06
21.819625209392303,1.0731456656466797e-06
21.881386717551894,1.0746994061827919e-06
21.94317497528805,1.0700531530883264e-06
22.00499008933872,1.0592173937723584e-06
22.066832166799166,1.0422895211280684e-06
22.12870131512414,1.019452001246543e-06
22.19059764213016,9.909693270574855e-07
22.25252125599768,9.571838127691337e-07
22.31447226527343,9.185103037219596e-07
22.376450778872652,8.754298934043945e-07
22.438456906081402,8.284827535508719e-07
22.500490756558865,7.782601942646826e-07
22.562552440339644,7.253960789565188e-07
22.624642067836156,6.705577236939899e-07
22.686759749840974,6.14436412582663e-07
22.748905597529124,5.577376604191549e-07
22.811079722460622,5.011713515216628e-07
22.87328223658276,4.454418798449248e-07
22.935513252232592,3.9123841072081954e-07
22.997772882139362,3.392253792968906e-07
23.06006123942695,2.9003333537244704e-07
23.122378437616387,2.4425023916263176e-07
23.18472459062829,2.0241330774800286e-07
23.247099812785443,1.6500150765770758e-07
23.309504218815306,1.3242878512413873e-07
23.371937923852546,1.0503812184686037e-07
23.434401043441614,8.309650031295684e-08
23.496893693539363,6.679085845046989e-08
23.559415990517607,5.622510819229837e-08
23.6219680511658,5.141828592609093e-08
23.684549992693608,5.230389434032488e-08
23.747161932733643,5.873048443878368e-08
23.80980398934413,7.046351316506825e-08
23.872476281011583,8.718849595865574e-08
23.935178926653563,1.0851545460847996e-07
23.997912045621394,1.3398463910457215e-07
24.06067575770295,1.6307347812103008e-07
24.123470183125395,1.952046867861917e-07
24.186295442558055,2.297554331740371e-07
24.24915165711521,2.6606743730411677e-07
24.312038948358925,3.034578493091565e-07
24.374957438301944,3.412307278488607e-07
24.437907249410568,3.7868891688417073e-07
24.500888504607573,4.151460996372953e-07
24.56390132727515,4.49938793945734e-07
24.626945841257804,4.82438044155814e-07
24.690022170865426,5.120605619125353e-07
24.753130440876237,5.382790722017882e-07
24.816270776539813,5.60631632061549e-07
24.879443303580135,5.787297075087556e-07
24.94264814819868,5.922648191582132e-07
25.00588543707748,6.010135981908208e-07
25.06915529738224,6.048411309469201e-07
25.132457856765516,6.037025114230155e-07
25.19579324336985,5.97642565080727e-07
25.259161585830967,5.867937532255064e-07
25.32256301328098,5.713723132709643e-07
25.385997655351634,5.51672734928339e-07
25.44946564217758,5.280607142334813e-07
25.51296710439965,5.009647649232291e-07
25.576502173168148,4.708666987307943e-07
25.64007098014624,4.38291211627264e-07
25.703673657513303,4.0379483109050615e-07
25.7673103379683,3.679544896213217e-07
25.8309811547332,3.3135599174946093e-07
25.894686241556442,2.945826357987432e-07
25.958425732716417,2.5820423814337747e-07
26.022199763024897,2.2276678730983885e-07
26.086008467830656,1.8878292903945684e-07
26.149851983022977,1.5672345251412694e-07
26.21373044503525,1.2700991370130755e-07
26.27764399084856,1.0000849562347963e-07
26.34159275799535,7.602516875163853e-08
26.405576884563104,5.530217906574347e-08
26.46959650919802,3.801585790977311e-08
26.53365177110872,2.427571771725853e-08
26.59774281007007,1.4124771897384145e-08
26.661869766426925,7.540996296421853e-09
26.72603278109797,4.439834046577401e-09
26.790231995579546,4.6776353541962105e-09
26.85446755194954,8.055918645187828e-09
26.91873959287135,1.432633899513922e-08
26.983048261597702,2.3196253211554247e-08
27.047393701974773,3.433477740870879e-08
27.11177605844612,4.737924139746998e-08
27.17619547605673,6.194195361567907e-08
27.240652100457112,7.761719956616543e-08
27.3051460779074,9.398840479758739e-08
27.369677555281474,1.10635399481829e-07
27.434246680071197,1.2714172492620643e-07
27.498853600390508,1.4310192246284905e-07
27.56349846497982,1.5812874190613725e-07
27.62818142321019,1.7186020027599263e-07
27.69290262508767,1.8396641215513883e-07
27.757662221257675,1.9415610156280573e-07
27.822460363009345,2.021826925104667e-07
27.887297202280013,2.0784986257888484e-07
27.952172891659565,2.110164321789589e-07
28.017087584395075,2.116004529572818e-07
28.082041434395272,2.0958235339623427e-07
28.14703459623511,2.0500699926248257e-07
28.2120672251604,1.9798453223180825e-07
28.277139477092472,1.8868986257383915e-07
28.342251508632835,1.7736071172117e-07
28.407403477067977,1.6429412801842873e-07
28.472595540374012,1.4984143369885711e-07
28.53782785722165,1.3440160250960996e-07
28.603100586980958,1.1841311433653819e-07
28.668413889726256,1.0234438421763505e-07
28.733767926241107,8.668291649833203e-08
28.79916285802324,7.192338851643975e-08
28.86459884728963,5.855491986410258e-08
28.930076056981502,4.7047830616788664e-08
28.9955946507695,3.784023261090108e-08
29.06115479305883,3.1324829674267905e-08
29.126756648994427,2.783632367453211e-08
29.19240038446624,2.7639831684355873e-08
29.258086166114513,3.092071422529089e-08
29.32381416133511,3.7776194698788076e-08
29.38958453828493,4.820911555525281e-08
29.455397465887266,6.212412789611969e-08
29.521253113837385,7.93265490604796e-08
29.58715165260799,9.952404891784101e-08
29.653093253454827,1.2233124222197628e-07
29.71907808842228,1.472771741094383e-07
29.78510633034908,1.7381559167442007e-07
29.85117815287403,2.0133779982587913e-07
29.917293730441735,2.2918780779696567e-07
29.98345323830849,2.566793872157548e-07
30.049656852548143,2.8311458692524496e-07
30.115904750058014,3.078031868653162e-07
30.182197108564903,3.300825260134431e-07
30.248534106631137,3.4933710982628284e-07
30.314915923660614,3.650173924195983e-07
30.381342739905044,3.766571387668659e-07
30.447814736470022,3.8388880264232e-07
30.51433209532146,3.8645640627244155e-07
30.58089499929179,3.842254763258595e-07
30.647503632086345,3.7718967588449615e-07
30.714158178289868,3.6547387067170265e-07
30.780858823372945,3.4933347679018706e-07
30.847605753698584,3.291500528387349e-07
30.91439915652879,3.0542321753714077e-07
30.98123922003131,2.787590907602383e-07
31.04812613328634,2.498555670518611e-07
31.1150600862933,2.194848323249291e-07
31.182041269977745,1.8847362295352606e-07
31.249069876198234,1.576817986978707e-07
31.31614609775339,1.279798543375554e-07
31.383270128388922,1.0022602767755733e-07
31.450442162804688,7.524367265140163e-08
31.517662396662008,5.379955529305299e-08
31.58493102659085,3.65836979079783e-08
31.652248250197143,2.4191344151434362e-08
31.71961426607023,1.7107546952090365e-08
31.787029273790253,1.5694794976966445e-08
31.854493473935786,2.0183994826691294e-08
31.92200706809133,3.066901898747526e-08
31.989570258855096,4.7104917614464945e-08
32.05718324984673,6.930977945104464e-08
32.12484624571508,9.697011752009974e-08
32.19255945214618,1.2964955237487777e-07
32.2603230758712,1.6680047304647168e-07
32.32813732467447,2.0777827628537108e-07
32.396002407401696,2.518577206130402e-07
32.46391853396801,2.9825088478035165e-07
32.53188591536649,3.461261914857588e-07
32.59990476367633,3.946279469398408e-07
32.667975292071404,4.428958546770755e-07
32.73609771482879,4.900839868528914e-07
32.80427224733734,5.353787364718439e-07
32.872499106106446,5.780153274124873e-07
32.94077850877478,6.17292523187595e-07
33.009110674119185,6.525852472664341e-07
33.077495822063696,6.833549044982288e-07
33.14593417368852,7.091572716986902e-07
33.21442595123916,7.296479028831163e-07
33.28297137813576,7.44585068256114e-07
33.351570678982334,7.538303135252276e-07
33.42022407957622,7.573467854216071e-07
33.488931806917556,7.551955189770977e-07
33.557694089218955,7.475299211170206e-07
33.62651115591517,7.345887129894844e-07
33.69538323767291,7.166876101769261e-07
33.764310566400695,6.942100260051627e-07
33.833293375258954,6.67597079476623e-07
33.90233189867006,6.373371771489165e-07
33.97142637232849,6.039554190593354e-07
34.040577033211264,5.680030542300984e-07
34.10978411958826,5.300471831206799e-07
34.1790478710328,4.906608743435052e-07
34.24836852843222,4.5041383263990247e-07
34.31774633399865,4.098637259506325e-07
34.38718153127986,3.695482525871431e-07
34.45667436517024,3.2997800589866793e-07
34.52622508192178,2.9163017399772076e-07
34.59583392915543,2.5494309628459935e-07
34.66550115587226,2.203116866154803e-07
34.73522701246498,1.8808372461688468e-07
34.805011750729435,1.5855701124930003e-07
34.874855623876265,1.3197738147018944e-07
34.94475888654276,1.0853756483349161e-07
35.01472179480468,8.837688314051225e-08
35.08474460618839,7.158177191097372e-08
35.15482757968296,5.818710866211094e-08
35.2249709757525,4.81783251241179e-08
35.295175056348555,4.1494272156338454e-08
35.36544008492272,3.803079509010559e-08
35.43576632643925,3.764496361687316e-08
35.50615404738798,4.015988454877637e-08
35.576603515797196,4.537000845095439e-08
35.64711500124685,5.304682315945748e-08
35.71768877488174,6.294480961612468e-08
35.78832510942493,7.480751945382976e-08
35.85902427919125,8.837362058254198e-08
35.92978656010103,1.0338274786125402e-07
36.00061222969393,1.1958099188862116e-07
36.07150156714285,1.3672586091887802e-07
36.1424548532682,1.5459055957039302e-07
36.21347237055207,1.729674436942962e-07
36.284554403152754,1.9167053351057822e-07
36.35570123691936,2.105369965233066e-07
36.426913159406524,2.294275470378294e-07
36.49819045988941,2.4822574919768095e-07
36.56953342937881,2.6683625388353015e-07
36.64094236063632,2.8518204484189e-07
36.71241754818994,3.03200814105209e-07
36.78395928834955,3.2084062907812774e-07
36.85556787922277,3.3805509152664356e-07
36.927243620730934,3.547982201275252e-07
36.99898681462517,3.71019311406319e-07
37.07079776450285,3.8665804728465e-07
37.14267677582392,4.016401199086227e-07
37.21462415592783,4.158736352171246e-07
37.28664021405026,4.292465356031443e-07
37.358725261340275,4.4162524932183344e-07
37.4308796108776,4.5285473084160806e-07
37.50310357769009,4.6276000347564416e-07
37.57539747877144,4.7114925520711266e-07
37.64776163309907,4.778184728842046e-07
37.72019636165214,4.825575314911668e-07
37.79270198743001,4.851575868051547e-07
37.86527883547062,4.854195543389971e-07
37.93792723286928,4.831633979416675e-07
38.01064750879763,4.782379005288007e-07
38.08343999452283,4.7053054961935965e-07
38.1563050234269,4.59977143746256e-07
38.22924293102641,4.465707139813832e-07
38.30225405499231,4.303693587874381e-07
38.375338735170054,4.115026105651552e-07
38.44849731359995,3.90175988324247e-07
38.521730134537655,3.666734419192315e-07
38.59503754447513,3.413574576637675e-07
38.66841989216162,3.146666706862636e-07
38.741877528625025,2.871109134248007e-07
38.81541080719342,2.592637190867994e-07
38.88902008351703,2.3175239034504963e-07
38.96270571559023,2.0524583349104203e-07
39.03646806377399,1.8044044320704313e-07
39.11030749081845,1.580443996881308e-07
39.18422436188597,1.3876080497488104e-07
39.258219044574254,1.2327013639981573e-07
39.332291908939816,1.122125298956004e-07
39.40644332752188,1.0617042307729515e-07
39.480673675366354,1.0565208670387151e-07
39.55498333005028,1.1107655328235202e-07
39.62937267170647,1.227604138695982e-07
39.70384208304849,1.409068999249037e-07
39.778391949396,1.6559759839111823e-07
39.85302265870037,1.9678706761524329e-07
39.9277346015705,2.343005322964645e-07
40.002528171299296,2.7783474073050624e-07
40.077403763890075,3.269619707474799e-07
40.152361778083616,3.8113707549410223e-07
40.227402615385365,4.397073700540599e-07
40.30252668009314,5.019250780386836e-07
40.37773437932499,5.669619865325969e-07
40.453026123047614,6.339259004643113e-07
40.52840232410506,7.018784453196516e-07
40.60386339824777,7.698537412054519e-07
40.67940976416201,8.368774619978455e-07
40.75504184349973,9.019858003846215e-07
40.830760060908744,9.642438820893626e-07
40.90656484406337,1.022763208903023e-06
40.98245662369541,1.0767177582886236e-06
41.05843583362555,1.1253584247997725e-06
41.13450291079523,1.1680255526104575e-06
41.21065829529887,1.2041593761843365e-06
41.286902430416546,1.2333082545925273e-06
41.36323576264706,1.2551346514143235e-06
41.43965874174155,1.26941887396521e-06
41.51617182073747,1.2760606405887268e-06
41.59277545599292,1.2750785911712642e-06
41.66947010722176,1.266607892659279e-06
41.74625623752883,1.2508961175056553e-06
41.823134313445905,1.228297588549623e-06
41.900104804967974,1.1992663893059962e-06
41.97716818559011,1.1643482349829282e-06
42.05432493234481,1.124171388188679e-06
42.13157552583988,1.079436786008144e-06
42.20892045029666,1.030907523958495e-06
42.28636019358913,9.793978194274987e-07
42.3638952472832,9.257615547185018e-07
42.44152610667673,8.708804798118499e-07
42.51925327084011,8.156521392045703e-07
42.59707724265723,7.609775771669122e-07
42.67499852886733,7.077488724865595e-07
42.75301764010706,6.568365577991359e-07
42.831135090953524,6.090769899404349e-07
42.90935139996761,5.65259755880202e-07
42.98766708973808,5.261152226735202e-07
43.06608268692629,4.923023679930408e-07
43.144598722311514,4.6439705829189605e-07
43.22321573083688,4.4288097230815497e-07
43.30193425165609,4.281313960935947e-07
43.380754828180606,4.204121396172484e-07
43.45967800812774,4.1986584192416923e-07
43.53870434356933,4.26507939702439e-07
43.61783439098103,4.402225711463142e-07
43.69706871129253,4.6076067187072785e-07
43.776407869938346,4.877404915453173e-07
43.85585243690939,5.206507186985605e-07
43.93540298680527,5.588563472684617e-07
44.015060098887524,6.016073530788921e-07
44.09482435713341,6.48050173269561e-07
44.17469635029067,6.972418991540405e-07
44.25467667193295,7.48167005873549e-07
44.334765920516254,7.997563537913633e-07
44.41496469943605,8.509081103267097e-07
44.495273617085346,9.005101604589359e-07
44.57569328691358,9.474635029947502e-07
44.65622432748646,9.907060712265053e-07
44.736867362546725,1.0292363737976936e-06
44.81762302107571,1.0621363269059579e-06
44.89849193735596,1.0885926442566443e-06
44.979474751034836,1.1079161675430658e-06
45.06057210718899,1.119558557985049e-06
45.14178465638982,1.123125828078752e-06
45.22311305477021,1.1183882708332693e-06
45.304557964091906,1.1052864392228847e-06
45.38612005181428,1.083932938461761e-06
45.46779999116396,1.0546099144703616e-06
45.54959846120565,1.0177622495051706e-06
45.63151614691408,9.739866059699644e-07
45.71355373924704,9.240165873415055e-07
45.795711935219565,8.687044063474344e-07
45.8779914379794,8.089995606323693e-07
45.96039295688359,7.459251110999113e-07
46.042917207576274,6.805522344032718e-07
46.12556491206785,6.139737758190538e-07
46.20833679881527,5.47277559900165e-07
46.29123360280379,4.815202226536518e-07
46.374256065629886,4.177023102319775e-07
46.4574049355857,3.567453458962427e-07
46.54068096774476,2.994715008470118e-07
46.62408492404914,2.4658641780767743e-07
46.70761757339804,1.9866563212191748e-07
46.791279691737856,1.5614491735190438e-07
46.875072062153805,1.1931475517540387e-07
46.95899547496294,8.831899732503836e-08
47.04305072780887,6.315765507012178e-08
47.127238625757975,4.369362393783011e-08
47.21155998139733,2.9663032404132743e-08
47.296015614934234,2.06887971581475e-08
47.38060635429739,1.6296877714265556e-08
47.465333035239944,1.593465240363942e-08
47.55019650144423,1.8990788145367986e-08
47.63519760462815,2.4815949075832956e-08
47.720337204653774,3.2743684444650644e-08
47.80561616963744,4.211085366176506e-08
47.891035376061986,5.227698468921011e-08
47.97659570889092,6.264201906573294e-08
48.06229806168447,7.266197005239827e-08
48.14814333671792,8.186210650327099e-08
48.23413244510177,8.984737054098724e-08
48.32026630690415,9.630983818165092e-08
48.40654585127556,1.0103313487845044e-07
48.49297201657556,1.038938188065501e-07
48.57954575050194,1.0485984010225035e-07
48.666268010222225,1.0398627107725324e-07
48.753139762507345,1.0140857801458038e-07
48.840161983868086,9.733376744200574e-08
48.92733566069365,9.202978732024763e-08
49.014661789393124,8.581359557645034e-08
49.10214137653928,7.903832470897e-08
49.18977543901512,7.207997225919592e-08
49.27756500416322,6.532403382901237e-08
49.36551110993778,5.915246954728235e-08
49.45361480505946,5.393135837884656e-08
49.541877149173324,4.999954963507386e-08
49.630299213009486,4.765856986725789e-08
49.71888207854713,4.716398843851607e-08
49.80762683918139,4.871838885254016e-08
49.89653459989347,5.246603758160362e-08
49.9856064774242,5.8489289641130485e-08
50.07484360045067,6.680672213714466e-08
50.16424710976654,7.737294472072866e-08
50.25381815846566,9.008000016621568e-08
50.34355791212938,1.0476023957704703e-07
50.43346754901758,1.211905350434256e-07
50.52354826026332,1.3909767759122266e-07
50.61380125007142,1.5816479932087638e-07
50.70422773592103,1.78038654841089e-07
50.7948289487722,1.9833759738916273e-07
50.88560613327658,2.186600882463126e-07
50.97656054799231,2.385935830488331e-07
51.06769346560344,2.5772364428901303e-07
51.159006173143645,2.756431347671691e-07
51.250499972224574,2.9196135128098275e-07
51.34217617926883,3.0631296095643523e-07
51.43403612574782,3.1836660415185286e-07
51.52608115842448,3.2783302790615353e-07
51.61831263960106,3.3447261283406096e-07
51.7107319473721,3.3810215482129407e-07
51.803340475882734,3.386007616690145e-07
51.89613963559231,3.359147249475304e-07
51.98913085354381,3.30061229783969e-07
52.08231557363882,3.21130771161209e-07
52.17569525691843,3.092881554957636e-07
52.2692713818503,2.947719815804333e-07
52.3630454446216,2.7789251598410117e-07
52.45701895943876,2.590279049695407e-07
52.551193458833374,2.386186978628352e-07
52.64557049397493,2.171606951699528e-07
52.74015163499048,1.951961778071515e-07
52.83493847129136,1.7330362046032492e-07
52.92993261190708,1.5208604086299435e-07
53.02513568582672,1.321581859647599e-07
53.12054934234813,1.1413280363400652e-07
53.21617525143477,9.860629266592543e-08
53.31201510408086,8.614406239021502e-08
53.408070612684604,7.726596410590294e-08
53.504343511430285,7.243217809901664e-08
53.60083555667886,7.20299505742515e-08
53.69754852736774,7.636157325872014e-08
53.79448422541984,8.563398394428334e-08
53.89164447616222,9.995033853636224e-08
53.989031128754526,1.1930386450066403e-07
54.08664605662757,1.435742527054141e-07
54.184491157932285,1.7252678082765634e-07
54.282568355999494,2.0581428849856995e-07
54.38087959981066,2.429820444076833e-07
54.47942686447984,2.8347546122875135e-07
54.57821215174772,3.266505282924914e-07
54.67723749048728,3.7178674738989475e-07
54.776504937222136,4.181022769590137e-07
54.87601657665751,4.647709171201923e-07
54.97577452222446,5.109405053098247e-07
55.075780916637626,5.557522420358745e-07
55.17603793246702,5.983604305378599e-07
55.27654777272402,6.379520943753346e-07
55.37731267146264,6.73765934119158e-07
55.47833489439563,7.051100986942556e-07
55.579616739526784,7.31378278206035e-07
55.681160537799286,7.520636723372341e-07
55.78296865376096,7.667704500992256e-07
55.88504348624699,7.752223908000938e-07
55.98738746908023,7.772684800342767e-07
56.090003071790434,7.728853254309215e-07
56.1928928003522,7.621763516990882e-07
56.296059197942796,7.453678299308873e-07
56.39950484572033,7.228018889212807e-07
56.503232363622914,6.949267433123199e-07
56.607244411189534,6.622844517890657e-07
56.71154368840349,6.25496585812924e-07
56.81613293655876,5.852482433859288e-07
56.921014939150794,5.42270881521277e-07
57.02619252279172,4.973244644417026e-07
57.13166855815134,4.5117943162147585e-07
57.23744596092476,4.0459898080975086e-07
57.34352769282732,3.5832213687738575e-07
57.44991676261814,3.13048039002495e-07
57.55661622715271,2.694218281051312e-07
57.66362919246651,2.280224556977821e-07
57.77095881488964,1.8935266686582866e-07
57.878608302194394,1.5383133654785003e-07
57.98658091477664,1.2178826234594305e-07
58.09487996687213,9.346144142841823e-08
58.20350882780943,6.899678622742364e-08
58.31247092330034,4.8450165893448556e-08
58.42176973676932,3.179159985335337e-08
58.53140881072384,1.8911377965202256e-08
58.641391748166285,9.627839893046154e-09
58.75172221404997,3.696515217552341e-09
58.86240393678012,8.203057858080856e-10
58.97344070976207,6.603827830179254e-10
59.08483639299837,2.847472474300582e-09
59.19659491473638,6.993215654784801e-09
59.30872027316899,1.2701305403660741e-08
59.42121653818988,1.9578134380328687e-08
59.53408785320577,2.724271509634397e-08
59.64733843700815,3.533567274197615e-08
59.76097258570651,4.3527148641970126e-08
59.87499467472562,5.15234917379884e-08
59.98940916086995,5.907265425929445e-08
60.10422058445711,6.596824475113805e-08
60.21943357152422,7.205222591100073e-08
60.33505283610932,7.721627551502038e-08
60.451083182611534,8.140185563730217e-08
60.56752950823321,8.45990581622024e-08
60.684396805507426,8.68443132852108e-08
60.801690164914696,8.821706251401506e-08
60.91941477759254,8.883550900040436e-08
61.0375759381423,8.885156635169448e-08
61.15617904753719,8.844513294545804e-08
61.27522961613622,8.781782277261948e-08
61.394733266808714,8.718628649289569e-08
61.51469573817442,8.677525815386572e-08
61.63512288796456,8.681046423548218e-08
61.75602069650925,8.75115325295286e-08
61.877395270357106,8.908503888758696e-08
61.99925284603353,9.171782995435139e-08
62.12159979394389,9.557075938248946e-08
62.24444262242852,1.0077297331338155e-07
62.367787981976925,1.074168776252174e-07
62.49164266960896,1.1555391406370509e-07
62.616013633430974,1.2519126434160058e-07
62.7409079773754,1.3628959012308408e-07
62.86633296613353,1.4876190208892936e-07
62.992296030290326,1.6247363273435432e-07
63.11880477167209,1.7724396508333613e-07
63.245866968917674,1.9284844321572995e-07
63.37349058328467,2.0902286072645453e-07
63.501683764702946,2.2546839053187984e-07
63.63045485808859,2.4185788459754836e-07
63.75981240993158,2.5784323618262557e-07
63.88976517517277,2.7306366125623147e-07
64.02032212438476,2.871547211489635e-07
64.15149245127414,2.997578766494288e-07
64.28328558052225,3.105303360492875e-07
64.4157111759837,3.1915493744310264e-07
64.54877914926254,3.2534979014859914e-07
64.68249966868758,3.288773924962569e-07
64.81688316871023,3.2955294427138e-07
64.95194035974863,3.272515823112668e-07
65.08768223850481,3.21914287365533e-07
65.22412009878312,3.135522391589194e-07
65.36126554283915,3.0224943411996137e-07
65.49913049329244,2.8816342555404355e-07
65.63772720563655,2.715240978967773e-07
65.77706828138396,2.526304435242233e-07
65.91716668188606,2.3184537060382307e-07
66.05803574287008,2.0958863163513301e-07
66.19968918973963,1.8632802252739037e-07
66.34214115368837,1.6256905913277568e-07
66.48540618868022,1.3884338999423828e-07
66.62949928935348,1.156962487086824e-07
66.77443590991128,9.367328500580238e-08
66.92023198406581,7.330713895233772e-08
67.0669039461084,5.510413652373869e-08
67.21446875318476,3.9531486463005396e-08
67.36294390886037,2.7005347635926672e-08
67.51234748806844,1.7880113217736703e-08
67.66269816354124,1.2439223687943088e-08
67.81401523383363,1.0887775879797067e-08
67.96631865305763,1.3347141732557233e-08
68.11962906245795,1.985174976733432e-08
68.27396782396886,3.0348116753976523e-08
68.42935705590723,4.4696148842322014e-08
68.5858196709698,6.26726629739846e-08
68.74337941671942,8.397701304776497e-08
68.90206091876232,1.0823864336632527e-07
69.06188972683799,1.3502633644514343e-07
69.22289236406617,1.6385887515513703e-07
69.38509637961836,1.942168019035811e-07
69.54853040510999,2.2555493125249403e-07
69.71322421503963,2.5731525772217074e-07
69.87920879163549,2.8893989777636095e-07
70.04651639450873,3.1988371393286205e-07
70.21518063555624,3.496262889560382e-07
70.38523655960437,3.776829481358555e-07
70.55672073134139,4.036145663647156e-07
70.72967132914734,4.2703594242881836e-07
70.90412824650303,4.4762257376605866e-07
71.08013320173983,4.651157189109265e-07
71.25772985698381,4.793256899083474e-07
71.43696394725389,4.901333711336448e-07
71.61788342079338,4.974900123262189e-07
71.80053859185355,5.014153905448909e-07
71.98498230730613,5.019944767533868e-07
72.17127012864601,4.993727767192574e-07
72.35946053115805,4.93750542071399e-07
72.5496151222685,4.853760652791944e-07
72.74179888138862,4.7453828191674225e-07
72.93608042389384,4.6155890512923723e-07
73.13253229227463,4.4678431130950775e-07
73.33123127795714,4.3057738347736746e-07
73.53225877783653,4.133095008076194e-07
73.73570119021147,3.9535284040650475e-07
73.94165035557546,3.770731321153026e-07
74.15020404863628,3.588229801718942e-07
74.36146652903314,3.4093583829340456e-07
74.57554915954205,3.237206983603681e-07
74.7925711021624,3.074575284349261e-07
75.0126601044192,2.9239347418366066e-07
75.23595339059713,2.78739819521652e-07
75.46259867554339,2.666696878223706e-07
75.6927553222919,2.5631645446984934e-07
75.92659566925778,2.477728347433401e-07
76.16430655838359,2.4109060767610607e-07
76.40609110272078,2.362809360846874e-07
76.65217074095708,2.333152447396501e-07
76.90278763795689,2.3212662185915889e-07
77.15820750531545,2.326117129188126e-07
77.41872293538925,2.346330793539067e-07
77.68465736788467,2.380219973048391e-07
77.95636984216826,2.4258167244047383e-07
78.23426073431975,2.480908455374473e-07
78.51877874041672,2.543077595001315e-07
78.81042945378644,2.6097445164354084e-07
79.10978600479767,2.678213252475089e-07
79.41750240380577,2.7457194165489205e-07
79.73433047718744,2.8094795859634575e-07
80.06114165487263,2.8667412195304355e-07
80.3989554243684,2.914831964739529e-07
80.748977127837,2.951206949970493e-07
81.11264914981507,2.9734923301603886e-07
81.49172179461122,2.9795229072138433e-07
81.8883539858024,2.967370970451945e-07
82.30526072729027,2.9353623710923377e-07
82.74593696669073,2.8820737708204284e-07
83.21501265029953,2.8063008797207496e-07
83.71884730024732,2.7069786045546865e-07
84.26659730796273,2.5830130020838454e-07
84.87231698093376,2.432929076576265e-07
85.55966694730681,2.2540643058717573e-07
86.37478578672392,2.0403474112106605e-07
87.43680027996089,1.773524660756145e-07
89.99999914622636,1.2358009320634031e-07
