wavelength_nm,face,normal,transmission_T,power_W,sourcepower_W,source_normalized_power
400.00000000000006,ic1_flux_top,+z,0.006450202836034811,2.3813806614009586e-17,3.691946938625089e-15,0.00645020283603481
401.0000000000001,ic1_flux_top,+z,0.007049022906146532,2.576599079466348e-17,3.655257067216554e-15,0.007049022906146531
402.0000000000001,ic1_flux_top,+z,0.007680400388981609,2.779553672339855e-17,3.619021836839957e-15,0.0076804003889816095
403.0000000000001,ic1_flux_top,+z,0.007507380624597803,2.6900705287366004e-17,3.5832345038196555e-15,0.007507380624597803
404.00000000000006,ic1_flux_top,+z,0.007423065376624037,2.6336207845711647e-17,3.5478884408922163e-15,0.007423065376624037
405.00000000000017,ic1_flux_top,+z,0.0072079657290180215,2.5321418795294287e-17,3.5129771349154225e-15,0.007207965729018022
406.00000000000006,ic1_flux_top,+z,0.007052828913738722,2.4533224361615708e-17,3.4784941846279072e-15,0.007052828913738723
407.0000000000001,ic1_flux_top,+z,0.0070089185480725616,2.414175243316172e-17,3.4444332984580984e-15,0.007008918548072562
408.00000000000006,ic1_flux_top,+z,0.0070330550109971,2.3988261691183103e-17,3.4107882923813796e-15,0.0070330550109971
409.0,ic1_flux_top,+z,0.006920360954559595,2.3373886510930592e-17,3.3775530878241718e-15,0.006920360954559595
410.00000000000017,ic1_flux_top,+z,0.0068544926197926384,2.2926370273808546e-17,3.3447217096138784e-15,0.0068544926197926384
411.0,ic1_flux_top,+z,0.006859772066034327,2.2721542645054845e-17,3.3122882839735953e-15,0.006859772066034327
412.0000000000001,ic1_flux_top,+z,0.006875070900151424,2.255193094636416e-17,3.280247036560372e-15,0.006875070900151424
413.0000000000001,ic1_flux_top,+z,0.006764900998653471,2.1976405230533825e-17,3.248592290546181e-15,0.006764900998653471
414.00000000000006,ic1_flux_top,+z,0.006802504434837568,2.1885823124681174e-17,3.217318464740372e-15,0.006802504434837567
415.0000000000001,ic1_flux_top,+z,0.007019840095287474,2.236815938011853e-17,3.186420071752719e-15,0.007019840095287475
416.0,ic1_flux_top,+z,0.00706241765408971,2.228822537085877e-17,3.1558917161960944e-15,0.007062417654089711
417.00000000000006,ic1_flux_top,+z,0.0072379786984684905,2.262395335381549e-17,3.1257280929277357e-15,0.0072379786984684905
418.00000000000006,ic1_flux_top,+z,0.007642376193307044,2.3660215761761355e-17,3.0959239853283118e-15,0.007642376193307043
419.0000000000001,ic1_flux_top,+z,0.0077236693578957285,2.368443330668044e-17,3.06647426361777e-15,0.007723669357895729
420.00000000000017,ic1_flux_top,+z,0.007444584604004595,2.2611986847529767e-17,3.037373883207172e-15,0.007444584604004596
421.00000000000006,ic1_flux_top,+z,0.007101321796917378,2.1365163751751362e-17,3.008617883085624e-15,0.007101321796917378
422.00000000000006,ic1_flux_top,+z,0.006763634424863956,2.015699267548287e-17,2.9802013842414774e-15,0.006763634424863956
423.0,ic1_flux_top,+z,0.006526067129947937,1.9265730607686094e-17,2.952119588117046e-15,0.006526067129947937
424.00000000000006,ic1_flux_top,+z,0.0064492005077268835,1.885983413992889e-17,2.924367775095943e-15,0.006449200507726883
425.0,ic1_flux_top,+z,0.006644672314157491,1.9249225671932277e-17,2.8969413030224013e-15,0.006644672314157492
426.00000000000006,ic1_flux_top,+z,0.006987043291275842,2.0051665616232042e-17,2.869835605751712e-15,0.006987043291275842
427.00000000000017,ic1_flux_top,+z,0.007555591752162508,2.1480896357260874e-17,2.8430461917311456e-15,0.007555591752162509
428.0,ic1_flux_top,+z,0.00786950274123344,2.2164994653896272e-17,2.8165686426106004e-15,0.007869502741233441
429.0000000000001,ic1_flux_top,+z,0.008005428312752775,2.2338336051428368e-17,2.7903986118822702e-15,0.008005428312752775
430.00000000000006,ic1_flux_top,+z,0.007876146811396338,2.1773858507047052e-17,2.7645318235487326e-15,0.007876146811396338
431.0000000000001,ic1_flux_top,+z,0.007715629008656005,2.1132830638475352e-17,2.7389640708187066e-15,0.007715629008656005
432.0000000000001,ic1_flux_top,+z,0.007488033297503552,2.0320210175789285e-17,2.713691214829917e-15,0.007488033297503552
433.0000000000001,ic1_flux_top,+z,0.007400148136162443,1.9896846252208513e-17,2.6887091833983998e-15,0.007400148136162443
434.0000000000001,ic1_flux_top,+z,0.007430868037238214,1.9795936258895794e-17,2.6640139697936598e-15,0.007430868037238214
435.0,ic1_flux_top,+z,0.007588916228725074,2.0031715658956075e-17,2.6396016315390758e-15,0.007588916228725074
436.0000000000001,ic1_flux_top,+z,0.00785459328592389,2.0543439664187663e-17,2.6154682892369843e-15,0.00785459328592389
437.0000000000001,ic1_flux_top,+z,0.008168328144446253,2.116912192688285e-17,2.5916101254178923e-15,0.008168328144446253
438.00000000000006,ic1_flux_top,+z,0.008330432764129111,2.139274613223525e-17,2.568023383413228e-15,0.008330432764129111
439.00000000000006,ic1_flux_top,+z,0.008385721705177655,2.1339182637332562e-17,2.5447043662511434e-15,0.008385721705177655
440.00000000000006,ic1_flux_top,+z,0.008453041445324784,2.131560718949378e-17,2.5216494355748177e-15,0.008453041445324784
441.0000000000001,ic1_flux_top,+z,0.008387972731326191,2.096032768830609e-17,2.4988550105827697e-15,0.00838797273132619
442.0000000000001,ic1_flux_top,+z,0.008261389127837105,2.0457823025008692e-17,2.476317566990663e-15,0.008261389127837105
443.0000000000001,ic1_flux_top,+z,0.008204183652156787,2.0133342638430007e-17,2.45403363601413e-15,0.008204183652156789
444.00000000000006,ic1_flux_top,+z,0.00805788533352788,1.95967755467352e-17,2.4319998033721584e-15,0.00805788533352788
445.00000000000006,ic1_flux_top,+z,0.008045913345033035,1.9392362594164135e-17,2.4102127083105582e-15,0.008045913345033035
446.00000000000006,ic1_flux_top,+z,0.00805442241730405,1.923934948460062e-17,2.3886690426450656e-15,0.00805442241730405
447.00000000000006,ic1_flux_top,+z,0.00803565341222096,1.902332905841481e-17,2.367365549823656e-15,0.008035653412220959
448.0000000000001,ic1_flux_top,+z,0.00778521747198556,1.8266448156206756e-17,2.346299024007616e-15,0.00778521747198556
449.00000000000006,ic1_flux_top,+z,0.007628901556019906,1.7740753544506525e-17,2.3254663091710016e-15,0.007628901556019908
450.0000000000001,ic1_flux_top,+z,0.007498323061700222,1.7282617121417613e-17,2.3048642982180115e-15,0.007498323061700222
451.00000000000006,ic1_flux_top,+z,0.007372437970589473,1.6842260318975706e-17,2.2844899321179446e-15,0.007372437970589475
452.00000000000006,ic1_flux_top,+z,0.007099739326112066,1.60762251589436e-17,2.264340199057309e-15,0.007099739326112066
453.0000000000001,ic1_flux_top,+z,0.006876302950866918,1.5433257777295234e-17,2.2444121336087315e-15,0.006876302950866917
454.0000000000001,ic1_flux_top,+z,0.006718424405637487,1.4946497693742328e-17,2.224702815916273e-15,0.006718424405637486
455.00000000000017,ic1_flux_top,+z,0.006767155732573897,1.492299523579006e-17,2.2052093708968152e-15,0.006767155732573897
456.0000000000001,ic1_flux_top,+z,0.006895903938460218,1.507395617588215e-17,2.1859289674571662e-15,0.006895903938460218
457.00000000000006,ic1_flux_top,+z,0.00701695763835101,1.5204756532274273e-17,2.16685881772651e-15,0.00701695763835101
458.0000000000001,ic1_flux_top,+z,0.00714478263391007,1.5346965778161422e-17,2.147996176303912e-15,0.00714478263391007
459.00000000000006,ic1_flux_top,+z,0.007245875607266437,1.542892073394896e-17,2.1293383395205208e-15,0.0072458756072664365
460.0000000000001,ic1_flux_top,+z,0.007420105765756736,1.5662972482894185e-17,2.1108826447161572e-15,0.0074201057657567356
461.00000000000006,ic1_flux_top,+z,0.007616430596588862,1.593834426975993e-17,2.092626469529988e-15,0.007616430596588861
462.00000000000017,ic1_flux_top,+z,0.00763760135509722,1.5844717496291238e-17,2.0745672312049533e-15,0.00763760135509722
463.0000000000001,ic1_flux_top,+z,0.007809249771825604,1.6061302637847335e-17,2.0567023859057094e-15,0.007809249771825603
464.00000000000006,ic1_flux_top,+z,0.007832257222518459,1.597020296477001e-17,2.0390294280497083e-15,0.007832257222518459
465.00000000000017,ic1_flux_top,+z,0.007868284945631441,1.5906099090445837e-17,2.021545889651223e-15,0.007868284945631441
466.0000000000001,ic1_flux_top,+z,0.008011541683586079,1.6057127129130076e-17,2.004249339677988e-15,0.008011541683586079
467.0000000000001,ic1_flux_top,+z,0.008129625169398877,1.6154682087306163e-17,1.9871373834201852e-15,0.008129625169398877
468.00000000000006,ic1_flux_top,+z,0.008187413450216795,1.6130904710527263e-17,1.970207661871544e-15,0.008187413450216795
469.00000000000006,ic1_flux_top,+z,0.008326752595754626,1.6265960232529676e-17,1.953457851122277e-15,0.008326752595754628
470.00000000000006,ic1_flux_top,+z,0.008510102104002699,1.648309474538702e-17,1.9368856617635934e-15,0.0085101021040027
471.0,ic1_flux_top,+z,0.008652149242580549,1.66163560477126e-17,1.920488838303566e-15,0.00865214924258055
472.0000000000001,ic1_flux_top,+z,0.008686476940878525,1.654135538944593e-17,1.904265158594088e-15,0.008686476940878523
473.0,ic1_flux_top,+z,0.008648870284339085,1.6330904404617427e-17,1.88821243326872e-15,0.008648870284339083
474.00000000000006,ic1_flux_top,+z,0.008577089457410932,1.6059129082684993e-17,1.8723285051911517e-15,0.00857708945741093
475.0,ic1_flux_top,+z,0.008488582249319566,1.5759997291419232e-17,1.8566112489140965e-15,0.008488582249319568
476.00000000000006,ic1_flux_top,+z,0.008368853970992221,1.5407550325615565e-17,1.8410585701483838e-15,0.008368853970992223
476.99999999999994,ic1_flux_top,+z,0.008362941882589287,1.5267958769918603e-17,1.825668405242035e-15,0.008362941882589285
478.0000000000001,ic1_flux_top,+z,0.008429912081534478,1.5261839244246307e-17,1.8104387206691044e-15,0.008429912081534478
479.0000000000001,ic1_flux_top,+z,0.008527797241389768,1.5310530120618197e-17,1.7953675125281303e-15,0.008527797241389768
480.00000000000006,ic1_flux_top,+z,0.008669084383724523,1.543489561688578e-17,1.7804528060499094e-15,0.008669084383724523
481.00000000000006,ic1_flux_top,+z,0.008855193229779996,1.5635549645442134e-17,1.7656926551144943e-15,0.008855193229779994
482.0000000000001,ic1_flux_top,+z,0.009073701060884114,1.588882310864189e-17,1.7510851417771673e-15,0.009073701060884114
483.00000000000006,ic1_flux_top,+z,0.009281311502785421,1.6118188920405964e-17,1.7366283758032173e-15,0.009281311502785421
484.00000000000006,ic1_flux_top,+z,0.009435687269855181,1.6251277561840597e-17,1.7223204942113368e-15,0.009435687269855183
485.0000000000001,ic1_flux_top,+z,0.009538400122910217,1.6293110318768045e-17,1.708159660825481e-15,0.00953840012291022
486.0000000000001,ic1_flux_top,+z,0.009764182528223551,1.6541931887919573e-17,1.6941440658349854e-15,0.00976418252822355
487.00000000000006,ic1_flux_top,+z,0.009839823814984359,1.6533579706834436e-17,1.6802719253627934e-15,0.009839823814984359
488.00000000000006,ic1_flux_top,+z,0.010039769892676853,1.6731692986258777e-17,1.6665414810416228e-15,0.010039769892676853
489.0000000000001,ic1_flux_top,+z,0.010247861198899076,1.693921241246082e-17,1.6529509995979056e-15,0.010247861198899078
490.00000000000006,ic1_flux_top,+z,0.010442785289410787,1.7120933662878522e-17,1.639498772443356e-15,0.010442785289410787
491.00000000000006,ic1_flux_top,+z,0.010661398118887522,1.733738560614872e-17,1.6261831152739858e-15,0.010661398118887522
492.0000000000001,ic1_flux_top,+z,0.010937314522738896,1.7641914221199828e-17,1.613002367676447e-15,0.010937314522738896
493.0000000000001,ic1_flux_top,+z,0.011282443193628824,1.8051400189724856e-17,1.599954892741534e-15,0.011282443193628824
494.00000000000006,ic1_flux_top,+z,0.0117158674028664,1.8593539385605506e-17,1.5870390766847036e-15,0.0117158674028664
495.0000000000001,ic1_flux_top,+z,0.012185724919441934,1.9183418014293598e-17,1.574253328473472e-15,0.012185724919441936
496.0000000000002,ic1_flux_top,+z,0.012576767367210374,1.9639830612935885e-17,1.5615960794615664e-15,0.012576767367210372
497.00000000000017,ic1_flux_top,+z,0.012863319786860795,1.9926128537994453e-17,1.5490657830296612e-15,0.012863319786860795
498.00000000000006,ic1_flux_top,+z,0.013082949418239849,2.010405701389133e-17,1.5366609142326017e-15,0.013082949418239849
499.0000000000001,ic1_flux_top,+z,0.012960128792416313,1.975616073269003e-17,1.524379969452962e-15,0.012960128792416313
500.00000000000006,ic1_flux_top,+z,0.01296992590711411,1.9613400369956524e-17,1.5122214660608366e-15,0.01296992590711411
400.00000000000006,ic1_flux_bottom,-z,-0.08041705516501067,-2.96895500629706e-16,3.691946938625089e-15,-0.08041705516501066
401.0000000000001,ic1_flux_bottom,-z,-0.08156818048579412,-2.981526681806943e-16,3.655257067216554e-15,-0.0815681804857941
402.0000000000001,ic1_flux_bottom,-z,-0.08323543535779603,-3.012308581587445e-16,3.619021836839957e-15,-0.08323543535779604
403.0000000000001,ic1_flux_bottom,-z,-0.08414352129790925,-3.0150596878755247e-16,3.5832345038196555e-15,-0.08414352129790925
404.00000000000006,ic1_flux_bottom,-z,-0.08503023652437942,-3.016777932911769e-16,3.5478884408922163e-15,-0.08503023652437942
405.00000000000017,ic1_flux_bottom,-z,-0.08603405113879269,-3.022356544747229e-16,3.5129771349154225e-15,-0.0860340511387927
406.00000000000006,ic1_flux_bottom,-z,-0.08722861302471083,-3.0342422313961477e-16,3.4784941846279072e-15,-0.08722861302471084
407.0000000000001,ic1_flux_bottom,-z,-0.08847151049582926,-3.0473421671671945e-16,3.4444332984580984e-15,-0.08847151049582926
408.00000000000006,ic1_flux_bottom,-z,-0.08954469277929566,-3.054179897765091e-16,3.4107882923813796e-15,-0.08954469277929566
409.0,ic1_flux_bottom,-z,-0.09117908376327867,-3.0796219590964067e-16,3.3775530878241718e-15,-0.09117908376327867
410.00000000000017,ic1_flux_bottom,-z,-0.09321649248771947,-3.1178322611773433e-16,3.3447217096138784e-15,-0.09321649248771947
411.0,ic1_flux_bottom,-z,-0.0953208345739857,-3.1573008357799804e-16,3.3122882839735953e-15,-0.0953208345739857
412.0000000000001,ic1_flux_bottom,-z,-0.09714048479250945,-3.18644787370667e-16,3.280247036560372e-15,-0.09714048479250945
413.0000000000001,ic1_flux_bottom,-z,-0.09852111800537651,-3.200549444082567e-16,3.248592290546181e-15,-0.09852111800537651
414.00000000000006,ic1_flux_bottom,-z,-0.09945190948664111,-3.199684647450586e-16,3.217318464740372e-15,-0.0994519094866411
415.0000000000001,ic1_flux_bottom,-z,-0.10049461347017324,-3.202180534643912e-16,3.186420071752719e-15,-0.10049461347017324
416.0,ic1_flux_bottom,-z,-0.10157930386955888,-3.2057328361890675e-16,3.1558917161960944e-15,-0.10157930386955888
417.00000000000006,ic1_flux_bottom,-z,-0.10298972381235116,-3.219178730031346e-16,3.1257280929277357e-15,-0.10298972381235116
418.00000000000006,ic1_flux_bottom,-z,-0.1045023810624936,-3.235314280552931e-16,3.0959239853283118e-15,-0.1045023810624936
419.0000000000001,ic1_flux_bottom,-z,-0.10610526639484456,-3.253690686340983e-16,3.06647426361777e-15,-0.10610526639484456
420.00000000000017,ic1_flux_bottom,-z,-0.10797363232589491,-3.279562909016869e-16,3.037373883207172e-15,-0.10797363232589492
421.00000000000006,ic1_flux_bottom,-z,-0.11009990808886859,-3.312485524022536e-16,3.008617883085624e-15,-0.1100999080888686
422.00000000000006,ic1_flux_bottom,-z,-0.11222020909130709,-3.344388224737814e-16,2.9802013842414774e-15,-0.11222020909130709
423.0,ic1_flux_bottom,-z,-0.11470900035141429,-3.386346868707352e-16,2.952119588117046e-15,-0.11470900035141429
424.00000000000006,ic1_flux_bottom,-z,-0.11758760401547248,-3.4386939993359e-16,2.924367775095943e-15,-0.11758760401547247
425.0,ic1_flux_bottom,-z,-0.12029021534364469,-3.484736931784633e-16,2.8969413030224013e-15,-0.1202902153436447
426.00000000000006,ic1_flux_bottom,-z,-0.1224478647567834,-3.5140524212728723e-16,2.869835605751712e-15,-0.12244786475678342
427.00000000000017,ic1_flux_bottom,-z,-0.12413480618351805,-3.5292098798133486e-16,2.8430461917311456e-15,-0.12413480618351805
428.0,ic1_flux_bottom,-z,-0.12559637725889267,-3.537508178128882e-16,2.8165686426106004e-15,-0.12559637725889267
429.0000000000001,ic1_flux_bottom,-z,-0.12685468450123602,-3.5397513554301233e-16,2.7903986118822702e-15,-0.12685468450123602
430.00000000000006,ic1_flux_bottom,-z,-0.12846915970509898,-3.5515708034931064e-16,2.7645318235487326e-15,-0.12846915970509898
431.0000000000001,ic1_flux_bottom,-z,-0.13028297627545257,-3.5684039105779056e-16,2.7389640708187066e-15,-0.13028297627545257
432.0000000000001,ic1_flux_bottom,-z,-0.1323455883655857,-3.591450604691864e-16,2.713691214829917e-15,-0.1323455883655857
433.0000000000001,ic1_flux_bottom,-z,-0.13487383669237227,-3.626365233149573e-16,2.6887091833983998e-15,-0.13487383669237224
434.0000000000001,ic1_flux_bottom,-z,-0.1375996244158139,-3.6656732168208894e-16,2.6640139697936598e-15,-0.1375996244158139
435.0,ic1_flux_bottom,-z,-0.14029183489604052,-3.703145562831992e-16,2.6396016315390758e-15,-0.14029183489604052
436.0000000000001,ic1_flux_bottom,-z,-0.14240932639015014,-3.724670772650373e-16,2.6154682892369843e-15,-0.14240932639015014
437.0000000000001,ic1_flux_bottom,-z,-0.14448907555278245,-3.744593512148618e-16,2.5916101254178923e-15,-0.14448907555278245
438.00000000000006,ic1_flux_bottom,-z,-0.1462177251080557,-3.754905371469745e-16,2.568023383413228e-15,-0.1462177251080557
439.00000000000006,ic1_flux_bottom,-z,-0.14782241534407942,-3.7616434575586896e-16,2.5447043662511434e-15,-0.14782241534407944
440.00000000000006,ic1_flux_bottom,-z,-0.14927969788923642,-3.7643106592517236e-16,2.5216494355748177e-15,-0.14927969788923645
441.0000000000001,ic1_flux_bottom,-z,-0.1507620589968876,-3.767325265301477e-16,2.4988550105827697e-15,-0.15076205899688758
442.0000000000001,ic1_flux_bottom,-z,-0.1523213662929992,-3.7719607517937332e-16,2.476317566990663e-15,-0.1523213662929992
443.0000000000001,ic1_flux_bottom,-z,-0.15411040184913333,-3.781921097974274e-16,2.45403363601413e-15,-0.15411040184913333
444.00000000000006,ic1_flux_bottom,-z,-0.15610107826841144,-3.7963779165495854e-16,2.4319998033721584e-15,-0.15610107826841144
445.00000000000006,ic1_flux_bottom,-z,-0.15819338866109892,-3.8127971572169197e-16,2.4102127083105582e-15,-0.15819338866109892
446.00000000000006,ic1_flux_bottom,-z,-0.1602223773459574,-3.8271823270528454e-16,2.3886690426450656e-15,-0.1602223773459574
447.00000000000006,ic1_flux_bottom,-z,-0.1619019056640107,-3.8328099391977835e-16,2.367365549823656e-15,-0.1619019056640107
448.0000000000001,ic1_flux_bottom,-z,-0.1636830294035783,-3.8404933213622564e-16,2.346299024007616e-15,-0.1636830294035783
449.00000000000006,ic1_flux_bottom,-z,-0.16515782349893263,-3.840689542427786e-16,2.3254663091710016e-15,-0.16515782349893265
450.0000000000001,ic1_flux_bottom,-z,-0.1664797842368721,-3.837133110626042e-16,2.3048642982180115e-15,-0.1664797842368721
451.00000000000006,ic1_flux_bottom,-z,-0.1678221178701214,-3.833879386610034e-16,2.2844899321179446e-15,-0.16782211787012144
452.00000000000006,ic1_flux_bottom,-z,-0.1690264904634433,-3.827334770619516e-16,2.264340199057309e-15,-0.16902649046344334
453.0000000000001,ic1_flux_bottom,-z,-0.170274322392427,-3.8216575521956807e-16,2.2444121336087315e-15,-0.17027432239242699
454.0000000000001,ic1_flux_bottom,-z,-0.1720352313806468,-3.8272726368933246e-16,2.224702815916273e-15,-0.17203523138064677
455.00000000000017,ic1_flux_bottom,-z,-0.17399059234956543,-3.836856846971494e-16,2.2052093708968152e-15,-0.17399059234956543
456.0000000000001,ic1_flux_bottom,-z,-0.17601434653916337,-3.847548587880012e-16,2.1859289674571662e-15,-0.17601434653916337
457.00000000000006,ic1_flux_bottom,-z,-0.17799862515010945,-3.856978904497104e-16,2.16685881772651e-15,-0.17799862515010945
458.0000000000001,ic1_flux_bottom,-z,-0.17978556723655695,-3.8617871097875415e-16,2.147996176303912e-15,-0.17978556723655695
459.00000000000006,ic1_flux_bottom,-z,-0.18131925219668218,-3.8609003539558576e-16,2.1293383395205208e-15,-0.18131925219668218
460.0000000000001,ic1_flux_bottom,-z,-0.18276980133120824,-3.8580560160826745e-16,2.1108826447161572e-15,-0.18276980133120824
461.00000000000006,ic1_flux_bottom,-z,-0.1842881739790347,-3.8564631088987557e-16,2.092626469529988e-15,-0.1842881739790347
462.00000000000017,ic1_flux_bottom,-z,-0.18587422615839097,-3.856085787137764e-16,2.0745672312049533e-15,-0.18587422615839094
463.0000000000001,ic1_flux_bottom,-z,-0.18675512280312392,-3.8409970664929873e-16,2.0567023859057094e-15,-0.18675512280312392
464.00000000000006,ic1_flux_bottom,-z,-0.18750435176980826,-3.8232689114602346e-16,2.0390294280497083e-15,-0.18750435176980826
465.00000000000017,ic1_flux_bottom,-z,-0.1883063573585526,-3.8066994271337636e-16,2.021545889651223e-15,-0.1883063573585526
466.0000000000001,ic1_flux_bottom,-z,-0.18944343509959558,-3.796918797046943e-16,2.004249339677988e-15,-0.1894434350995956
467.0000000000001,ic1_flux_bottom,-z,-0.19073195899491044,-3.7901060593175237e-16,1.9871373834201852e-15,-0.19073195899491044
468.00000000000006,ic1_flux_bottom,-z,-0.191881485339532,-3.7804637258723827e-16,1.970207661871544e-15,-0.191881485339532
469.00000000000006,ic1_flux_bottom,-z,-0.19304711936586694,-3.771094109617921e-16,1.953457851122277e-15,-0.19304711936586694
470.00000000000006,ic1_flux_bottom,-z,-0.1943600488241068,-3.764531917870844e-16,1.9368856617635934e-15,-0.1943600488241068
471.0,ic1_flux_bottom,-z,-0.1955918190916778,-3.7563190542905756e-16,1.920488838303566e-15,-0.1955918190916778
472.0000000000001,ic1_flux_bottom,-z,-0.19678156819898165,-3.7472428417482706e-16,1.904265158594088e-15,-0.19678156819898163
473.0,ic1_flux_bottom,-z,-0.19781788838554606,-3.7352219637255196e-16,1.88821243326872e-15,-0.19781788838554604
474.00000000000006,ic1_flux_bottom,-z,-0.19856058049287523,-3.717706348641124e-16,1.8723285051911517e-15,-0.1985605804928752
475.0,ic1_flux_bottom,-z,-0.19914025134613325,-3.6972603076081155e-16,1.8566112489140965e-15,-0.19914025134613325
476.00000000000006,ic1_flux_bottom,-z,-0.19973074921923079,-3.6771600757222245e-16,1.8410585701483838e-15,-0.19973074921923079
476.99999999999994,ic1_flux_bottom,-z,-0.2002622257920036,-3.656124183919075e-16,1.825668405242035e-15,-0.20026222579200356
478.0000000000001,ic1_flux_bottom,-z,-0.20067373224626764,-3.6330749507982724e-16,1.8104387206691044e-15,-0.20067373224626767
479.0000000000001,ic1_flux_bottom,-z,-0.20114379403909247,-3.6112703316443605e-16,1.7953675125281303e-15,-0.2011437940390925
480.00000000000006,ic1_flux_bottom,-z,-0.20159523109398098,-3.589307948875584e-16,1.7804528060499094e-15,-0.20159523109398098
481.00000000000006,ic1_flux_bottom,-z,-0.20208721770352922,-3.5682391599164532e-16,1.7656926551144943e-15,-0.20208721770352922
482.0000000000001,ic1_flux_bottom,-z,-0.20270746268851444,-3.5495802604120717e-16,1.7510851417771673e-15,-0.20270746268851444
483.00000000000006,ic1_flux_bottom,-z,-0.2033955758464743,-3.5322252852782274e-16,1.7366283758032173e-15,-0.2033955758464743
484.00000000000006,ic1_flux_bottom,-z,-0.20403134610754853,-3.514073688625573e-16,1.7223204942113368e-15,-0.20403134610754853
485.0000000000001,ic1_flux_bottom,-z,-0.2043958980724052,-3.4914082792547927e-16,1.708159660825481e-15,-0.2043958980724052
486.0000000000001,ic1_flux_bottom,-z,-0.20443956481238693,-3.463500755487922e-16,1.6941440658349854e-15,-0.20443956481238693
487.00000000000006,ic1_flux_bottom,-z,-0.20460445270515618,-3.437911176846934e-16,1.6802719253627934e-15,-0.2046044527051562
488.00000000000006,ic1_flux_bottom,-z,-0.2048398829706607,-3.4137416194231755e-16,1.6665414810416228e-15,-0.2048398829706607
489.0000000000001,ic1_flux_bottom,-z,-0.20471392248935388,-3.383820828103857e-16,1.6529509995979056e-15,-0.2047139224893539
490.00000000000006,ic1_flux_bottom,-z,-0.20456611382730824,-3.3538589250337974e-16,1.639498772443356e-15,-0.20456611382730827
491.00000000000006,ic1_flux_bottom,-z,-0.2039108283549302,-3.315963460923194e-16,1.6261831152739858e-15,-0.2039108283549302
492.0000000000001,ic1_flux_bottom,-z,-0.20375432745104682,-3.286562126028606e-16,1.613002367676447e-15,-0.20375432745104682
493.0000000000001,ic1_flux_bottom,-z,-0.20384982321556935,-3.2615052203824696e-16,1.599954892741534e-15,-0.20384982321556938
494.00000000000006,ic1_flux_bottom,-z,-0.2041472254825386,-3.2398962423755206e-16,1.5870390766847036e-15,-0.2041472254825386
495.0000000000001,ic1_flux_bottom,-z,-0.20456062045084827,-3.220302376193465e-16,1.574253328473472e-15,-0.2045606204508483
496.0000000000002,ic1_flux_bottom,-z,-0.20481329761995534,-3.198356425849172e-16,1.5615960794615664e-15,-0.20481329761995531
497.00000000000017,ic1_flux_bottom,-z,-0.2046165753384626,-3.169645354975232e-16,1.5490657830296612e-15,-0.20461657533846256
498.00000000000006,ic1_flux_bottom,-z,-0.20398044432224405,-3.1344877605779184e-16,1.5366609142326017e-15,-0.20398044432224405
499.0000000000001,ic1_flux_bottom,-z,-0.20340626021510444,-3.1006842873324214e-16,1.524379969452962e-15,-0.20340626021510444
500.00000000000006,ic1_flux_bottom,-z,-0.20253847823865292,-3.062830344957866e-16,1.5122214660608366e-15,-0.20253847823865295
400.00000000000006,ic1_flux_xminus,-x,-0.004358861734908892,-1.6092686238086928e-17,3.691946938625089e-15,-0.004358861734908892
401.0000000000001,ic1_flux_xminus,-x,-0.004424074037363929,-1.6171127890963772e-17,3.655257067216554e-15,-0.004424074037363929
402.0000000000001,ic1_flux_xminus,-x,-0.004687992794534691,-1.6965948294369423e-17,3.619021836839957e-15,-0.004687992794534692
403.0000000000001,ic1_flux_xminus,-x,-0.0047015502436735255,-1.6846757054572685e-17,3.5832345038196555e-15,-0.0047015502436735255
404.00000000000006,ic1_flux_xminus,-x,-0.0046588575404099344,-1.6529106815383946e-17,3.5478884408922163e-15,-0.004658857540409934
405.00000000000017,ic1_flux_xminus,-x,-0.004697470633483772,-1.6502106927365157e-17,3.5129771349154225e-15,-0.004697470633483772
406.00000000000006,ic1_flux_xminus,-x,-0.0046902295278294795,-1.631493613712494e-17,3.4784941846279072e-15,-0.0046902295278294795
407.0000000000001,ic1_flux_xminus,-x,-0.004804011660079292,-1.654709772815808e-17,3.4444332984580984e-15,-0.004804011660079292
408.00000000000006,ic1_flux_xminus,-x,-0.0049283851285556405,-1.680967829682408e-17,3.4107882923813796e-15,-0.0049283851285556405
409.0,ic1_flux_xminus,-x,-0.005096902375287109,-1.721505835598933e-17,3.3775530878241718e-15,-0.005096902375287109
410.00000000000017,ic1_flux_xminus,-x,-0.005199113970163198,-1.7389589366761652e-17,3.3447217096138784e-15,-0.005199113970163199
411.0,ic1_flux_xminus,-x,-0.005236744797163951,-1.7345608437805834e-17,3.3122882839735953e-15,-0.00523674479716395
412.0000000000001,ic1_flux_xminus,-x,-0.0054590208989431345,-1.7906937126279353e-17,3.280247036560372e-15,-0.005459020898943134
413.0000000000001,ic1_flux_xminus,-x,-0.00579255104362396,-1.8817636662912034e-17,3.248592290546181e-15,-0.005792551043623961
414.00000000000006,ic1_flux_xminus,-x,-0.006013688208762624,-1.934795011524344e-17,3.217318464740372e-15,-0.006013688208762623
415.0000000000001,ic1_flux_xminus,-x,-0.006079024830495646,-1.9370326736574495e-17,3.186420071752719e-15,-0.006079024830495645
416.0,ic1_flux_xminus,-x,-0.005998674938859615,-1.8931168547700173e-17,3.1558917161960944e-15,-0.005998674938859616
417.00000000000006,ic1_flux_xminus,-x,-0.005902097261099593,-1.8448351216210842e-17,3.1257280929277357e-15,-0.005902097261099593
418.00000000000006,ic1_flux_xminus,-x,-0.005900554148367154,-1.826766711465834e-17,3.0959239853283118e-15,-0.005900554148367153
419.0000000000001,ic1_flux_xminus,-x,-0.005967023340297749,-1.8297723503429586e-17,3.06647426361777e-15,-0.005967023340297748
420.00000000000017,ic1_flux_xminus,-x,-0.006100482177172012,-1.8529445239913097e-17,3.037373883207172e-15,-0.006100482177172012
421.00000000000006,ic1_flux_xminus,-x,-0.006201986022541182,-1.865940605806448e-17,3.008617883085624e-15,-0.006201986022541183
422.00000000000006,ic1_flux_xminus,-x,-0.006255032012341799,-1.8641255061655786e-17,2.9802013842414774e-15,-0.0062550320123418
423.0,ic1_flux_xminus,-x,-0.006311311189636033,-1.8631745389626826e-17,2.952119588117046e-15,-0.006311311189636033
424.00000000000006,ic1_flux_xminus,-x,-0.006449254126535443,-1.8859990941044785e-17,2.924367775095943e-15,-0.006449254126535443
425.0,ic1_flux_xminus,-x,-0.006666860224364715,-1.931350274543934e-17,2.8969413030224013e-15,-0.006666860224364716
426.00000000000006,ic1_flux_xminus,-x,-0.006940575449809,-1.9918310550268074e-17,2.869835605751712e-15,-0.006940575449809
427.00000000000017,ic1_flux_xminus,-x,-0.007004726970869582,-1.991476233864721e-17,2.8430461917311456e-15,-0.007004726970869582
428.0,ic1_flux_xminus,-x,-0.007116073365158587,-2.004290909882217e-17,2.8165686426106004e-15,-0.007116073365158588
429.0000000000001,ic1_flux_xminus,-x,-0.007177766357975124,-2.0028829281709045e-17,2.7903986118822702e-15,-0.007177766357975124
430.00000000000006,ic1_flux_xminus,-x,-0.007144488544985196,-1.9751165945590955e-17,2.7645318235487326e-15,-0.007144488544985196
431.0000000000001,ic1_flux_xminus,-x,-0.00710865871157249,-1.947036080270945e-17,2.7389640708187066e-15,-0.0071086587115724905
432.0000000000001,ic1_flux_xminus,-x,-0.007100664614221121,-1.9269011183065518e-17,2.713691214829917e-15,-0.007100664614221121
433.0000000000001,ic1_flux_xminus,-x,-0.007150770333649596,-1.9226341864456507e-17,2.6887091833983998e-15,-0.007150770333649596
434.0000000000001,ic1_flux_xminus,-x,-0.00725177993650284,-1.9318843056712944e-17,2.6640139697936598e-15,-0.0072517799365028396
435.0,ic1_flux_xminus,-x,-0.007346697277847333,-1.9392354121029508e-17,2.6396016315390758e-15,-0.007346697277847334
436.0000000000001,ic1_flux_xminus,-x,-0.007382945360513376,-1.930985947159205e-17,2.6154682892369843e-15,-0.007382945360513375
437.0000000000001,ic1_flux_xminus,-x,-0.007336397776358536,-1.901308276130409e-17,2.5916101254178923e-15,-0.007336397776358536
438.00000000000006,ic1_flux_xminus,-x,-0.007479847086448701,-1.920842222235557e-17,2.568023383413228e-15,-0.007479847086448701
439.00000000000006,ic1_flux_xminus,-x,-0.007628047735082214,-1.9411126377435855e-17,2.5447043662511434e-15,-0.0076280477350822145
440.00000000000006,ic1_flux_xminus,-x,-0.007761431219035678,-1.9571608652734088e-17,2.5216494355748177e-15,-0.0077614312190356785
441.0000000000001,ic1_flux_xminus,-x,-0.007825320728566353,-1.9554341911995243e-17,2.4988550105827697e-15,-0.007825320728566353
442.0000000000001,ic1_flux_xminus,-x,-0.007929041055181881,-1.9634823654337077e-17,2.476317566990663e-15,-0.007929041055181883
443.0000000000001,ic1_flux_xminus,-x,-0.008040152231358323,-1.9730804014427386e-17,2.45403363601413e-15,-0.008040152231358323
444.00000000000006,ic1_flux_xminus,-x,-0.008057204906658445,-1.9595120748722523e-17,2.4319998033721584e-15,-0.008057204906658443
445.00000000000006,ic1_flux_xminus,-x,-0.008151928135139399,-1.964788078854737e-17,2.4102127083105582e-15,-0.008151928135139399
446.00000000000006,ic1_flux_xminus,-x,-0.008187135194768463,-1.955635638769331e-17,2.3886690426450656e-15,-0.008187135194768465
447.00000000000006,ic1_flux_xminus,-x,-0.008177430651868394,-1.9358967611305238e-17,2.367365549823656e-15,-0.008177430651868394
448.0000000000001,ic1_flux_xminus,-x,-0.008102443110673327,-1.901075436265006e-17,2.346299024007616e-15,-0.008102443110673327
449.00000000000006,ic1_flux_xminus,-x,-0.008037877254118914,-1.869181275170546e-17,2.3254663091710016e-15,-0.008037877254118916
450.0000000000001,ic1_flux_xminus,-x,-0.0079793431258716,-1.8391303094052757e-17,2.3048642982180115e-15,-0.0079793431258716
451.00000000000006,ic1_flux_xminus,-x,-0.007935448758103003,-1.812845279472416e-17,2.2844899321179446e-15,-0.007935448758103003
452.00000000000006,ic1_flux_xminus,-x,-0.007937652521934112,-1.7973545691564036e-17,2.264340199057309e-15,-0.007937652521934112
453.0000000000001,ic1_flux_xminus,-x,-0.008005213661511051,-1.7966998674025783e-17,2.2444121336087315e-15,-0.008005213661511051
454.0000000000001,ic1_flux_xminus,-x,-0.008054368857956924,-1.7918577078725104e-17,2.224702815916273e-15,-0.008054368857956924
455.00000000000017,ic1_flux_xminus,-x,-0.008095462841708825,-1.7852190520283263e-17,2.2052093708968152e-15,-0.008095462841708825
456.0000000000001,ic1_flux_xminus,-x,-0.008163507130122297,-1.7844846711777443e-17,2.1859289674571662e-15,-0.008163507130122295
457.00000000000006,ic1_flux_xminus,-x,-0.008289552624383285,-1.7962290199152854e-17,2.16685881772651e-15,-0.008289552624383285
458.0000000000001,ic1_flux_xminus,-x,-0.008484466607907892,-1.8224601831764374e-17,2.147996176303912e-15,-0.008484466607907892
459.00000000000006,ic1_flux_xminus,-x,-0.008712588450066583,-1.8552048623190442e-17,2.1293383395205208e-15,-0.008712588450066582
460.0000000000001,ic1_flux_xminus,-x,-0.008887279826800874,-1.876000474512998e-17,2.1108826447161572e-15,-0.008887279826800874
461.00000000000006,ic1_flux_xminus,-x,-0.008955225552144928,-1.8739942031029777e-17,2.092626469529988e-15,-0.008955225552144928
462.00000000000017,ic1_flux_xminus,-x,-0.008835026333996958,-1.832885611934292e-17,2.0745672312049533e-15,-0.008835026333996958
463.0000000000001,ic1_flux_xminus,-x,-0.008883850138240215,-1.8271435775347415e-17,2.0567023859057094e-15,-0.008883850138240215
464.00000000000006,ic1_flux_xminus,-x,-0.008816116604102534,-1.7976321196882727e-17,2.0390294280497083e-15,-0.008816116604102534
465.00000000000017,ic1_flux_xminus,-x,-0.008703814150825703,-1.759515972088985e-17,2.021545889651223e-15,-0.008703814150825702
466.0000000000001,ic1_flux_xminus,-x,-0.008605026268765305,-1.7246618217084604e-17,2.004249339677988e-15,-0.008605026268765305
467.0000000000001,ic1_flux_xminus,-x,-0.008574598862510083,-1.7038905947525983e-17,1.9871373834201852e-15,-0.008574598862510083
468.00000000000006,ic1_flux_xminus,-x,-0.00859023720239829,-1.6924551153459085e-17,1.970207661871544e-15,-0.00859023720239829
469.00000000000006,ic1_flux_xminus,-x,-0.008683430183029505,-1.6962714865711136e-17,1.953457851122277e-15,-0.008683430183029505
470.00000000000006,ic1_flux_xminus,-x,-0.00882985279396939,-1.7102415272122518e-17,1.9368856617635934e-15,-0.008829852793969391
471.0,ic1_flux_xminus,-x,-0.009014028830093751,-1.73113417563416e-17,1.920488838303566e-15,-0.009014028830093751
472.0000000000001,ic1_flux_xminus,-x,-0.009191423587480851,-1.7502907695519663e-17,1.904265158594088e-15,-0.009191423587480851
473.0,ic1_flux_xminus,-x,-0.009298113126950705,-1.755681281224742e-17,1.88821243326872e-15,-0.009298113126950705
474.00000000000006,ic1_flux_xminus,-x,-0.0093472799949515,-1.7501178780550698e-17,1.8723285051911517e-15,-0.0093472799949515
475.0,ic1_flux_xminus,-x,-0.009374971433015496,-1.7405677420784878e-17,1.8566112489140965e-15,-0.009374971433015496
476.00000000000006,ic1_flux_xminus,-x,-0.009459183515830237,-1.7414910878425577e-17,1.8410585701483838e-15,-0.009459183515830237
476.99999999999994,ic1_flux_xminus,-x,-0.009561219562246528,-1.7455616470375565e-17,1.825668405242035e-15,-0.009561219562246526
478.0000000000001,ic1_flux_xminus,-x,-0.009678302367884334,-1.752197335716128e-17,1.8104387206691044e-15,-0.009678302367884334
479.0000000000001,ic1_flux_xminus,-x,-0.009829394345985863,-1.7647375276610707e-17,1.7953675125281303e-15,-0.009829394345985863
480.00000000000006,ic1_flux_xminus,-x,-0.009967383127031536,-1.774645525749782e-17,1.7804528060499094e-15,-0.009967383127031536
481.00000000000006,ic1_flux_xminus,-x,-0.01006579505295842,-1.7773100392896494e-17,1.7656926551144943e-15,-0.01006579505295842
482.0000000000001,ic1_flux_xminus,-x,-0.01012426458857717,-1.772844929247821e-17,1.7510851417771673e-15,-0.01012426458857717
483.00000000000006,ic1_flux_xminus,-x,-0.01014848115638401,-1.762414034748072e-17,1.7366283758032173e-15,-0.010148481156384009
484.00000000000006,ic1_flux_xminus,-x,-0.010155806050442898,-1.7491552895913295e-17,1.7223204942113368e-15,-0.010155806050442898
485.0000000000001,ic1_flux_xminus,-x,-0.010160315840004205,-1.7355441659141345e-17,1.708159660825481e-15,-0.010160315840004205
486.0000000000001,ic1_flux_xminus,-x,-0.0102891420527697,-1.7431288951232987e-17,1.6941440658349854e-15,-0.0102891420527697
487.00000000000006,ic1_flux_xminus,-x,-0.01034196245556647,-1.7377309167244395e-17,1.6802719253627934e-15,-0.01034196245556647
488.00000000000006,ic1_flux_xminus,-x,-0.010465331801203234,-1.744090955956923e-17,1.6665414810416228e-15,-0.010465331801203234
489.0000000000001,ic1_flux_xminus,-x,-0.010518736692426976,-1.738695633025434e-17,1.6529509995979056e-15,-0.010518736692426978
490.00000000000006,ic1_flux_xminus,-x,-0.010519231174405485,-1.7246266597485676e-17,1.639498772443356e-15,-0.010519231174405485
491.00000000000006,ic1_flux_xminus,-x,-0.010494942146995404,-1.7066697715221238e-17,1.6261831152739858e-15,-0.010494942146995404
492.0000000000001,ic1_flux_xminus,-x,-0.010482138139177038,-1.690771363680415e-17,1.613002367676447e-15,-0.010482138139177038
493.0000000000001,ic1_flux_xminus,-x,-0.010459669571450418,-1.6734999507301843e-17,1.599954892741534e-15,-0.01045966957145042
494.00000000000006,ic1_flux_xminus,-x,-0.010426918462086147,-1.654792704873589e-17,1.5870390766847036e-15,-0.010426918462086147
495.0000000000001,ic1_flux_xminus,-x,-0.010392650834144099,-1.6360665167313953e-17,1.574253328473472e-15,-0.010392650834144099
496.0000000000002,ic1_flux_xminus,-x,-0.010376887990344703,-1.62045076027341e-17,1.5615960794615664e-15,-0.010376887990344702
497.00000000000017,ic1_flux_xminus,-x,-0.01037967564951727,-1.6078800387613377e-17,1.5490657830296612e-15,-0.01037967564951727
498.00000000000006,ic1_flux_xminus,-x,-0.010436128350171601,-1.6036790531623465e-17,1.5366609142326017e-15,-0.010436128350171601
499.0000000000001,ic1_flux_xminus,-x,-0.010566425570226544,-1.6107247487968935e-17,1.524379969452962e-15,-0.010566425570226544
500.00000000000006,ic1_flux_xminus,-x,-0.010591449750696449,-1.6016617669707867e-17,1.5122214660608366e-15,-0.010591449750696449
400.00000000000006,ic1_flux_xplus,+x,0.004360063162474983,1.6097121844911538e-17,3.691946938625089e-15,0.004360063162474983
401.0000000000001,ic1_flux_xplus,+x,0.004439276987473866,1.6226698581795664e-17,3.655257067216554e-15,0.004439276987473866
402.0000000000001,ic1_flux_xplus,+x,0.004717601957153491,1.7073104500457407e-17,3.619021836839957e-15,0.004717601957153492
403.0000000000001,ic1_flux_xplus,+x,0.004762900269194466,1.7066588582829537e-17,3.5832345038196555e-15,0.004762900269194467
404.00000000000006,ic1_flux_xplus,+x,0.004715539692044716,1.673020876597389e-17,3.5478884408922163e-15,0.004715539692044716
405.00000000000017,ic1_flux_xplus,+x,0.004727816188181772,1.6608710167165556e-17,3.5129771349154225e-15,0.004727816188181772
406.00000000000006,ic1_flux_xplus,+x,0.004705580529151618,1.6368334505952216e-17,3.4784941846279072e-15,0.004705580529151618
407.0000000000001,ic1_flux_xplus,+x,0.004815812848036369,1.6587746132918797e-17,3.4444332984580984e-15,0.004815812848036369
408.00000000000006,ic1_flux_xplus,+x,0.004956210403424201,1.690458441857806e-17,3.4107882923813796e-15,0.004956210403424202
409.0,ic1_flux_xplus,+x,0.0050917060093849595,1.719750735429106e-17,3.3775530878241718e-15,0.0050917060093849595
410.00000000000017,ic1_flux_xplus,+x,0.005171755953950012,1.729808441600144e-17,3.3447217096138784e-15,0.005171755953950012
411.0,ic1_flux_xplus,+x,0.005206320335162115,1.7244833848770956e-17,3.3122882839735953e-15,0.0052063203351621155
412.0000000000001,ic1_flux_xplus,+x,0.005446520878834789,1.7865933972362007e-17,3.280247036560372e-15,0.005446520878834788
413.0000000000001,ic1_flux_xplus,+x,0.005745777769707169,1.866568936586234e-17,3.248592290546181e-15,0.005745777769707169
414.00000000000006,ic1_flux_xplus,+x,0.005927548255776433,1.9070810453949102e-17,3.217318464740372e-15,0.0059275482557764325
415.0000000000001,ic1_flux_xplus,+x,0.006033532313473811,1.922536846722157e-17,3.186420071752719e-15,0.006033532313473811
416.0,ic1_flux_xplus,+x,0.0059879372979328785,1.8897281715647998e-17,3.1558917161960944e-15,0.005987937297932879
417.00000000000006,ic1_flux_xplus,+x,0.0058743693060231425,1.8361681168068944e-17,3.1257280929277357e-15,0.0058743693060231425
418.00000000000006,ic1_flux_xplus,+x,0.005840191848929475,1.808079002401966e-17,3.0959239853283118e-15,0.005840191848929474
419.0000000000001,ic1_flux_xplus,+x,0.005887610538313638,1.8054206189943535e-17,3.06647426361777e-15,0.005887610538313637
420.00000000000017,ic1_flux_xplus,+x,0.006039156257391322,1.834317549280757e-17,3.037373883207172e-15,0.006039156257391322
421.00000000000006,ic1_flux_xplus,+x,0.0061565931789303065,1.852283633701269e-17,3.008617883085624e-15,0.0061565931789303065
422.00000000000006,ic1_flux_xplus,+x,0.006218800467251285,1.8533277760823827e-17,2.9802013842414774e-15,0.006218800467251285
423.0,ic1_flux_xplus,+x,0.006268153219732913,1.8504337901292458e-17,2.952119588117046e-15,0.006268153219732912
424.00000000000006,ic1_flux_xplus,+x,0.006410501117087717,1.8746662889027864e-17,2.924367775095943e-15,0.006410501117087717
425.0,ic1_flux_xplus,+x,0.0066404308279148635,1.9236938335249808e-17,2.8969413030224013e-15,0.0066404308279148635
426.00000000000006,ic1_flux_xplus,+x,0.006904649378557967,1.9815208631817085e-17,2.869835605751712e-15,0.006904649378557967
427.00000000000017,ic1_flux_xplus,+x,0.0069885622923159,1.9868805410844604e-17,2.8430461917311456e-15,0.0069885622923159
428.0,ic1_flux_xplus,+x,0.007131593678325766,2.0086623126212342e-17,2.8165686426106004e-15,0.007131593678325766
429.0000000000001,ic1_flux_xplus,+x,0.007220250425954971,2.014737676602712e-17,2.7903986118822702e-15,0.00722025042595497
430.00000000000006,ic1_flux_xplus,+x,0.007192991629251036,1.9885254265584138e-17,2.7645318235487326e-15,0.007192991629251037
431.0000000000001,ic1_flux_xplus,+x,0.007159538685037812,1.9609719221955177e-17,2.7389640708187066e-15,0.007159538685037813
432.0000000000001,ic1_flux_xplus,+x,0.007157278275343928,1.9422643177893837e-17,2.713691214829917e-15,0.007157278275343928
433.0000000000001,ic1_flux_xplus,+x,0.007203239042669217,1.9367414964238622e-17,2.6887091833983998e-15,0.007203239042669217
434.0000000000001,ic1_flux_xplus,+x,0.007287441303967396,1.9413845437820467e-17,2.6640139697936598e-15,0.007287441303967396
435.0,ic1_flux_xplus,+x,0.007371189455491433,1.945700371309882e-17,2.6396016315390758e-15,0.007371189455491433
436.0000000000001,ic1_flux_xplus,+x,0.007412812368708766,1.9387975684421472e-17,2.6154682892369843e-15,0.007412812368708765
437.0000000000001,ic1_flux_xplus,+x,0.007362623053240191,1.9081048454412478e-17,2.5916101254178923e-15,0.007362623053240191
438.00000000000006,ic1_flux_xplus,+x,0.007503539795299055,1.926926565269968e-17,2.568023383413228e-15,0.007503539795299055
439.00000000000006,ic1_flux_xplus,+x,0.007664940347499478,1.950500716933648e-17,2.5447043662511434e-15,0.007664940347499478
440.00000000000006,ic1_flux_xplus,+x,0.007800682217925864,1.967058591193127e-17,2.5216494355748177e-15,0.007800682217925864
441.0000000000001,ic1_flux_xplus,+x,0.007862705344799601,1.9647760647588405e-17,2.4988550105827697e-15,0.0078627053447996
442.0000000000001,ic1_flux_xplus,+x,0.007953459965287457,1.9695292630398278e-17,2.476317566990663e-15,0.007953459965287457
443.0000000000001,ic1_flux_xplus,+x,0.008063114276619635,1.9787153645850326e-17,2.45403363601413e-15,0.008063114276619637
444.00000000000006,ic1_flux_xplus,+x,0.008090442413951574,1.9675954359924e-17,2.4319998033721584e-15,0.008090442413951574
445.00000000000006,ic1_flux_xplus,+x,0.008190385771520817,1.9740571872485447e-17,2.4102127083105582e-15,0.008190385771520816
446.00000000000006,ic1_flux_xplus,+x,0.008234618590413335,1.966977850490988e-17,2.3886690426450656e-15,0.008234618590413335
447.00000000000006,ic1_flux_xplus,+x,0.008234299309388352,1.949359651198271e-17,2.367365549823656e-15,0.008234299309388352
448.0000000000001,ic1_flux_xplus,+x,0.008166553014616183,1.91611753677004e-17,2.346299024007616e-15,0.008166553014616182
449.00000000000006,ic1_flux_xplus,+x,0.008095896716207527,1.8826735056068753e-17,2.3254663091710016e-15,0.008095896716207529
450.0000000000001,ic1_flux_xplus,+x,0.008032388733435822,1.851356602110482e-17,2.3048642982180115e-15,0.008032388733435822
451.00000000000006,ic1_flux_xplus,+x,0.007970368857527351,1.820822741028764e-17,2.2844899321179446e-15,0.007970368857527351
452.00000000000006,ic1_flux_xplus,+x,0.007960030628072644,1.8024217336872282e-17,2.264340199057309e-15,0.007960030628072642
453.0000000000001,ic1_flux_xplus,+x,0.008023329622945764,1.800765835768184e-17,2.2444121336087315e-15,0.008023329622945764
454.0000000000001,ic1_flux_xplus,+x,0.008064068704234609,1.7940156354053023e-17,2.224702815916273e-15,0.008064068704234609
455.00000000000017,ic1_flux_xplus,+x,0.008097619003924098,1.7856945309405555e-17,2.2052093708968152e-15,0.008097619003924098
456.0000000000001,ic1_flux_xplus,+x,0.00816539493166832,1.784897331186171e-17,2.1859289674571662e-15,0.00816539493166832
457.00000000000006,ic1_flux_xplus,+x,0.00828934303402561,1.7961836046438214e-17,2.16685881772651e-15,0.00828934303402561
458.0000000000001,ic1_flux_xplus,+x,0.008492503379318022,1.8241864786023157e-17,2.147996176303912e-15,0.00849250337931802
459.00000000000006,ic1_flux_xplus,+x,0.008724714859483925,1.8577869851683512e-17,2.1293383395205208e-15,0.008724714859483923
460.0000000000001,ic1_flux_xplus,+x,0.008891080607509948,1.8768027747165136e-17,2.1108826447161572e-15,0.008891080607509948
461.00000000000006,ic1_flux_xplus,+x,0.008946081576970567,1.8720807106543185e-17,2.092626469529988e-15,0.008946081576970567
462.00000000000017,ic1_flux_xplus,+x,0.008820675585442068,1.8299084526647682e-17,2.0745672312049533e-15,0.008820675585442068
463.0000000000001,ic1_flux_xplus,+x,0.008864591188865817,1.8231825848219056e-17,2.0567023859057094e-15,0.008864591188865817
464.00000000000006,ic1_flux_xplus,+x,0.008801436332751739,1.7946387691586702e-17,2.0390294280497083e-15,0.00880143633275174
465.00000000000017,ic1_flux_xplus,+x,0.008694282728659656,1.757589151358755e-17,2.021545889651223e-15,0.008694282728659656
466.0000000000001,ic1_flux_xplus,+x,0.008591262925830557,1.7219033046095874e-17,2.004249339677988e-15,0.008591262925830557
467.0000000000001,ic1_flux_xplus,+x,0.008557574285642517,1.7005075774395532e-17,1.9871373834201852e-15,0.008557574285642517
468.00000000000006,ic1_flux_xplus,+x,0.008569058300556449,1.6882824318780265e-17,1.970207661871544e-15,0.008569058300556449
469.00000000000006,ic1_flux_xplus,+x,0.008663630584484786,1.6924037184484884e-17,1.953457851122277e-15,0.008663630584484786
470.00000000000006,ic1_flux_xplus,+x,0.00881733821211769,1.7078175957970993e-17,1.9368856617635934e-15,0.00881733821211769
471.0,ic1_flux_xplus,+x,0.009006291448112916,1.7296482200609716e-17,1.920488838303566e-15,0.009006291448112916
472.0000000000001,ic1_flux_xplus,+x,0.009179556626459444,1.7480309855108203e-17,1.904265158594088e-15,0.009179556626459444
473.0,ic1_flux_xplus,+x,0.009276756200077922,1.7516486397389816e-17,1.88821243326872e-15,0.009276756200077922
474.00000000000006,ic1_flux_xplus,+x,0.009321076462791998,1.7452117160351768e-17,1.8723285051911517e-15,0.009321076462791997
475.0,ic1_flux_xplus,+x,0.009350245105693156,1.735977024333389e-17,1.8566112489140965e-15,0.009350245105693157
476.00000000000006,ic1_flux_xplus,+x,0.00943797383601833,1.7375862615637762e-17,1.8410585701483838e-15,0.00943797383601833
476.99999999999994,ic1_flux_xplus,+x,0.009552453301647957,1.7439612185368638e-17,1.825668405242035e-15,0.009552453301647957
478.0000000000001,ic1_flux_xplus,+x,0.009681950602696806,1.752857826272787e-17,1.8104387206691044e-15,0.009681950602696807
479.0000000000001,ic1_flux_xplus,+x,0.009840452628707497,1.766722895815348e-17,1.7953675125281303e-15,0.009840452628707499
480.00000000000006,ic1_flux_xplus,+x,0.009977632121818505,1.7764703109025473e-17,1.7804528060499094e-15,0.009977632121818507
481.00000000000006,ic1_flux_xplus,+x,0.010070024444141616,1.7780568197844268e-17,1.7656926551144943e-15,0.010070024444141614
482.0000000000001,ic1_flux_xplus,+x,0.010122581212146986,1.7725501557023293e-17,1.7510851417771673e-15,0.010122581212146984
483.00000000000006,ic1_flux_xplus,+x,0.010140359088275073,1.7610035333532533e-17,1.7366283758032173e-15,0.010140359088275073
484.00000000000006,ic1_flux_xplus,+x,0.01014031927366267,1.7464879702875433e-17,1.7223204942113368e-15,0.010140319273662669
485.0000000000001,ic1_flux_xplus,+x,0.01014410018612679,1.7327742733314037e-17,1.708159660825481e-15,0.01014410018612679
486.0000000000001,ic1_flux_xplus,+x,0.010277208619503129,1.741107199607939e-17,1.6941440658349854e-15,0.010277208619503129
487.00000000000006,ic1_flux_xplus,+x,0.0103251218461305,1.7349012364003138e-17,1.6802719253627934e-15,0.010325121846130502
488.00000000000006,ic1_flux_xplus,+x,0.010457200525019228,1.742735845051478e-17,1.6665414810416228e-15,0.010457200525019228
489.0000000000001,ic1_flux_xplus,+x,0.010504439100750681,1.7363323111801164e-17,1.6529509995979056e-15,0.010504439100750683
490.00000000000006,ic1_flux_xplus,+x,0.01051287830224667,1.723585107137981e-17,1.639498772443356e-15,0.010512878302246672
491.00000000000006,ic1_flux_xplus,+x,0.010493519604362053,1.7064384400410125e-17,1.6261831152739858e-15,0.010493519604362051
492.0000000000001,ic1_flux_xplus,+x,0.0104842010527531,1.6911041121286648e-17,1.613002367676447e-15,0.010484201052753099
493.0000000000001,ic1_flux_xplus,+x,0.010466147707153088,1.6745364232215172e-17,1.599954892741534e-15,0.010466147707153088
494.00000000000006,ic1_flux_xplus,+x,0.010435539176454891,1.656160845930802e-17,1.5870390766847036e-15,0.01043553917645489
495.0000000000001,ic1_flux_xplus,+x,0.01040118268253096,1.6374096458035e-17,1.574253328473472e-15,0.010401182682530959
496.0000000000002,ic1_flux_xplus,+x,0.010384812335531303,1.6216882229109796e-17,1.5615960794615664e-15,0.010384812335531303
497.00000000000017,ic1_flux_xplus,+x,0.01038735459819476,1.609069558425932e-17,1.5490657830296612e-15,0.01038735459819476
498.00000000000006,ic1_flux_xplus,+x,0.010447944901130312,1.6054948563622755e-17,1.5366609142326017e-15,0.010447944901130312
499.0000000000001,ic1_flux_xplus,+x,0.010590295544817446,1.614363439910666e-17,1.524379969452962e-15,0.010590295544817448
500.00000000000006,ic1_flux_xplus,+x,0.010635185649133743,1.60827560341622e-17,1.5122214660608366e-15,0.010635185649133743
400.00000000000006,ic1_flux_yminus,-y,-0.002951332297791713,-1.0896162241697463e-17,3.691946938625089e-15,-0.002951332297791713
401.0000000000001,ic1_flux_yminus,-y,-0.003196632751499071,-1.1684514456212876e-17,3.655257067216554e-15,-0.0031966327514990705
402.0000000000001,ic1_flux_yminus,-y,-0.003361853648864582,-1.2166621767501013e-17,3.619021836839957e-15,-0.003361853648864582
403.0000000000001,ic1_flux_yminus,-y,-0.0033340286133966284,-1.19466063642448e-17,3.5832345038196555e-15,-0.003334028613396628
404.00000000000006,ic1_flux_yminus,-y,-0.0031778339984993216,-1.1274600510350036e-17,3.5478884408922163e-15,-0.0031778339984993216
405.00000000000017,ic1_flux_yminus,-y,-0.002974248165635839,-1.044846579944284e-17,3.5129771349154225e-15,-0.002974248165635839
406.00000000000006,ic1_flux_yminus,-y,-0.0030014774168526754,-1.0440621739814026e-17,3.4784941846279072e-15,-0.003001477416852676
407.0000000000001,ic1_flux_yminus,-y,-0.003104659084010042,-1.069379112932461e-17,3.4444332984580984e-15,-0.0031046590840100425
408.00000000000006,ic1_flux_yminus,-y,-0.0031572884331680555,-1.0768842423520754e-17,3.4107882923813796e-15,-0.0031572884331680555
409.0,ic1_flux_yminus,-y,-0.0032639051655652448,-1.1024012970320155e-17,3.3775530878241718e-15,-0.0032639051655652443
410.00000000000017,ic1_flux_yminus,-y,-0.003392150147261991,-1.1345798239817095e-17,3.3447217096138784e-15,-0.003392150147261991
411.0,ic1_flux_yminus,-y,-0.0035222087428284712,-1.166657075258011e-17,3.3122882839735953e-15,-0.003522208742828471
412.0000000000001,ic1_flux_yminus,-y,-0.0036931137132912677,-1.2114325313704153e-17,3.280247036560372e-15,-0.003693113713291268
413.0000000000001,ic1_flux_yminus,-y,-0.003985841251451455,-1.2948373160806136e-17,3.248592290546181e-15,-0.003985841251451454
414.00000000000006,ic1_flux_yminus,-y,-0.003946596412149067,-1.2697457509685296e-17,3.217318464740372e-15,-0.003946596412149067
415.0000000000001,ic1_flux_yminus,-y,-0.004011079877910772,-1.278098543237833e-17,3.186420071752719e-15,-0.004011079877910773
416.0,ic1_flux_yminus,-y,-0.004067780793409723,-1.2837475709223323e-17,3.1558917161960944e-15,-0.004067780793409723
417.00000000000006,ic1_flux_yminus,-y,-0.0040103685025783264,-1.2535321491501612e-17,3.1257280929277357e-15,-0.0040103685025783264
418.00000000000006,ic1_flux_yminus,-y,-0.0040261742625972,-1.2464729468686199e-17,3.0959239853283118e-15,-0.0040261742625972
419.0000000000001,ic1_flux_yminus,-y,-0.004095553073827075,-1.2558908096171374e-17,3.06647426361777e-15,-0.004095553073827075
420.00000000000017,ic1_flux_yminus,-y,-0.004125163057405471,-1.2529662534534426e-17,3.037373883207172e-15,-0.004125163057405471
421.00000000000006,ic1_flux_yminus,-y,-0.0041670860196124995,-1.2537169518962258e-17,3.008617883085624e-15,-0.0041670860196124995
422.00000000000006,ic1_flux_yminus,-y,-0.004346367699850684,-1.2953051035517455e-17,2.9802013842414774e-15,-0.004346367699850684
423.0,ic1_flux_yminus,-y,-0.004445760144059782,-1.3124415605348944e-17,2.952119588117046e-15,-0.004445760144059783
424.00000000000006,ic1_flux_yminus,-y,-0.0044613077310232735,-1.304650456339086e-17,2.924367775095943e-15,-0.0044613077310232735
425.0,ic1_flux_yminus,-y,-0.004487358414879508,-1.299961393352958e-17,2.8969413030224013e-15,-0.004487358414879508
426.00000000000006,ic1_flux_yminus,-y,-0.0044997018503405775,-1.291340458537425e-17,2.869835605751712e-15,-0.0044997018503405775
427.00000000000017,ic1_flux_yminus,-y,-0.004442714364443308,-1.2630842154779805e-17,2.8430461917311456e-15,-0.004442714364443308
428.0,ic1_flux_yminus,-y,-0.004474031394734825,-1.260141653246548e-17,2.8165686426106004e-15,-0.004474031394734825
429.0000000000001,ic1_flux_yminus,-y,-0.0045707554563255565,-1.2754229680584146e-17,2.7903986118822702e-15,-0.0045707554563255565
430.00000000000006,ic1_flux_yminus,-y,-0.004629376495815917,-1.279805864587162e-17,2.7645318235487326e-15,-0.004629376495815917
431.0000000000001,ic1_flux_yminus,-y,-0.004562249890938821,-1.2495838533377993e-17,2.7389640708187066e-15,-0.004562249890938821
432.0000000000001,ic1_flux_yminus,-y,-0.00452899615524162,-1.2290297078477656e-17,2.713691214829917e-15,-0.00452899615524162
433.0000000000001,ic1_flux_yminus,-y,-0.004537045882319541,-1.2198796929292443e-17,2.6887091833983998e-15,-0.00453704588231954
434.0000000000001,ic1_flux_yminus,-y,-0.0047800920479307875,-1.2734231992587203e-17,2.6640139697936598e-15,-0.0047800920479307875
435.0,ic1_flux_yminus,-y,-0.005195807820471596,-1.3714862800080316e-17,2.6396016315390758e-15,-0.005195807820471596
436.0000000000001,ic1_flux_yminus,-y,-0.005587503883569986,-1.4613939223465796e-17,2.6154682892369843e-15,-0.005587503883569985
437.0000000000001,ic1_flux_yminus,-y,-0.005918484109830545,-1.533840334616174e-17,2.5916101254178923e-15,-0.005918484109830545
438.00000000000006,ic1_flux_yminus,-y,-0.006069893005139244,-1.5587627172013967e-17,2.568023383413228e-15,-0.006069893005139244
439.00000000000006,ic1_flux_yminus,-y,-0.006161881238899141,-1.568016609294765e-17,2.5447043662511434e-15,-0.006161881238899141
440.00000000000006,ic1_flux_yminus,-y,-0.006312274506141933,-1.5917343445606118e-17,2.5216494355748177e-15,-0.006312274506141934
441.0000000000001,ic1_flux_yminus,-y,-0.0063875413288779085,-1.5961539654971082e-17,2.4988550105827697e-15,-0.006387541328877908
442.0000000000001,ic1_flux_yminus,-y,-0.006383485232763311,-1.5807536620517266e-17,2.476317566990663e-15,-0.006383485232763311
443.0000000000001,ic1_flux_yminus,-y,-0.006460332862179312,-1.5853874143635472e-17,2.45403363601413e-15,-0.006460332862179314
444.00000000000006,ic1_flux_yminus,-y,-0.0064037143659044305,-1.5573832078731042e-17,2.4319998033721584e-15,-0.0064037143659044305
445.00000000000006,ic1_flux_yminus,-y,-0.0062311111345432135,-1.501830324337147e-17,2.4102127083105582e-15,-0.006231111134543213
446.00000000000006,ic1_flux_yminus,-y,-0.006079007252371614,-1.4520736433754914e-17,2.3886690426450656e-15,-0.006079007252371614
447.00000000000006,ic1_flux_yminus,-y,-0.006055191398981913,-1.433485151553829e-17,2.367365549823656e-15,-0.006055191398981912
448.0000000000001,ic1_flux_yminus,-y,-0.006042769400633788,-1.4178143947010142e-17,2.346299024007616e-15,-0.006042769400633788
449.00000000000006,ic1_flux_yminus,-y,-0.005883027150851909,-1.3680781435244383e-17,2.3254663091710016e-15,-0.005883027150851909
450.0000000000001,ic1_flux_yminus,-y,-0.005761635328662668,-1.3279787568386181e-17,2.3048642982180115e-15,-0.005761635328662668
451.00000000000006,ic1_flux_yminus,-y,-0.005733396769760386,-1.3097887197355148e-17,2.2844899321179446e-15,-0.0057333967697603865
452.00000000000006,ic1_flux_yminus,-y,-0.005755487265600377,-1.3032381180661362e-17,2.264340199057309e-15,-0.005755487265600376
453.0000000000001,ic1_flux_yminus,-y,-0.005965770213943799,-1.338964705449702e-17,2.2444121336087315e-15,-0.005965770213943799
454.0000000000001,ic1_flux_yminus,-y,-0.006094625032454997,-1.3558729471656438e-17,2.224702815916273e-15,-0.006094625032454996
455.00000000000017,ic1_flux_yminus,-y,-0.006205690489464355,-1.368484682025204e-17,2.2052093708968152e-15,-0.006205690489464355
456.0000000000001,ic1_flux_yminus,-y,-0.006337552834666118,-1.3853440324086944e-17,2.1859289674571662e-15,-0.006337552834666118
457.00000000000006,ic1_flux_yminus,-y,-0.006476939448356372,-1.4034613355551682e-17,2.16685881772651e-15,-0.006476939448356372
458.0000000000001,ic1_flux_yminus,-y,-0.006658244309546019,-1.4301883317802128e-17,2.147996176303912e-15,-0.006658244309546019
459.00000000000006,ic1_flux_yminus,-y,-0.0067899306021009164,-1.4458059553737133e-17,2.1293383395205208e-15,-0.006789930602100916
460.0000000000001,ic1_flux_yminus,-y,-0.006866051370289607,-1.449342867527392e-17,2.1108826447161572e-15,-0.006866051370289606
461.00000000000006,ic1_flux_yminus,-y,-0.006948063410792144,-1.4539701405396452e-17,2.092626469529988e-15,-0.006948063410792144
462.00000000000017,ic1_flux_yminus,-y,-0.007075591711393637,-1.4678790705842614e-17,2.0745672312049533e-15,-0.007075591711393637
463.0000000000001,ic1_flux_yminus,-y,-0.007014392992007874,-1.442651880234288e-17,2.0567023859057094e-15,-0.007014392992007873
464.00000000000006,ic1_flux_yminus,-y,-0.007083833016494273,-1.444414398402196e-17,2.0390294280497083e-15,-0.007083833016494274
465.00000000000017,ic1_flux_yminus,-y,-0.007162406607641986,-1.4479133637689416e-17,2.021545889651223e-15,-0.007162406607641985
466.0000000000001,ic1_flux_yminus,-y,-0.0071310630734515565,-1.4292428456167368e-17,2.004249339677988e-15,-0.007131063073451557
467.0000000000001,ic1_flux_yminus,-y,-0.00698921454248362,-1.3888529498113206e-17,1.9871373834201852e-15,-0.006989214542483619
468.00000000000006,ic1_flux_yminus,-y,-0.006960044860975593,-1.3712733712063779e-17,1.970207661871544e-15,-0.006960044860975593
469.00000000000006,ic1_flux_yminus,-y,-0.00696612039312234,-1.3608022573807838e-17,1.953457851122277e-15,-0.00696612039312234
470.00000000000006,ic1_flux_yminus,-y,-0.006875325165959366,-1.3316718733909095e-17,1.9368856617635934e-15,-0.006875325165959366
471.0,ic1_flux_yminus,-y,-0.0067729852273535115,-1.300744253112736e-17,1.920488838303566e-15,-0.0067729852273535115
472.0000000000001,ic1_flux_yminus,-y,-0.006768050574076764,-1.2888162899817095e-17,1.904265158594088e-15,-0.006768050574076763
473.0,ic1_flux_yminus,-y,-0.006803019622198325,-1.2845546234405948e-17,1.88821243326872e-15,-0.006803019622198325
474.00000000000006,ic1_flux_yminus,-y,-0.006935665907852032,-1.2985844981753825e-17,1.8723285051911517e-15,-0.00693566590785203
475.0,ic1_flux_yminus,-y,-0.007046615814520404,-1.3082826188014553e-17,1.8566112489140965e-15,-0.007046615814520405
476.00000000000006,ic1_flux_yminus,-y,-0.007015114654302797,-1.2915236954877681e-17,1.8410585701483838e-15,-0.007015114654302797
476.99999999999994,ic1_flux_yminus,-y,-0.006933031091200912,-1.2657415815766215e-17,1.825668405242035e-15,-0.006933031091200912
478.0000000000001,ic1_flux_yminus,-y,-0.006905801066684669,-1.2502529648363928e-17,1.8104387206691044e-15,-0.006905801066684669
479.0000000000001,ic1_flux_yminus,-y,-0.006864339292689358,-1.2324011761064799e-17,1.7953675125281303e-15,-0.0068643392926893585
480.00000000000006,ic1_flux_yminus,-y,-0.006822566780093637,-1.2147258168080612e-17,1.7804528060499094e-15,-0.006822566780093638
481.00000000000006,ic1_flux_yminus,-y,-0.00678711588224449,-1.1983960662690027e-17,1.7656926551144943e-15,-0.00678711588224449
482.0000000000001,ic1_flux_yminus,-y,-0.006772782995519609,-1.1859719671935443e-17,1.7510851417771673e-15,-0.006772782995519609
483.00000000000006,ic1_flux_yminus,-y,-0.006823977016259109,-1.1850712122264541e-17,1.7366283758032173e-15,-0.006823977016259109
484.00000000000006,ic1_flux_yminus,-y,-0.007005009190194709,-1.2064870890411107e-17,1.7223204942113368e-15,-0.007005009190194709
485.0000000000001,ic1_flux_yminus,-y,-0.007364553184759766,-1.2579832670210458e-17,1.708159660825481e-15,-0.007364553184759766
486.0000000000001,ic1_flux_yminus,-y,-0.007260999867386805,-1.2301179837361972e-17,1.6941440658349854e-15,-0.007260999867386805
487.00000000000006,ic1_flux_yminus,-y,-0.007378213909846883,-1.2397405692036967e-17,1.6802719253627934e-15,-0.007378213909846883
488.00000000000006,ic1_flux_yminus,-y,-0.007486489517159282,-1.2476545327729213e-17,1.6665414810416228e-15,-0.007486489517159282
489.0000000000001,ic1_flux_yminus,-y,-0.00745959174899448,-1.2330339638092714e-17,1.6529509995979056e-15,-0.00745959174899448
490.00000000000006,ic1_flux_yminus,-y,-0.0075543485149610935,-1.2385345116888002e-17,1.639498772443356e-15,-0.0075543485149610935
491.00000000000006,ic1_flux_yminus,-y,-0.0076770872256678785,-1.248434962086671e-17,1.6261831152739858e-15,-0.0076770872256678785
492.0000000000001,ic1_flux_yminus,-y,-0.007760258356125308,-1.2517315102211055e-17,1.613002367676447e-15,-0.007760258356125308
493.0000000000001,ic1_flux_yminus,-y,-0.007874043003244898,-1.2598113628698917e-17,1.599954892741534e-15,-0.007874043003244898
494.00000000000006,ic1_flux_yminus,-y,-0.008005757229447052,-1.2705449561583539e-17,1.5870390766847036e-15,-0.00800575722944705
495.0000000000001,ic1_flux_yminus,-y,-0.00811684949972069,-1.2777977341653532e-17,1.574253328473472e-15,-0.008116849499720689
496.0000000000002,ic1_flux_yminus,-y,-0.008164968061018412,-1.275038211301526e-17,1.5615960794615664e-15,-0.008164968061018412
497.00000000000017,ic1_flux_yminus,-y,-0.008117824191734624,-1.2575043688066522e-17,1.5490657830296612e-15,-0.008117824191734624
498.00000000000006,ic1_flux_yminus,-y,-0.007957309002787018,-1.2227685727054012e-17,1.5366609142326017e-15,-0.007957309002787018
499.0000000000001,ic1_flux_yminus,-y,-0.007801783869685129,-1.1892883056949228e-17,1.524379969452962e-15,-0.007801783869685128
500.00000000000006,ic1_flux_yminus,-y,-0.007698693121280629,-1.1642128998615471e-17,1.5122214660608366e-15,-0.007698693121280629
400.00000000000006,ic1_flux_yplus,+y,0.002934173382606083,1.083281243730775e-17,3.691946938625089e-15,0.002934173382606083
401.0000000000001,ic1_flux_yplus,+y,0.0031425720858046743,1.1486908825875001e-17,3.655257067216554e-15,0.003142572085804674
402.0000000000001,ic1_flux_yplus,+y,0.003299416026450357,1.1940658648543565e-17,3.619021836839957e-15,0.0032994160264503574
403.0000000000001,ic1_flux_yplus,+y,0.0032744600608802144,1.1733158271525393e-17,3.5832345038196555e-15,0.003274460060880214
404.00000000000006,ic1_flux_yplus,+y,0.0031005593315814022,1.1000438612818153e-17,3.5478884408922163e-15,0.0031005593315814022
405.00000000000017,ic1_flux_yplus,+y,0.0028464935382682644,9.999666714620912e-18,3.5129771349154225e-15,0.0028464935382682644
406.00000000000006,ic1_flux_yplus,+y,0.002896814368543276,1.0076551934924349e-17,3.4784941846279072e-15,0.002896814368543276
407.0000000000001,ic1_flux_yplus,+y,0.00308105010782483,1.0612471585609759e-17,3.4444332984580984e-15,0.00308105010782483
408.00000000000006,ic1_flux_yplus,+y,0.00308635304324002,1.0526896826038702e-17,3.4107882923813796e-15,0.00308635304324002
409.0,ic1_flux_yplus,+y,0.003158808231133035,1.0669042494907791e-17,3.3775530878241718e-15,0.0031588082311330345
410.00000000000017,ic1_flux_yplus,+y,0.0034127791650399755,1.1414796563427131e-17,3.3447217096138784e-15,0.0034127791650399755
411.0,ic1_flux_yplus,+y,0.0036064025335248093,1.1945444859086916e-17,3.3122882839735953e-15,0.003606402533524809
412.0000000000001,ic1_flux_yplus,+y,0.0037257596519442954,1.2221412057226479e-17,3.280247036560372e-15,0.0037257596519442954
413.0000000000001,ic1_flux_yplus,+y,0.0038530817455275307,1.2517091653364958e-17,3.248592290546181e-15,0.0038530817455275307
414.00000000000006,ic1_flux_yplus,+y,0.0037977798114109214,1.2218667112270564e-17,3.217318464740372e-15,0.0037977798114109214
415.0000000000001,ic1_flux_yplus,+y,0.003877338867612794,1.2354830392748365e-17,3.186420071752719e-15,0.003877338867612794
416.0,ic1_flux_yplus,+y,0.003948993202280807,1.2462594934392689e-17,3.1558917161960944e-15,0.003948993202280808
417.00000000000006,ic1_flux_yplus,+y,0.00398782346610999,1.2464851837656451e-17,3.1257280929277357e-15,0.00398782346610999
418.00000000000006,ic1_flux_yplus,+y,0.004060262528772494,1.2570264149556548e-17,3.0959239853283118e-15,0.004060262528772494
419.0000000000001,ic1_flux_yplus,+y,0.004237153339111921,1.2993121665388804e-17,3.06647426361777e-15,0.004237153339111921
420.00000000000017,ic1_flux_yplus,+y,0.0044020152902394215,1.3370566276051859e-17,3.037373883207172e-15,0.0044020152902394215
421.00000000000006,ic1_flux_yplus,+y,0.004495548361780969,1.3525387195530504e-17,3.008617883085624e-15,0.004495548361780969
422.00000000000006,ic1_flux_yplus,+y,0.004572395146512801,1.3626658344936462e-17,2.9802013842414774e-15,0.004572395146512801
423.0,ic1_flux_yplus,+y,0.004497965136604341,1.327853098643724e-17,2.952119588117046e-15,0.004497965136604341
424.00000000000006,ic1_flux_yplus,+y,0.0044459817724307755,1.3001685823960503e-17,2.924367775095943e-15,0.004445981772430775
425.0,ic1_flux_yplus,+y,0.004368210784035554,1.2654450240580466e-17,2.8969413030224013e-15,0.004368210784035555
426.00000000000006,ic1_flux_yplus,+y,0.004364061194752824,1.2524138202381012e-17,2.869835605751712e-15,0.004364061194752825
427.00000000000017,ic1_flux_yplus,+y,0.004435620586227586,1.2610674215638611e-17,2.8430461917311456e-15,0.004435620586227587
428.0,ic1_flux_yplus,+y,0.004601146610089771,1.2959445262032913e-17,2.8165686426106004e-15,0.004601146610089772
429.0000000000001,ic1_flux_yplus,+y,0.004784194279567838,1.334980907668119e-17,2.7903986118822702e-15,0.004784194279567837
430.00000000000006,ic1_flux_yplus,+y,0.004948689184224728,1.3680808734640677e-17,2.7645318235487326e-15,0.0049486891842247275
431.0000000000001,ic1_flux_yplus,+y,0.004902890992852254,1.3428842272562981e-17,2.7389640708187066e-15,0.004902890992852254
432.0000000000001,ic1_flux_yplus,+y,0.004927535373246558,1.3371809453142842e-17,2.713691214829917e-15,0.004927535373246558
433.0000000000001,ic1_flux_yplus,+y,0.005099723788852633,1.3711674183883356e-17,2.6887091833983998e-15,0.005099723788852633
434.0000000000001,ic1_flux_yplus,+y,0.005321036417178197,1.4175315349143522e-17,2.6640139697936598e-15,0.005321036417178198
435.0,ic1_flux_yplus,+y,0.005550646509422083,1.4651495582367205e-17,2.6396016315390758e-15,0.005550646509422083
436.0000000000001,ic1_flux_yplus,+y,0.005690154652799405,1.4882419055251126e-17,2.6154682892369843e-15,0.005690154652799405
437.0000000000001,ic1_flux_yplus,+y,0.0058600986164827765,1.5187090910424146e-17,2.5916101254178923e-15,0.0058600986164827765
438.00000000000006,ic1_flux_yplus,+y,0.005938902927778958,1.5251241590357646e-17,2.568023383413228e-15,0.005938902927778958
439.00000000000006,ic1_flux_yplus,+y,0.006022843905134293,1.5326357182644324e-17,2.5447043662511434e-15,0.006022843905134294
440.00000000000006,ic1_flux_yplus,+y,0.0062041053433225055,1.5644578737235908e-17,2.5216494355748177e-15,0.006204105343322506
441.0000000000001,ic1_flux_yplus,+y,0.006381424703156604,1.5946255094139544e-17,2.4988550105827697e-15,0.006381424703156604
442.0000000000001,ic1_flux_yplus,+y,0.0064461620040820716,1.596274421037617e-17,2.476317566990663e-15,0.0064461620040820716
443.0000000000001,ic1_flux_yplus,+y,0.006541414803398474,1.6052851954660615e-17,2.45403363601413e-15,0.006541414803398475
444.00000000000006,ic1_flux_yplus,+y,0.0062050147000406375,1.5090594530420183e-17,2.4319998033721584e-15,0.0062050147000406375
445.00000000000006,ic1_flux_yplus,+y,0.005968760013745992,1.4385981237986493e-17,2.4102127083105582e-15,0.005968760013745992
446.00000000000006,ic1_flux_yplus,+y,0.005877979078190526,1.404054665738909e-17,2.3886690426450656e-15,0.005877979078190526
447.00000000000006,ic1_flux_yplus,+y,0.005915229380724101,1.4003510255230956e-17,2.367365549823656e-15,0.005915229380724101
448.0000000000001,ic1_flux_yplus,+y,0.0058156275662764245,1.364520128274616e-17,2.346299024007616e-15,0.0058156275662764245
449.00000000000006,ic1_flux_yplus,+y,0.0056571732991396485,1.3155565912291017e-17,2.3254663091710016e-15,0.0056571732991396485
450.0000000000001,ic1_flux_yplus,+y,0.005494863517853796,1.2664914745881844e-17,2.3048642982180115e-15,0.005494863517853796
451.00000000000006,ic1_flux_yplus,+y,0.005419679277350012,1.2381202744414361e-17,2.2844899321179446e-15,0.005419679277350012
452.00000000000006,ic1_flux_yplus,+y,0.0054799803842905375,1.2408539874194583e-17,2.264340199057309e-15,0.0054799803842905375
453.0000000000001,ic1_flux_yplus,+y,0.005718717858847461,1.2835159751082186e-17,2.2444121336087315e-15,0.005718717858847461
454.0000000000001,ic1_flux_yplus,+y,0.005840265628504214,1.2992855389432344e-17,2.224702815916273e-15,0.005840265628504213
455.00000000000017,ic1_flux_yplus,+y,0.005897373942905272,1.3004944282577407e-17,2.2052093708968152e-15,0.005897373942905272
456.0000000000001,ic1_flux_yplus,+y,0.006016634484471398,1.3151935606207741e-17,2.1859289674571662e-15,0.006016634484471398
457.00000000000006,ic1_flux_yplus,+y,0.0062183824658379305,1.347435687809684e-17,2.16685881772651e-15,0.006218382465837931
458.0000000000001,ic1_flux_yplus,+y,0.006454540558827758,1.3864328440160539e-17,2.147996176303912e-15,0.006454540558827758
459.00000000000006,ic1_flux_yplus,+y,0.006621884081551314,1.4100231654707842e-17,2.1293383395205208e-15,0.006621884081551313
460.0000000000001,ic1_flux_yplus,+y,0.006720010517791602,1.4185153574316328e-17,2.1108826447161572e-15,0.0067200105177916015
461.00000000000006,ic1_flux_yplus,+y,0.0067537173338998654,1.4133007660642358e-17,2.092626469529988e-15,0.006753717333899865
462.00000000000017,ic1_flux_yplus,+y,0.0068202168266804425,1.4148998338343877e-17,2.0745672312049533e-15,0.006820216826680442
463.0000000000001,ic1_flux_yplus,+y,0.006728794551258575,1.3839127807842847e-17,2.0567023859057094e-15,0.006728794551258574
464.00000000000006,ic1_flux_yplus,+y,0.0068463636609438355,1.3959936979794617e-17,2.0390294280497083e-15,0.006846363660943836
465.00000000000017,ic1_flux_yplus,+y,0.007045177635956483,1.424214989183055e-17,2.021545889651223e-15,0.007045177635956483
466.0000000000001,ic1_flux_yplus,+y,0.007115348910226852,1.4260933354900662e-17,2.004249339677988e-15,0.007115348910226853
467.0000000000001,ic1_flux_yplus,+y,0.007020836520437359,1.395136671264277e-17,1.9871373834201852e-15,0.007020836520437358
468.00000000000006,ic1_flux_yplus,+y,0.006992718486808452,1.3777107540020802e-17,1.970207661871544e-15,0.006992718486808453
469.00000000000006,ic1_flux_yplus,+y,0.006966228488526123,1.3608233733623027e-17,1.953457851122277e-15,0.006966228488526123
470.00000000000006,ic1_flux_yplus,+y,0.006870415449449175,1.3307209174397183e-17,1.9368856617635934e-15,0.006870415449449175
471.0,ic1_flux_yplus,+y,0.00683118027056229,1.3119205462054411e-17,1.920488838303566e-15,0.00683118027056229
472.0000000000001,ic1_flux_yplus,+y,0.006897483190821853,1.313463692227043e-17,1.904265158594088e-15,0.0068974831908218525
473.0,ic1_flux_yplus,+y,0.006951930479410674,1.3126721566443008e-17,1.88821243326872e-15,0.006951930479410674
474.00000000000006,ic1_flux_yplus,+y,0.007064041218683765,1.3226205735586855e-17,1.8723285051911517e-15,0.007064041218683765
475.0,ic1_flux_yplus,+y,0.007108220852464392,1.319720279445114e-17,1.8566112489140965e-15,0.0071082208524643935
476.00000000000006,ic1_flux_yplus,+y,0.0070675426566289045,1.3011759977875921e-17,1.8410585701483838e-15,0.0070675426566289045
476.99999999999994,ic1_flux_yplus,+y,0.007040743089593726,1.2854062208097455e-17,1.825668405242035e-15,0.007040743089593725
478.0000000000001,ic1_flux_yplus,+y,0.007041054027853174,1.2747396846348547e-17,1.8104387206691044e-15,0.007041054027853175
479.0000000000001,ic1_flux_yplus,+y,0.007002328211130911,1.2571752582323657e-17,1.7953675125281303e-15,0.007002328211130912
480.00000000000006,ic1_flux_yplus,+y,0.006957236994674277,1.2387032129522057e-17,1.7804528060499094e-15,0.006957236994674278
481.00000000000006,ic1_flux_yplus,+y,0.00693622188241483,1.2247236032024295e-17,1.7656926551144943e-15,0.006936221882414829
482.0000000000001,ic1_flux_yplus,+y,0.006962364182215694,1.2191692471119441e-17,1.7510851417771673e-15,0.006962364182215695
483.00000000000006,ic1_flux_yplus,+y,0.007035311323776386,1.2217721277479768e-17,1.7366283758032173e-15,0.007035311323776387
484.00000000000006,ic1_flux_yplus,+y,0.007171466008487395,1.2351562879957814e-17,1.7223204942113368e-15,0.007171466008487395
485.0000000000001,ic1_flux_yplus,+y,0.0074764641625772385,1.2770994488121799e-17,1.708159660825481e-15,0.0074764641625772385
486.0000000000001,ic1_flux_yplus,+y,0.007305748053574459,1.2376989711448666e-17,1.6941440658349854e-15,0.00730574805357446
487.00000000000006,ic1_flux_yplus,+y,0.0072765341978891325,1.2226556126655383e-17,1.6802719253627934e-15,0.007276534197889133
488.00000000000006,ic1_flux_yplus,+y,0.007407309677114433,1.2344588839832232e-17,1.6665414810416228e-15,0.007407309677114433
489.0000000000001,ic1_flux_yplus,+y,0.007394110509579931,1.2222102357947526e-17,1.6529509995979056e-15,0.007394110509579931
490.00000000000006,ic1_flux_yplus,+y,0.007496342226083328,1.2290243877478911e-17,1.639498772443356e-15,0.007496342226083328
491.00000000000006,ic1_flux_yplus,+y,0.007629643861843438,1.2407198023683605e-17,1.6261831152739858e-15,0.007629643861843438
492.0000000000001,ic1_flux_yplus,+y,0.007733225630981668,1.2473711252549617e-17,1.613002367676447e-15,0.007733225630981668
493.0000000000001,ic1_flux_yplus,+y,0.007882608781221358,1.2611818487082491e-17,1.599954892741534e-15,0.007882608781221358
494.00000000000006,ic1_flux_yplus,+y,0.00806971751114042,1.2806957027986678e-17,1.5870390766847036e-15,0.00806971751114042
495.0000000000001,ic1_flux_yplus,+y,0.008242205786107841,1.2975319892743578e-17,1.574253328473472e-15,0.008242205786107841
496.0000000000002,ic1_flux_yplus,+y,0.008309388305028165,1.2975908199855771e-17,1.5615960794615664e-15,0.008309388305028163
497.00000000000017,ic1_flux_yplus,+y,0.008271607992350036,1.2813264911584112e-17,1.5490657830296612e-15,0.008271607992350036
498.00000000000006,ic1_flux_yplus,+y,0.008176442635971375,1.2564419816162195e-17,1.5366609142326017e-15,0.008176442635971374
499.0000000000001,ic1_flux_yplus,+y,0.008107919601605944,1.2359550234623141e-17,1.524379969452962e-15,0.008107919601605944
500.00000000000006,ic1_flux_yplus,+y,0.008045166008052008,1.2166072735399216e-17,1.5122214660608366e-15,0.008045166008052008
