FWHM_nm,T448,T449,T450,T450_10deg,T450_20deg,T450_30deg,T450_40deg,T450_50deg,T450_60deg,T451,T452,T453,TE_TM_split_20deg,TE_TM_split_40deg,Tpeak,added_defect_thickness_nm,blue_448_453_mean,blue_448_453_min,candidate_id,compiled_layer_sequence,complex_index_reconstruction,defect_material_id,duplicate_group_id,effective_central_L_thickness_nm,energy_max,extrapolation_policy,failed_conditions,family_rank,gate_pass,geometry,global_rank,high_index_material_id,interpolation_axis,interpolation_method,interpolation_source_quantity,logical_layer_sequence,low_index_material_id,material_model,material_policy_id,normal_to_40_60_ratio,objective,peak_count,peak_error_nm,peak_wavelength_nm,physical_sequence_hash,propagation_direction,proposed_role,topology_id,total_layer_count_compiled,total_layer_count_logical,total_thickness_nm
7.0,0.6681482818262252,0.790466363690852,0.8290683495427855,0.5940258593944131,0.12947103691905973,0.035997455005367114,0.018072529948405545,0.01580813996400709,0.022434947474972496,0.759825491327226,0.6296594571907187,0.4955685419627265,0.05231123367137329,0.02428512114810188,0.8290683495427855,,0.6954560809234223,0.4955685419627265,EX_N3_L79_H46_C153,L79 H46 L79 H46 L79 H46 L153 H46 L79 H46 L79 H46 L79,physical_principal_square_root,APCD_SIO2_NATIVE_M1,DUP_2561dbf0df7e52e0,,1.000000000000001,forbidden,,1,true,"{""N"": 3, ""L_nm"": 79, ""H_nm"": 46, ""C_nm"": 153}",,APCD_TIO2_NATIVE_M1,frequency_hz,linear,complex_epsilon,L79 H46 L79 H46 L79 H46 L153 H46 L79 H46 L79 H46 L79,APCD_SIO2_NATIVE_M1,native_m1,MDC_NATIVE_M1,41.203954925369274,FAB,1,0.0,450.0,2561dbf0df7e52e0,GaN -> reverse(stack) -> Air,,Explicit,13.0,13,903
7.0,0.6420127569369722,0.7715985920911423,0.8292014086183932,0.6240047082537556,0.13698356437204628,0.03751924210851989,0.01867895457679053,0.016244767955637267,0.022881900270173956,0.778763298274809,0.6560948937906739,0.5203195478939807,0.055380504019982096,0.02519429704824575,0.8292014086183932,,0.6996650829343286,0.5203195478939807,EX_N3_L77_H47_C152,L77 H47 L77 H47 L77 H47 L152 H47 L77 H47 L77 H47 L77,physical_principal_square_root,APCD_SIO2_NATIVE_M1,DUP_f40cf8fe9825d714,,1.000000000000001,forbidden,,2,true,"{""N"": 3, ""L_nm"": 77, ""H_nm"": 47, ""C_nm"": 152}",,APCD_TIO2_NATIVE_M1,frequency_hz,linear,complex_epsilon,L77 H47 L77 H47 L77 H47 L152 H47 L77 H47 L77 H47 L77,APCD_SIO2_NATIVE_M1,native_m1,MDC_NATIVE_M1,40.891289177035624,FAB,1,0.0,450.0,f40cf8fe9825d714,GaN -> reverse(stack) -> Air,,Explicit,13.0,13,896
7.0,0.6575094561848384,0.7841390956211369,0.8299740160751793,0.5991842709643977,0.1288207147671131,0.035754510359410074,0.01810208765020796,0.016113795011784057,0.023530803161787406,0.766329284183829,0.6377247081192798,0.5027569234724436,0.04942655903180651,0.024106811600170933,0.8299740160751793,,0.6964055806094512,0.5027569234724436,EX_N3_L80_H45_C155,L80 H45 L80 H45 L80 H45 L155 H45 L80 H45 L80 H45 L80,physical_principal_square_root,APCD_SIO2_NATIVE_M1,DUP_6de29261bf740127,,1.000000000000002,forbidden,,3,true,"{""N"": 3, ""L_nm"": 80, ""H_nm"": 45, ""C_nm"": 155}",,APCD_TIO2_NATIVE_M1,frequency_hz,linear,complex_epsilon,L80 H45 L80 H45 L80 H45 L155 H45 L80 H45 L80 H45 L80,APCD_SIO2_NATIVE_M1,native_m1,MDC_NATIVE_M1,40.42517468593452,FAB,1,0.0,450.0,6de29261bf740127,GaN -> reverse(stack) -> Air,,Explicit,13.0,13,905
4.5,0.7542915113313251,0.9764777957203074,0.9117192359253061,0.3868757937240397,0.06071056186763914,0.018518320308957205,0.011835340970558467,0.014847160875165504,0.031713290468316,0.6539227894111181,0.4347988718863401,0.2945912349888151,0.029025163074291253,0.01861438592196575,0.9857064185728525,79,0.6709669065438687,0.2945912349888151,ZL1_N3_M1_L79_H44,H44 L79 H44 L79 H44 L158 H44 L79 H44 L79 H44 L79,physical_principal_square_root,APCD_SIO2_NATIVE_M1,DUP_d9bd914fcbe8b6aa,158,1.0000000000000016,forbidden,,1,true,"{""N"": 3, ""M_added"": 1, ""L_nm"": 79, ""H_nm"": 44, ""effective_central_L_thickness_nm"": 158, ""added_defect_thickness_nm"": 79}",,APCD_TIO2_NATIVE_M1,frequency_hz,linear,complex_epsilon,H44 L79 H44 L79 H44 L79 L79 H44 L79 H44 L79 H44 L79,APCD_SIO2_NATIVE_M1,native_m1,MDC_NATIVE_M1,37.77564958343716,FAB,1,-0.5,449.5,d9bd914fcbe8b6aa,GaN -> reverse(stack) -> Air,,ZL-1,12.0,13,817
4.0,0.7406968277640451,0.9706762941972602,0.9227433421658371,0.39450799994059277,0.06124360446294119,0.01870227934624386,0.01208049619960198,0.015452831639682774,0.03375144579874601,0.6691633334737782,0.4464994766134224,0.30268481481533627,0.02793785686545864,0.018898328555604936,0.9888911659943678,80,0.6754106815049465,0.30268481481533627,ZL1_N3_M1_L80_H43,H43 L80 H43 L80 H43 L160 H43 L80 H43 L80 H43 L80,physical_principal_square_root,APCD_SIO2_NATIVE_M1,DUP_3c433232d47fccd1,160,1.0000000000000013,forbidden,,2,true,"{""N"": 3, ""M_added"": 1, ""L_nm"": 80, ""H_nm"": 43, ""effective_central_L_thickness_nm"": 160, ""added_defect_thickness_nm"": 80}",,APCD_TIO2_NATIVE_M1,frequency_hz,linear,complex_epsilon,H43 L80 H43 L80 H43 L80 L80 H43 L80 H43 L80 H43 L80,APCD_SIO2_NATIVE_M1,native_m1,MDC_NATIVE_M1,36.62779365858159,FAB,1,-0.5,449.5,3c433232d47fccd1,GaN -> reverse(stack) -> Air,,ZL-1,12.0,13,818
4.0,0.7301813499148695,0.9651028832925748,0.9322651661745648,0.403030703424592,0.06215489075171792,0.019020546258861966,0.012420139227319448,0.016201926629614824,0.03617704653803889,0.6842391596669457,0.4589246236137536,0.3116806177834074,0.026965694487739014,0.019318439744552593,0.9908821050992099,81,0.6803989667410192,0.3116806177834074,ZL1_N3_M1_L81_H42,H42 L81 H42 L81 H42 L162 H42 L81 H42 L81 H42 L81,physical_principal_square_root,APCD_SIO2_NATIVE_M1,DUP_5d171567a8168718,162,1.000000000000001,forbidden,,3,true,"{""N"": 3, ""M_added"": 1, ""L_nm"": 81, ""H_nm"": 42, ""effective_central_L_thickness_nm"": 162, ""added_defect_thickness_nm"": 81}",,APCD_TIO2_NATIVE_M1,frequency_hz,linear,complex_epsilon,H42 L81 H42 L81 H42 L81 L81 H42 L81 H42 L81 H42 L81,APCD_SIO2_NATIVE_M1,native_m1,MDC_NATIVE_M1,35.21988481201218,FAB,1,-0.5,449.5,5d171567a8168718,GaN -> reverse(stack) -> Air,,ZL-1,12.0,13,819
8.5,0.7608499366142765,0.8247877061762433,0.8101067830876909,0.5790016435500352,0.15500990342905,0.04946567138898461,0.028666163706081715,0.029965044365424832,0.05022452174600835,0.7271136881978353,0.6141914471316123,0.5029174132220976,0.057482261781945265,0.041312606443140026,0.8276619524179517,,0.7066611624049592,0.5029174132220976,ZL2_N3_L79_H44,H44 L79 H44 L79 H44 L158 H44 L79 H44 L79 H44,physical_principal_square_root,APCD_SIO2_NATIVE_M1,DUP_ef676f186b8ff324,,1.000000000000001,forbidden,,1,true,"{""N"": 3, ""L_nm"": 79, ""H_nm"": 44, ""defect_origin"": ""natural_L_L_interface"", ""effective_defect_thickness_nm"": 158}",,APCD_TIO2_NATIVE_M1,frequency_hz,linear,complex_epsilon,H44 L79 H44 L79 H44 L79 L79 H44 L79 H44 L79 H44,APCD_SIO2_NATIVE_M1,native_m1,MDC_NATIVE_M1,20.759839167692796,FAB,1,-0.5,449.5,ef676f186b8ff324,GaN -> reverse(stack) -> Air,,ZL-2,11.0,12,738
8.5,0.7497160158454854,0.8214965958623341,0.8166617090394421,0.5928170195552988,0.15774998052519,0.05004629740002316,0.029115147640179487,0.030777100716192822,0.05221539387345542,0.7406522551561245,0.6300949518030818,0.5180743391094927,0.055458047447808245,0.041652262393549466,0.8293696644406363,,0.7127826444693267,0.5180743391094927,ZL2_N3_L80_H43,H43 L80 H43 L80 H43 L160 H43 L80 H43 L80 H43,physical_principal_square_root,APCD_SIO2_NATIVE_M1,DUP_a8da3200487dd4dc,,1.000000000000001,forbidden,,2,true,"{""N"": 3, ""L_nm"": 80, ""H_nm"": 43, ""defect_origin"": ""natural_L_L_interface"", ""effective_defect_thickness_nm"": 160}",,APCD_TIO2_NATIVE_M1,frequency_hz,linear,complex_epsilon,H43 L80 H43 L80 H43 L80 L80 H43 L80 H43 L80 H43,APCD_SIO2_NATIVE_M1,native_m1,MDC_NATIVE_M1,20.459366736238902,FAB,1,-0.5,449.5,a8da3200487dd4dc,GaN -> reverse(stack) -> Air,,ZL-2,11.0,12,738
8.5,0.7395731028132604,0.8180320607265692,0.8225422413716958,0.6073359084237311,0.1612467854221638,0.05091569497551273,0.029742598769008387,0.0317914971813574,0.05456177955290108,0.7539159092240597,0.6464069864795154,0.5341218680739667,0.05348724453638229,0.042214911841541136,0.8305276034611899,,0.7190986947815112,0.5341218680739667,ZL2_N3_L81_H42,H42 L81 H42 L81 H42 L162 H42 L81 H42 L81 H42,physical_principal_square_root,APCD_SIO2_NATIVE_M1,DUP_7d497fb3b67a8d9f,,1.000000000000001,forbidden,,3,true,"{""N"": 3, ""L_nm"": 81, ""H_nm"": 42, ""defect_origin"": ""natural_L_L_interface"", ""effective_defect_thickness_nm"": 162}",,APCD_TIO2_NATIVE_M1,frequency_hz,linear,complex_epsilon,H42 L81 H42 L81 H42 L81 L81 H42 L81 H42 L81 H42,APCD_SIO2_NATIVE_M1,native_m1,MDC_NATIVE_M1,20.043382496757904,FAB,1,-0.5,449.5,7d497fb3b67a8d9f,GaN -> reverse(stack) -> Air,simplified_natural_defect_control,ZL-2,11.0,12,738
7.5,0.6198603709487449,0.7565278321831518,0.8278414914430887,0.6334988806105813,0.13504240658437083,0.036846764040842674,0.01866401280344909,0.016823841483883786,0.025109717925129598,0.7895377745647765,0.6711649923531109,0.5341455660841076,0.04907783866984186,0.024739707840487235,0.8278414914430887,,0.6998463379294967,0.5341455660841076,EX_N3_L79_H45_C156,L79 H45 L79 H45 L79 H45 L156 H45 L79 H45 L79 H45 L79,physical_principal_square_root,APCD_SIO2_NATIVE_M1,DUP_1c082b664c72940c,,1.0000000000000013,forbidden,,,,"{""N"": 3, ""L_nm"": 79, ""H_nm"": 45, ""C_nm"": 156}",,APCD_TIO2_NATIVE_M1,frequency_hz,linear,complex_epsilon,L79 H45 L79 H45 L79 H45 L156 H45 L79 H45 L79 H45 L79,APCD_SIO2_NATIVE_M1,native_m1,MDC_NATIVE_M1,39.359849393385474,,1,0.0,450.0,1c082b664c72940c,GaN -> reverse(stack) -> Air,primary_fab_baseline,Explicit,13,13,900
0.0,0.026598425485898525,0.09563228133728123,0.8337421340904254,0.02203055329145129,0.0015097522742917547,0.0004281568147467255,0.0003184536211573464,0.0005702226901739682,0.0023483310146376626,0.10290364422389128,0.028146116700305285,0.012781944178061338,0.0011781433443104868,0.00057224861814844,0.8337421340904254,,0.1833007576693105,0.012781944178061338,EX_N5_L82_H45_C153,L82 H45 L82 H45 L82 H45 L82 H45 L82 H45 L153 H45 L82 H45 L82 H45 L82 H45 L82 H45 L82,physical_principal_square_root,APCD_SIO2_NATIVE_M1,DUP_b93ee4b4eb1b85e4,,1.0000000000000018,forbidden,,,,"{""N"": 5, ""L_nm"": 82, ""H_nm"": 45, ""C_nm"": 153}",,APCD_TIO2_NATIVE_M1,frequency_hz,linear,complex_epsilon,L82 H45 L82 H45 L82 H45 L82 H45 L82 H45 L153 H45 L82 H45 L82 H45 L82 H45 L82 H45 L82,APCD_SIO2_NATIVE_M1,native_m1,MDC_NATIVE_M1,398.9421724673084,,1,0.0,450.0,b93ee4b4eb1b85e4,GaN -> reverse(stack) -> Air,,Explicit,21,21,1423
0.0,0.023669689051729642,0.08024953233427656,0.7685517237579924,0.02326877208001336,0.0015267320093846392,0.0004386889895840389,0.00033709733788677256,0.0006347722185971716,0.0028121321572640726,0.11781115633074035,0.029972334830377506,0.013269931908315916,0.0011573863113512536,0.0006051952921699896,0.7685517237579924,,0.1722540613689054,0.013269931908315916,EX_N5_L81_H45_C154,L81 H45 L81 H45 L81 H45 L81 H45 L81 H45 L154 H45 L81 H45 L81 H45 L81 H45 L81 H45 L81,physical_principal_square_root,APCD_SIO2_NATIVE_M1,DUP_866d533f3dc7377c,,1.0000000000000007,forbidden,,,true,"{""N"": 5, ""L_nm"": 81, ""H_nm"": 45, ""C_nm"": 154}",2,APCD_TIO2_NATIVE_M1,frequency_hz,linear,complex_epsilon,L81 H45 L81 H45 L81 H45 L81 H45 L81 H45 L154 H45 L81 H45 L81 H45 L81 H45 L81 H45 L81,APCD_SIO2_NATIVE_M1,native_m1,MDC_NATIVE_M1,343.33542164748684,PERF,1,0.0,450.0,866d533f3dc7377c,GaN -> reverse(stack) -> Air,,Explicit,21.0,21,1414
0.0,0.0232081294313831,0.07892529304699548,0.7658637321685706,0.022712613122389542,0.0015033056224566374,0.0004401815142799069,0.00034985038137782176,0.0006971387980286475,0.003394612563398265,0.11731422501391031,0.029862993029579794,0.013252984709068764,0.0011009316906125353,0.0006269037189874976,0.7658637321685706,,0.17140455956658465,0.013252984709068764,EX_N5_L82_H44_C156,L82 H44 L82 H44 L82 H44 L82 H44 L82 H44 L156 H44 L82 H44 L82 H44 L82 H44 L82 H44 L82,physical_principal_square_root,APCD_SIO2_NATIVE_M1,DUP_501505ea496168a1,,1.0000000000000018,forbidden,,,true,"{""N"": 5, ""L_nm"": 82, ""H_nm"": 44, ""C_nm"": 156}",3,APCD_TIO2_NATIVE_M1,frequency_hz,linear,complex_epsilon,L82 H44 L82 H44 L82 H44 L82 H44 L82 H44 L156 H44 L82 H44 L82 H44 L82 H44 L82 H44 L82,APCD_SIO2_NATIVE_M1,native_m1,MDC_NATIVE_M1,294.18649052934546,PERF,1,0.0,450.0,501505ea496168a1,GaN -> reverse(stack) -> Air,extreme_perf_anchor,Explicit,21.0,21,1416
0.5,0.024215607383569322,0.08118521447088949,0.7604141898089353,0.024392395412230497,0.0015758772102825976,0.0004436965931172006,0.0003295306365675736,0.0005871253174658422,0.002378243811964356,0.12192989214671052,0.03076072850788125,0.013542354012816192,0.0012348627385686218,0.0005926645988795669,0.7604141898089353,,0.1720079977218003,0.013542354012816192,EX_N5_L80_H46_C152,L80 H46 L80 H46 L80 H46 L80 H46 L80 H46 L152 H46 L80 H46 L80 H46 L80 H46 L80 H46 L80,physical_principal_square_root,APCD_SIO2_NATIVE_M1,DUP_3f4e8b007f26e8a7,,1.0000000000000009,forbidden,,,true,"{""N"": 5, ""L_nm"": 80, ""H_nm"": 46, ""C_nm"": 152}",4,APCD_TIO2_NATIVE_M1,frequency_hz,linear,complex_epsilon,L80 H46 L80 H46 L80 H46 L80 H46 L80 H46 L152 H46 L80 H46 L80 H46 L80 H46 L80 H46 L80,APCD_SIO2_NATIVE_M1,native_m1,MDC_NATIVE_M1,392.9136021158754,PERF,1,0.0,450.0,3f4e8b007f26e8a7,GaN -> reverse(stack) -> Air,,Explicit,21.0,21,1412
3.0,0.3398689873537695,0.6155640342940191,0.9604979466108747,0.3599587647152158,0.030965669801530895,0.008470755982970212,0.005710469228307014,0.008680647052522743,0.026646153103051108,0.8494471186883736,0.49805807179904593,0.28492814222199636,0.017214040986132224,0.009305257014035383,0.9799274367425326,234,0.5913940501613466,0.28492814222199636,ZL1_N3_M3_L78_H46,H46 L78 H46 L78 H46 L312 H46 L78 H46 L78 H46 L78,physical_principal_square_root,APCD_SIO2_NATIVE_M1,DUP_25d5d56c8cf538b7,312,1.0000000000000009,forbidden,,1,true,"{""N"": 3, ""M_added"": 3, ""L_nm"": 78, ""H_nm"": 46, ""effective_central_L_thickness_nm"": 312, ""added_defect_thickness_nm"": 234}",,APCD_TIO2_NATIVE_M1,frequency_hz,linear,complex_epsilon,H46 L78 H46 L78 H46 L78 L78 L78 L78 H46 L78 H46 L78 H46 L78,APCD_SIO2_NATIVE_M1,native_m1,MDC_NATIVE_M1,61.66200510952037,PERF,1,0.5,450.5,25d5d56c8cf538b7,GaN -> reverse(stack) -> Air,balanced_primary_candidate,ZL-1,12.0,15,978
